"gbifID","datasetKey","occurrenceID","kingdom","phylum","class","order","family","genus","species","decimalLatitude","decimalLongitude"
"6423107439","50c9509d-22c7-4a22-a47d-8c48425ef4a7","https://www.inaturalist.org/observations/40169313","Animalia","Arthropoda","Malacostraca","Euphausiacea","Euphausiidae","Euphausia","Euphausia pacifica",57.04446,-135.311985
"6191197678","d8cd16ba-bb74-4420-821e-083f2bac17c2","PP032690","Animalia","Arthropoda","Malacostraca","Euphausiacea","Euphausiidae","Euphausia","Euphausia pacifica",56.411996,-146.440928
"6191025686","d8cd16ba-bb74-4420-821e-083f2bac17c2","OQ789809","Animalia","Arthropoda","Malacostraca","Euphausiacea","Euphausiidae","Euphausia","Euphausia pacifica",45.68,-129.805
"6191009245","d8cd16ba-bb74-4420-821e-083f2bac17c2","OQ789810","Animalia","Arthropoda","Malacostraca","Euphausiacea","Euphausiidae","Euphausia","Euphausia pacifica",45.68,-129.805
"6190990139","d8cd16ba-bb74-4420-821e-083f2bac17c2","OR986366","Animalia","Arthropoda","Malacostraca","Euphausiacea","Euphausiidae","Euphausia","Euphausia pacifica",56.467254,-146.373806
"6190973542","d8cd16ba-bb74-4420-821e-083f2bac17c2","OQ789807","Animalia","Arthropoda","Malacostraca","Euphausiacea","Euphausiidae","Euphausia","Euphausia pacifica",49.86,-149.438
"6190960666","d8cd16ba-bb74-4420-821e-083f2bac17c2","OQ789808","Animalia","Arthropoda","Malacostraca","Euphausiacea","Euphausiidae","Euphausia","Euphausia pacifica",45.68,-129.805
"6190954325","d8cd16ba-bb74-4420-821e-083f2bac17c2","OQ789803","Animalia","Arthropoda","Malacostraca","Euphausiacea","Euphausiidae","Euphausia","Euphausia pacifica",48.543,-145.622
"6190927190","d8cd16ba-bb74-4420-821e-083f2bac17c2","OQ789805","Animalia","Arthropoda","Malacostraca","Euphausiacea","Euphausiidae","Euphausia","Euphausia pacifica",41.5,-135.771
"6190887539","d8cd16ba-bb74-4420-821e-083f2bac17c2","OR986363","Animalia","Arthropoda","Malacostraca","Euphausiacea","Euphausiidae","Euphausia","Euphausia pacifica",56.294574,-145.217564
"6190882789","d8cd16ba-bb74-4420-821e-083f2bac17c2","OR986364","Animalia","Arthropoda","Malacostraca","Euphausiacea","Euphausiidae","Euphausia","Euphausia pacifica",56.411996,-146.440928
"6190881618","d8cd16ba-bb74-4420-821e-083f2bac17c2","OR986365","Animalia","Arthropoda","Malacostraca","Euphausiacea","Euphausiidae","Euphausia","Euphausia pacifica",56.238955,-145.393313
"6190815950","d8cd16ba-bb74-4420-821e-083f2bac17c2","OR986362","Animalia","Arthropoda","Malacostraca","Euphausiacea","Euphausiidae","Euphausia","Euphausia pacifica",56.467254,-146.373806
"6190809317","d8cd16ba-bb74-4420-821e-083f2bac17c2","OQ789806","Animalia","Arthropoda","Malacostraca","Euphausiacea","Euphausiidae","Euphausia","Euphausia pacifica",47.659,-138.467
"6190771279","d8cd16ba-bb74-4420-821e-083f2bac17c2","PP032680","Animalia","Arthropoda","Malacostraca","Euphausiacea","Euphausiidae","Euphausia","Euphausia pacifica",56.467254,-146.373806
"6190740828","d8cd16ba-bb74-4420-821e-083f2bac17c2","OQ789804","Animalia","Arthropoda","Malacostraca","Euphausiacea","Euphausiidae","Euphausia","Euphausia pacifica",48.543,-145.622
"6190656915","d8cd16ba-bb74-4420-821e-083f2bac17c2","OR986361","Animalia","Arthropoda","Malacostraca","Euphausiacea","Euphausiidae","Euphausia","Euphausia pacifica",58.019897,-147.734396
"6190612902","d8cd16ba-bb74-4420-821e-083f2bac17c2","PP032681","Animalia","Arthropoda","Malacostraca","Euphausiacea","Euphausiidae","Euphausia","Euphausia pacifica",56.238955,-145.393313
"6190605140","d8cd16ba-bb74-4420-821e-083f2bac17c2","PP032679","Animalia","Arthropoda","Malacostraca","Euphausiacea","Euphausiidae","Euphausia","Euphausia pacifica",56.294574,-145.217564
"6190457402","d8cd16ba-bb74-4420-821e-083f2bac17c2","PP032678","Animalia","Arthropoda","Malacostraca","Euphausiacea","Euphausiidae","Euphausia","Euphausia pacifica",58.019897,-147.734396
"6190448384","d8cd16ba-bb74-4420-821e-083f2bac17c2","PP032677","Animalia","Arthropoda","Malacostraca","Euphausiacea","Euphausiidae","Euphausia","Euphausia pacifica",56.467254,-146.373806
"6190361987","d8cd16ba-bb74-4420-821e-083f2bac17c2","PP032676","Animalia","Arthropoda","Malacostraca","Euphausiacea","Euphausiidae","Euphausia","Euphausia pacifica",58.019897,-147.734396
"6171269555","50c9509d-22c7-4a22-a47d-8c48425ef4a7","https://www.inaturalist.org/observations/340067526","Animalia","Arthropoda","Malacostraca","Euphausiacea","Euphausiidae","Euphausia","Euphausia pacifica",56.975464,-135.668035
"6136590627","ce96d784-0497-4653-9335-9b1e3740d028","9207_STNCPF1_0009_1_47500_","Animalia","Arthropoda","Malacostraca","Euphausiacea","Euphausiidae","Euphausia","Euphausia pacifica",49.35,-123.91
"6136590397","ce96d784-0497-4653-9335-9b1e3740d028","9207_STNCPF2_0008_1_47500_","Animalia","Arthropoda","Malacostraca","Euphausiacea","Euphausiidae","Euphausia","Euphausia pacifica",49.46,-123.5
"6136590303","ce96d784-0497-4653-9335-9b1e3740d028","9207_STNC2_0001_1_47500_","Animalia","Arthropoda","Malacostraca","Euphausiacea","Euphausiidae","Euphausia","Euphausia pacifica",48.42,-124.86
"6136588739","ce96d784-0497-4653-9335-9b1e3740d028","9207_STNC3_0002_1_47500_","Animalia","Arthropoda","Malacostraca","Euphausiacea","Euphausiidae","Euphausia","Euphausia pacifica",48.39,-124.65
"6136586386","ce96d784-0497-4653-9335-9b1e3740d028","9207_STNA3_0004_1_47500_","Animalia","Arthropoda","Malacostraca","Euphausiacea","Euphausiidae","Euphausia","Euphausia pacifica",48.41,-125.73
"6136586360","ce96d784-0497-4653-9335-9b1e3740d028","9207_STNLQ03_0005_1_47500_","Animalia","Arthropoda","Malacostraca","Euphausiacea","Euphausiidae","Euphausia","Euphausia pacifica",50.66,-128.96
"6136584624","ce96d784-0497-4653-9335-9b1e3740d028","9207_STNA2_0003_1_47500_","Animalia","Arthropoda","Malacostraca","Euphausiacea","Euphausiidae","Euphausia","Euphausia pacifica",48.37,-125.93
"6136577770","d161c3e1-fa12-4eb5-8999-cf8e7c9695bb","7106_STNP26_0022_1_90000000001562-8677","Animalia","Arthropoda","Malacostraca","Euphausiacea","Euphausiidae","Euphausia","Euphausia pacifica",50,-145
"6136574272","d161c3e1-fa12-4eb5-8999-cf8e7c9695bb","7909_STNP26_0010_1_90000000001562-28969","Animalia","Arthropoda","Malacostraca","Euphausiacea","Euphausiidae","Euphausia","Euphausia pacifica",50,-145
"6136573949","d161c3e1-fa12-4eb5-8999-cf8e7c9695bb","7106_STNP26_0016_1_90000000001562-8628","Animalia","Arthropoda","Malacostraca","Euphausiacea","Euphausiidae","Euphausia","Euphausia pacifica",50,-145
"6136573821","d161c3e1-fa12-4eb5-8999-cf8e7c9695bb","7106_STNP26_0001_1_90000000001562-8571","Animalia","Arthropoda","Malacostraca","Euphausiacea","Euphausiidae","Euphausia","Euphausia pacifica",50,-145
"6136571987","d161c3e1-fa12-4eb5-8999-cf8e7c9695bb","7501_STNP26_0012_1_90000000001562-16614","Animalia","Arthropoda","Malacostraca","Euphausiacea","Euphausiidae","Euphausia","Euphausia pacifica",50,-145
"6136568253","d161c3e1-fa12-4eb5-8999-cf8e7c9695bb","7905_STNP26_0002_1_90000000001562-27939","Animalia","Arthropoda","Malacostraca","Euphausiacea","Euphausiidae","Euphausia","Euphausia pacifica",50,-145
"6136562908","d161c3e1-fa12-4eb5-8999-cf8e7c9695bb","7605_STNP26_0007_1_90000000001562-19295","Animalia","Arthropoda","Malacostraca","Euphausiacea","Euphausiidae","Euphausia","Euphausia pacifica",50,-145
"6136560215","d161c3e1-fa12-4eb5-8999-cf8e7c9695bb","7301_STNP26_0006_1_90000000001562-11475","Animalia","Arthropoda","Malacostraca","Euphausiacea","Euphausiidae","Euphausia","Euphausia pacifica",50,-145
"6136559698","d161c3e1-fa12-4eb5-8999-cf8e7c9695bb","7905_STNP26_0017_1_90000000001562-28053","Animalia","Arthropoda","Malacostraca","Euphausiacea","Euphausiidae","Euphausia","Euphausia pacifica",50,-145
"6136559496","d161c3e1-fa12-4eb5-8999-cf8e7c9695bb","7605_STNP26_0014_1_90000000001562-19345","Animalia","Arthropoda","Malacostraca","Euphausiacea","Euphausiidae","Euphausia","Euphausia pacifica",50,-145
"6136553308","d161c3e1-fa12-4eb5-8999-cf8e7c9695bb","7306_STNP26_0032_1_90000000001562-13813","Animalia","Arthropoda","Malacostraca","Euphausiacea","Euphausiidae","Euphausia","Euphausia pacifica",50,-145
"6136552157","d161c3e1-fa12-4eb5-8999-cf8e7c9695bb","7605_STNP26_0032_1_90000000001562-19519","Animalia","Arthropoda","Malacostraca","Euphausiacea","Euphausiidae","Euphausia","Euphausia pacifica",50,-145
"6136551641","d161c3e1-fa12-4eb5-8999-cf8e7c9695bb","7905_STNP26_0011_1_90000000001562-27999","Animalia","Arthropoda","Malacostraca","Euphausiacea","Euphausiidae","Euphausia","Euphausia pacifica",50,-145
"6136551074","d161c3e1-fa12-4eb5-8999-cf8e7c9695bb","7106_STNP26_0012_1_90000000001562-8615","Animalia","Arthropoda","Malacostraca","Euphausiacea","Euphausiidae","Euphausia","Euphausia pacifica",50,-145
"6136542687","d161c3e1-fa12-4eb5-8999-cf8e7c9695bb","6903_STNP26_0076_1_90000000001562-2818","Animalia","Arthropoda","Malacostraca","Euphausiacea","Euphausiidae","Euphausia","Euphausia pacifica",50,-145
"6136541067","d161c3e1-fa12-4eb5-8999-cf8e7c9695bb","7106_STNP26_0006_1_90000000001562-8597","Animalia","Arthropoda","Malacostraca","Euphausiacea","Euphausiidae","Euphausia","Euphausia pacifica",50,-145
"6136536602","d161c3e1-fa12-4eb5-8999-cf8e7c9695bb","7905_STNP26_0001_1_90000000001562-27913","Animalia","Arthropoda","Malacostraca","Euphausiacea","Euphausiidae","Euphausia","Euphausia pacifica",50,-145
"6136532122","d161c3e1-fa12-4eb5-8999-cf8e7c9695bb","7106_STNP26_0018_1_90000000001562-8646","Animalia","Arthropoda","Malacostraca","Euphausiacea","Euphausiidae","Euphausia","Euphausia pacifica",50,-145
"6136531975","d161c3e1-fa12-4eb5-8999-cf8e7c9695bb","7309_STNP26_0001_1_90000000001562-14151","Animalia","Arthropoda","Malacostraca","Euphausiacea","Euphausiidae","Euphausia","Euphausia pacifica",50,-145
"6136527496","d161c3e1-fa12-4eb5-8999-cf8e7c9695bb","7804_STNP26_0040_1_90000000001562-24266","Animalia","Arthropoda","Malacostraca","Euphausiacea","Euphausiidae","Euphausia","Euphausia pacifica",50,-145
"6136410220","9d7dfa75-2fce-493d-b586-acc2b5eeae6c","0702_STNNP5_5_1_47450_","Animalia","Arthropoda","Malacostraca","Euphausiacea","Euphausiidae","Euphausia","Euphausia pacifica",51.91,-137.84
"6136404136","9d7dfa75-2fce-493d-b586-acc2b5eeae6c","0802_STNNP8_46_1_47450_","Animalia","Arthropoda","Malacostraca","Euphausiacea","Euphausiidae","Euphausia","Euphausia pacifica",52.62,-141.52
"6136403339","9d7dfa75-2fce-493d-b586-acc2b5eeae6c","0702_STNNP3_3_1_47500_","Animalia","Arthropoda","Malacostraca","Euphausiacea","Euphausiidae","Euphausia","Euphausia pacifica",50.64,-131.78
"6136402664","9d7dfa75-2fce-493d-b586-acc2b5eeae6c","0802_STNNP5_29_1_47450_","Animalia","Arthropoda","Malacostraca","Euphausiacea","Euphausiidae","Euphausia","Euphausia pacifica",51.61,-135.34
"6136400485","9d7dfa75-2fce-493d-b586-acc2b5eeae6c","0702_STNNP5_5_1_47500_","Animalia","Arthropoda","Malacostraca","Euphausiacea","Euphausiidae","Euphausia","Euphausia pacifica",51.91,-137.84
"6136399770","9d7dfa75-2fce-493d-b586-acc2b5eeae6c","0702_STNNP3_3_1_47450_","Animalia","Arthropoda","Malacostraca","Euphausiacea","Euphausiidae","Euphausia","Euphausia pacifica",50.64,-131.78
"6136397825","5e618452-d449-4290-a29c-6564b5fb3154","IOS2015017008201:28","Animalia","Arthropoda","Malacostraca","Euphausiacea","Euphausiidae","Euphausia","Euphausia pacifica",49.882,-124.994
"6136397822","5e618452-d449-4290-a29c-6564b5fb3154","IOS2015017008201:29","Animalia","Arthropoda","Malacostraca","Euphausiacea","Euphausiidae","Euphausia","Euphausia pacifica",49.882,-124.994
"6136397700","5e618452-d449-4290-a29c-6564b5fb3154","HAK2017097000101:9","Animalia","Arthropoda","Malacostraca","Euphausiacea","Euphausiidae","Euphausia","Euphausia pacifica",50.031,-125.099
"6136397696","5e618452-d449-4290-a29c-6564b5fb3154","IOS2012006006106:18","Animalia","Arthropoda","Malacostraca","Euphausiacea","Euphausiidae","Euphausia","Euphausia pacifica",49.368,-124.085
"6136397693","5e618452-d449-4290-a29c-6564b5fb3154","IOS2012006006106:17","Animalia","Arthropoda","Malacostraca","Euphausiacea","Euphausiidae","Euphausia","Euphausia pacifica",49.368,-124.085
"6136397527","5e618452-d449-4290-a29c-6564b5fb3154","IOS2017063006101:22","Animalia","Arthropoda","Malacostraca","Euphausiacea","Euphausiidae","Euphausia","Euphausia pacifica",49.144,-123.614
"6136397526","5e618452-d449-4290-a29c-6564b5fb3154","IOS2017063006101:23","Animalia","Arthropoda","Malacostraca","Euphausiacea","Euphausiidae","Euphausia","Euphausia pacifica",49.144,-123.614
"6136397525","5e618452-d449-4290-a29c-6564b5fb3154","IOS2017063006101:20","Animalia","Arthropoda","Malacostraca","Euphausiacea","Euphausiidae","Euphausia","Euphausia pacifica",49.144,-123.614
"6136397524","5e618452-d449-4290-a29c-6564b5fb3154","IOS2017063006101:21","Animalia","Arthropoda","Malacostraca","Euphausiacea","Euphausiidae","Euphausia","Euphausia pacifica",49.144,-123.614
"6136397485","5e618452-d449-4290-a29c-6564b5fb3154","IOS1998014005801:21","Animalia","Arthropoda","Malacostraca","Euphausiacea","Euphausiidae","Euphausia","Euphausia pacifica",49.466,-124.499
"6136397484","5e618452-d449-4290-a29c-6564b5fb3154","IOS1998014005801:22","Animalia","Arthropoda","Malacostraca","Euphausiacea","Euphausiidae","Euphausia","Euphausia pacifica",49.466,-124.499
"6136397482","5e618452-d449-4290-a29c-6564b5fb3154","IOS1998014005801:20","Animalia","Arthropoda","Malacostraca","Euphausiacea","Euphausiidae","Euphausia","Euphausia pacifica",49.466,-124.499
"6136397479","5e618452-d449-4290-a29c-6564b5fb3154","IOS1998014005801:19","Animalia","Arthropoda","Malacostraca","Euphausiacea","Euphausiidae","Euphausia","Euphausia pacifica",49.466,-124.499
"6136397388","5e618452-d449-4290-a29c-6564b5fb3154","IOS2012005004401:22","Animalia","Arthropoda","Malacostraca","Euphausiacea","Euphausiidae","Euphausia","Euphausia pacifica",49.25,-123.748
"6136397379","5e618452-d449-4290-a29c-6564b5fb3154","IOS2012005004401:21","Animalia","Arthropoda","Malacostraca","Euphausiacea","Euphausiidae","Euphausia","Euphausia pacifica",49.25,-123.748
"6136396251","5e618452-d449-4290-a29c-6564b5fb3154","PBS2009001005901:14","Animalia","Arthropoda","Malacostraca","Euphausiacea","Euphausiidae","Euphausia","Euphausia pacifica",49.017,-123.552
"6136396174","5e618452-d449-4290-a29c-6564b5fb3154","PBS2013010004301:6","Animalia","Arthropoda","Malacostraca","Euphausiacea","Euphausiidae","Euphausia","Euphausia pacifica",49.523,-124.063
"6136396173","5e618452-d449-4290-a29c-6564b5fb3154","PBS2013010004301:7","Animalia","Arthropoda","Malacostraca","Euphausiacea","Euphausiidae","Euphausia","Euphausia pacifica",49.523,-124.063
"6136396171","5e618452-d449-4290-a29c-6564b5fb3154","PBS2013010004301:8","Animalia","Arthropoda","Malacostraca","Euphausiacea","Euphausiidae","Euphausia","Euphausia pacifica",49.523,-124.063
"6136395829","5e618452-d449-4290-a29c-6564b5fb3154","PBS2013010005101:20","Animalia","Arthropoda","Malacostraca","Euphausiacea","Euphausiidae","Euphausia","Euphausia pacifica",49.466,-124.499
"6136395819","5e618452-d449-4290-a29c-6564b5fb3154","PBS2013010005101:19","Animalia","Arthropoda","Malacostraca","Euphausiacea","Euphausiidae","Euphausia","Euphausia pacifica",49.466,-124.499
"6136395752","5e618452-d449-4290-a29c-6564b5fb3154","PBS2009001002701:10","Animalia","Arthropoda","Malacostraca","Euphausiacea","Euphausiidae","Euphausia","Euphausia pacifica",49.889,-124.638
"6136395641","5e618452-d449-4290-a29c-6564b5fb3154","HAK2017097001401:16","Animalia","Arthropoda","Malacostraca","Euphausiacea","Euphausiidae","Euphausia","Euphausia pacifica",50.031,-125.099
"6136395597","5e618452-d449-4290-a29c-6564b5fb3154","IOS2015014003601:23","Animalia","Arthropoda","Malacostraca","Euphausiacea","Euphausiidae","Euphausia","Euphausia pacifica",49.143,-123.441
"6136395596","5e618452-d449-4290-a29c-6564b5fb3154","IOS2015014003601:24","Animalia","Arthropoda","Malacostraca","Euphausiacea","Euphausiidae","Euphausia","Euphausia pacifica",49.143,-123.441
"6136395595","5e618452-d449-4290-a29c-6564b5fb3154","IOS2015014003601:25","Animalia","Arthropoda","Malacostraca","Euphausiacea","Euphausiidae","Euphausia","Euphausia pacifica",49.143,-123.441
"6136395594","5e618452-d449-4290-a29c-6564b5fb3154","IOS2015014003601:26","Animalia","Arthropoda","Malacostraca","Euphausiacea","Euphausiidae","Euphausia","Euphausia pacifica",49.143,-123.441
"6136395593","5e618452-d449-4290-a29c-6564b5fb3154","IOS2015014003601:27","Animalia","Arthropoda","Malacostraca","Euphausiacea","Euphausiidae","Euphausia","Euphausia pacifica",49.143,-123.441
"6136395569","5e618452-d449-4290-a29c-6564b5fb3154","IOS2015022002001:23","Animalia","Arthropoda","Malacostraca","Euphausiacea","Euphausiidae","Euphausia","Euphausia pacifica",49.054,-123.371
"6136395555","5e618452-d449-4290-a29c-6564b5fb3154","IOS2015022002001:24","Animalia","Arthropoda","Malacostraca","Euphausiacea","Euphausiidae","Euphausia","Euphausia pacifica",49.054,-123.371
"6136395401","5e618452-d449-4290-a29c-6564b5fb3154","UBC9999099001301:18","Animalia","Arthropoda","Malacostraca","Euphausiacea","Euphausiidae","Euphausia","Euphausia pacifica",49.25,-123.667
"6136395391","5e618452-d449-4290-a29c-6564b5fb3154","IOS2016047019101:32","Animalia","Arthropoda","Malacostraca","Euphausiacea","Euphausiidae","Euphausia","Euphausia pacifica",49.249,-123.75
"6136395389","5e618452-d449-4290-a29c-6564b5fb3154","IOS2016047019101:33","Animalia","Arthropoda","Malacostraca","Euphausiacea","Euphausiidae","Euphausia","Euphausia pacifica",49.249,-123.75
"6136395359","5e618452-d449-4290-a29c-6564b5fb3154","PBS2017032000101:22","Animalia","Arthropoda","Malacostraca","Euphausiacea","Euphausiidae","Euphausia","Euphausia pacifica",49.342,-123.347
"6136395357","5e618452-d449-4290-a29c-6564b5fb3154","PBS2017032000101:23","Animalia","Arthropoda","Malacostraca","Euphausiacea","Euphausiidae","Euphausia","Euphausia pacifica",49.342,-123.347
"6136395352","5e618452-d449-4290-a29c-6564b5fb3154","PBS2017032000101:20","Animalia","Arthropoda","Malacostraca","Euphausiacea","Euphausiidae","Euphausia","Euphausia pacifica",49.342,-123.347
"6136395351","5e618452-d449-4290-a29c-6564b5fb3154","PBS2017032000101:21","Animalia","Arthropoda","Malacostraca","Euphausiacea","Euphausiidae","Euphausia","Euphausia pacifica",49.342,-123.347
"6136395219","5e618452-d449-4290-a29c-6564b5fb3154","IOS2015022023401:20","Animalia","Arthropoda","Malacostraca","Euphausiacea","Euphausiidae","Euphausia","Euphausia pacifica",49.464,-124.5
"6136395174","5e618452-d449-4290-a29c-6564b5fb3154","IOS2015022023401:18","Animalia","Arthropoda","Malacostraca","Euphausiacea","Euphausiidae","Euphausia","Euphausia pacifica",49.464,-124.5
"6136395173","5e618452-d449-4290-a29c-6564b5fb3154","IOS2015022023401:19","Animalia","Arthropoda","Malacostraca","Euphausiacea","Euphausiidae","Euphausia","Euphausia pacifica",49.464,-124.5
"6136395045","5e618452-d449-4290-a29c-6564b5fb3154","IOS2017049001501:29","Animalia","Arthropoda","Malacostraca","Euphausiacea","Euphausiidae","Euphausia","Euphausia pacifica",49.709,-124.719
"6136395039","5e618452-d449-4290-a29c-6564b5fb3154","IOS2017049001501:27","Animalia","Arthropoda","Malacostraca","Euphausiacea","Euphausiidae","Euphausia","Euphausia pacifica",49.709,-124.719
"6136395038","5e618452-d449-4290-a29c-6564b5fb3154","IOS2017049001501:28","Animalia","Arthropoda","Malacostraca","Euphausiacea","Euphausiidae","Euphausia","Euphausia pacifica",49.709,-124.719
"6136394928","5e618452-d449-4290-a29c-6564b5fb3154","IOS2015022018101:20","Animalia","Arthropoda","Malacostraca","Euphausiacea","Euphausiidae","Euphausia","Euphausia pacifica",49.147,-123.614
"6136394923","5e618452-d449-4290-a29c-6564b5fb3154","IOS2015022018101:21","Animalia","Arthropoda","Malacostraca","Euphausiacea","Euphausiidae","Euphausia","Euphausia pacifica",49.147,-123.614
"6136394842","5e618452-d449-4290-a29c-6564b5fb3154","IOS2017063005501:32","Animalia","Arthropoda","Malacostraca","Euphausiacea","Euphausiidae","Euphausia","Euphausia pacifica",49.055,-123.371
"6136394838","5e618452-d449-4290-a29c-6564b5fb3154","IOS2017063005501:33","Animalia","Arthropoda","Malacostraca","Euphausiacea","Euphausiidae","Euphausia","Euphausia pacifica",49.055,-123.371
"6136394817","5e618452-d449-4290-a29c-6564b5fb3154","IOS2017063005501:31","Animalia","Arthropoda","Malacostraca","Euphausiacea","Euphausiidae","Euphausia","Euphausia pacifica",49.055,-123.371
"6136394620","5e618452-d449-4290-a29c-6564b5fb3154","IOS2017063008001:31","Animalia","Arthropoda","Malacostraca","Euphausiacea","Euphausiidae","Euphausia","Euphausia pacifica",49.403,-123.756
"6136394608","5e618452-d449-4290-a29c-6564b5fb3154","IOS2017063008001:32","Animalia","Arthropoda","Malacostraca","Euphausiacea","Euphausiidae","Euphausia","Euphausia pacifica",49.403,-123.756
"6136394405","5e618452-d449-4290-a29c-6564b5fb3154","IOS2016009010601:31","Animalia","Arthropoda","Malacostraca","Euphausiacea","Euphausiidae","Euphausia","Euphausia pacifica",49.145,-123.614
"6136394396","5e618452-d449-4290-a29c-6564b5fb3154","IOS2016009010601:32","Animalia","Arthropoda","Malacostraca","Euphausiacea","Euphausiidae","Euphausia","Euphausia pacifica",49.145,-123.614
"6136394394","5e618452-d449-4290-a29c-6564b5fb3154","IOS2016009010601:33","Animalia","Arthropoda","Malacostraca","Euphausiacea","Euphausiidae","Euphausia","Euphausia pacifica",49.145,-123.614
"6136394267","5e618452-d449-4290-a29c-6564b5fb3154","PBS2009041033901:32","Animalia","Arthropoda","Malacostraca","Euphausiacea","Euphausiidae","Euphausia","Euphausia pacifica",49.284,-123.993
"6136394266","5e618452-d449-4290-a29c-6564b5fb3154","PBS2009041033901:33","Animalia","Arthropoda","Malacostraca","Euphausiacea","Euphausiidae","Euphausia","Euphausia pacifica",49.284,-123.993
"6136394264","5e618452-d449-4290-a29c-6564b5fb3154","PBS2009041033901:31","Animalia","Arthropoda","Malacostraca","Euphausiacea","Euphausiidae","Euphausia","Euphausia pacifica",49.284,-123.993
"6136394262","5e618452-d449-4290-a29c-6564b5fb3154","IOS2016007007401:34","Animalia","Arthropoda","Malacostraca","Euphausiacea","Euphausiidae","Euphausia","Euphausia pacifica",49.366,-124.084
"6136394261","5e618452-d449-4290-a29c-6564b5fb3154","IOS2016007007401:35","Animalia","Arthropoda","Malacostraca","Euphausiacea","Euphausiidae","Euphausia","Euphausia pacifica",49.366,-124.084
"6136394251","5e618452-d449-4290-a29c-6564b5fb3154","IOS2016007007401:38","Animalia","Arthropoda","Malacostraca","Euphausiacea","Euphausiidae","Euphausia","Euphausia pacifica",49.366,-124.084
"6136394247","5e618452-d449-4290-a29c-6564b5fb3154","IOS2016007007401:36","Animalia","Arthropoda","Malacostraca","Euphausiacea","Euphausiidae","Euphausia","Euphausia pacifica",49.366,-124.084
"6136394244","5e618452-d449-4290-a29c-6564b5fb3154","IOS2016007007401:37","Animalia","Arthropoda","Malacostraca","Euphausiacea","Euphausiidae","Euphausia","Euphausia pacifica",49.366,-124.084
"6136394012","5e618452-d449-4290-a29c-6564b5fb3154","IOS2013012005701:20","Animalia","Arthropoda","Malacostraca","Euphausiacea","Euphausiidae","Euphausia","Euphausia pacifica",49.249,-123.746
"6136394011","5e618452-d449-4290-a29c-6564b5fb3154","IOS2013012005701:21","Animalia","Arthropoda","Malacostraca","Euphausiacea","Euphausiidae","Euphausia","Euphausia pacifica",49.249,-123.746
"6136394010","5e618452-d449-4290-a29c-6564b5fb3154","IOS2013012005701:22","Animalia","Arthropoda","Malacostraca","Euphausiacea","Euphausiidae","Euphausia","Euphausia pacifica",49.249,-123.746
"6136394009","5e618452-d449-4290-a29c-6564b5fb3154","IOS2013012005701:23","Animalia","Arthropoda","Malacostraca","Euphausiacea","Euphausiidae","Euphausia","Euphausia pacifica",49.249,-123.746
"6136393852","5e618452-d449-4290-a29c-6564b5fb3154","PBS2008014035401:21","Animalia","Arthropoda","Malacostraca","Euphausiacea","Euphausiidae","Euphausia","Euphausia pacifica",49.612,-124.566
"6136393851","5e618452-d449-4290-a29c-6564b5fb3154","PBS2008014035401:22","Animalia","Arthropoda","Malacostraca","Euphausiacea","Euphausiidae","Euphausia","Euphausia pacifica",49.612,-124.566
"6136393850","5e618452-d449-4290-a29c-6564b5fb3154","PBS2008014035401:20","Animalia","Arthropoda","Malacostraca","Euphausiacea","Euphausiidae","Euphausia","Euphausia pacifica",49.612,-124.566
"6136393548","5e618452-d449-4290-a29c-6564b5fb3154","PBS2013010001201:15","Animalia","Arthropoda","Malacostraca","Euphausiacea","Euphausiidae","Euphausia","Euphausia pacifica",49.079,-123.504
"6136393423","5e618452-d449-4290-a29c-6564b5fb3154","IOS2007012011101:27","Animalia","Arthropoda","Malacostraca","Euphausiacea","Euphausiidae","Euphausia","Euphausia pacifica",49.249,-123.747
"6136393420","5e618452-d449-4290-a29c-6564b5fb3154","IOS2007012011101:25","Animalia","Arthropoda","Malacostraca","Euphausiacea","Euphausiidae","Euphausia","Euphausia pacifica",49.249,-123.747
"6136393417","5e618452-d449-4290-a29c-6564b5fb3154","IOS2007012011101:26","Animalia","Arthropoda","Malacostraca","Euphausiacea","Euphausiidae","Euphausia","Euphausia pacifica",49.249,-123.747
"6136393415","5e618452-d449-4290-a29c-6564b5fb3154","IOS2007012011101:24","Animalia","Arthropoda","Malacostraca","Euphausiacea","Euphausiidae","Euphausia","Euphausia pacifica",49.249,-123.747
"6136393260","5e618452-d449-4290-a29c-6564b5fb3154","IOS2004006002301:15","Animalia","Arthropoda","Malacostraca","Euphausiacea","Euphausiidae","Euphausia","Euphausia pacifica",49.272,-123.748
"6136393123","5e618452-d449-4290-a29c-6564b5fb3154","PBS2011002036001:9","Animalia","Arthropoda","Malacostraca","Euphausiacea","Euphausiidae","Euphausia","Euphausia pacifica",49.742,-124.828
"6136393090","5e618452-d449-4290-a29c-6564b5fb3154","PBS2011002036001:7","Animalia","Arthropoda","Malacostraca","Euphausiacea","Euphausiidae","Euphausia","Euphausia pacifica",49.742,-124.828
"6136393089","5e618452-d449-4290-a29c-6564b5fb3154","PBS2011002036001:8","Animalia","Arthropoda","Malacostraca","Euphausiacea","Euphausiidae","Euphausia","Euphausia pacifica",49.742,-124.828
"6136393053","5e618452-d449-4290-a29c-6564b5fb3154","PBS1998057000101:14","Animalia","Arthropoda","Malacostraca","Euphausiacea","Euphausiidae","Euphausia","Euphausia pacifica",49.25,-123.75
"6136393052","5e618452-d449-4290-a29c-6564b5fb3154","PBS1998057000101:15","Animalia","Arthropoda","Malacostraca","Euphausiacea","Euphausiidae","Euphausia","Euphausia pacifica",49.25,-123.75
"6136392996","5e618452-d449-4290-a29c-6564b5fb3154","IOS2016009001501:19","Animalia","Arthropoda","Malacostraca","Euphausiacea","Euphausiidae","Euphausia","Euphausia pacifica",49.402,-123.755
"6136392989","5e618452-d449-4290-a29c-6564b5fb3154","IOS2016009001501:18","Animalia","Arthropoda","Malacostraca","Euphausiacea","Euphausiidae","Euphausia","Euphausia pacifica",49.402,-123.755
"6136392884","5e618452-d449-4290-a29c-6564b5fb3154","PBS2009046002001:10","Animalia","Arthropoda","Malacostraca","Euphausiacea","Euphausiidae","Euphausia","Euphausia pacifica",49.84,-124.569
"6136392700","5e618452-d449-4290-a29c-6564b5fb3154","IOS2016062020201:21","Animalia","Arthropoda","Malacostraca","Euphausiacea","Euphausiidae","Euphausia","Euphausia pacifica",49.252,-123.752
"6136392699","5e618452-d449-4290-a29c-6564b5fb3154","IOS2016062020201:22","Animalia","Arthropoda","Malacostraca","Euphausiacea","Euphausiidae","Euphausia","Euphausia pacifica",49.252,-123.752
"6136392698","5e618452-d449-4290-a29c-6564b5fb3154","IOS2016062020201:23","Animalia","Arthropoda","Malacostraca","Euphausiacea","Euphausiidae","Euphausia","Euphausia pacifica",49.252,-123.752
"6136392697","5e618452-d449-4290-a29c-6564b5fb3154","IOS2016062020201:24","Animalia","Arthropoda","Malacostraca","Euphausiacea","Euphausiidae","Euphausia","Euphausia pacifica",49.252,-123.752
"6136392612","5e618452-d449-4290-a29c-6564b5fb3154","IOS2011017017401:12","Animalia","Arthropoda","Malacostraca","Euphausiacea","Euphausiidae","Euphausia","Euphausia pacifica",49.25,-123.75
"6136392611","5e618452-d449-4290-a29c-6564b5fb3154","IOS2011017017401:13","Animalia","Arthropoda","Malacostraca","Euphausiacea","Euphausiidae","Euphausia","Euphausia pacifica",49.25,-123.75
"6136392429","5e618452-d449-4290-a29c-6564b5fb3154","HAK2016096001001:8","Animalia","Arthropoda","Malacostraca","Euphausiacea","Euphausiidae","Euphausia","Euphausia pacifica",50.031,-125.099
"6136392426","5e618452-d449-4290-a29c-6564b5fb3154","HAK2016096001001:7","Animalia","Arthropoda","Malacostraca","Euphausiacea","Euphausiidae","Euphausia","Euphausia pacifica",50.031,-125.099
"6136392310","5e618452-d449-4290-a29c-6564b5fb3154","IOS2015022011801:35","Animalia","Arthropoda","Malacostraca","Euphausiacea","Euphausiidae","Euphausia","Euphausia pacifica",49.706,-124.724
"6136392309","5e618452-d449-4290-a29c-6564b5fb3154","IOS2015022011801:36","Animalia","Arthropoda","Malacostraca","Euphausiacea","Euphausiidae","Euphausia","Euphausia pacifica",49.706,-124.724
"6136392308","5e618452-d449-4290-a29c-6564b5fb3154","IOS2015022011801:37","Animalia","Arthropoda","Malacostraca","Euphausiacea","Euphausiidae","Euphausia","Euphausia pacifica",49.706,-124.724
"6136392307","5e618452-d449-4290-a29c-6564b5fb3154","IOS2015022011801:38","Animalia","Arthropoda","Malacostraca","Euphausiacea","Euphausiidae","Euphausia","Euphausia pacifica",49.706,-124.724
"6136392306","5e618452-d449-4290-a29c-6564b5fb3154","IOS2015022011801:39","Animalia","Arthropoda","Malacostraca","Euphausiacea","Euphausiidae","Euphausia","Euphausia pacifica",49.706,-124.724
"6136392182","5e618452-d449-4290-a29c-6564b5fb3154","IOS2016047017901:32","Animalia","Arthropoda","Malacostraca","Euphausiacea","Euphausiidae","Euphausia","Euphausia pacifica",49.71,-124.73
"6136392177","5e618452-d449-4290-a29c-6564b5fb3154","IOS2016047017901:33","Animalia","Arthropoda","Malacostraca","Euphausiacea","Euphausiidae","Euphausia","Euphausia pacifica",49.71,-124.73
"6136392175","5e618452-d449-4290-a29c-6564b5fb3154","IOS2016047017901:30","Animalia","Arthropoda","Malacostraca","Euphausiacea","Euphausiidae","Euphausia","Euphausia pacifica",49.71,-124.73
"6136392172","5e618452-d449-4290-a29c-6564b5fb3154","IOS2016047017901:31","Animalia","Arthropoda","Malacostraca","Euphausiacea","Euphausiidae","Euphausia","Euphausia pacifica",49.71,-124.73
"6136392010","5e618452-d449-4290-a29c-6564b5fb3154","IOS2015022007101:28","Animalia","Arthropoda","Malacostraca","Euphausiacea","Euphausiidae","Euphausia","Euphausia pacifica",49.199,-123.438
"6136392008","5e618452-d449-4290-a29c-6564b5fb3154","IOS2015022007101:29","Animalia","Arthropoda","Malacostraca","Euphausiacea","Euphausiidae","Euphausia","Euphausia pacifica",49.199,-123.438
"6136392003","5e618452-d449-4290-a29c-6564b5fb3154","IOS2015022007101:27","Animalia","Arthropoda","Malacostraca","Euphausiacea","Euphausiidae","Euphausia","Euphausia pacifica",49.199,-123.438
"6136391871","5e618452-d449-4290-a29c-6564b5fb3154","IOS2017007006801:27","Animalia","Arthropoda","Malacostraca","Euphausiacea","Euphausiidae","Euphausia","Euphausia pacifica",49.25,-123.751
"6136391869","5e618452-d449-4290-a29c-6564b5fb3154","IOS2017007006801:28","Animalia","Arthropoda","Malacostraca","Euphausiacea","Euphausiidae","Euphausia","Euphausia pacifica",49.25,-123.751
"6136391867","5e618452-d449-4290-a29c-6564b5fb3154","IOS2017007006801:26","Animalia","Arthropoda","Malacostraca","Euphausiacea","Euphausiidae","Euphausia","Euphausia pacifica",49.25,-123.751
"6136391854","5e618452-d449-4290-a29c-6564b5fb3154","IOS2017007006801:29","Animalia","Arthropoda","Malacostraca","Euphausiacea","Euphausiidae","Euphausia","Euphausia pacifica",49.25,-123.751
"6136391852","5e618452-d449-4290-a29c-6564b5fb3154","IOS2017026002401:32","Animalia","Arthropoda","Malacostraca","Euphausiacea","Euphausiidae","Euphausia","Euphausia pacifica",49.67,-124.274
"6136391848","5e618452-d449-4290-a29c-6564b5fb3154","IOS2017026002401:33","Animalia","Arthropoda","Malacostraca","Euphausiacea","Euphausiidae","Euphausia","Euphausia pacifica",49.67,-124.274
"6136391847","5e618452-d449-4290-a29c-6564b5fb3154","IOS2017026002401:34","Animalia","Arthropoda","Malacostraca","Euphausiacea","Euphausiidae","Euphausia","Euphausia pacifica",49.67,-124.274
"6136391678","5e618452-d449-4290-a29c-6564b5fb3154","PBS2008014034001:15","Animalia","Arthropoda","Malacostraca","Euphausiacea","Euphausiidae","Euphausia","Euphausia pacifica",49.832,-124.936
"6136391676","5e618452-d449-4290-a29c-6564b5fb3154","PBS2008014034001:16","Animalia","Arthropoda","Malacostraca","Euphausiacea","Euphausiidae","Euphausia","Euphausia pacifica",49.832,-124.936
"6136391674","5e618452-d449-4290-a29c-6564b5fb3154","PBS2008014034001:17","Animalia","Arthropoda","Malacostraca","Euphausiacea","Euphausiidae","Euphausia","Euphausia pacifica",49.832,-124.936
"6136391587","5e618452-d449-4290-a29c-6564b5fb3154","IOS2016009021501:19","Animalia","Arthropoda","Malacostraca","Euphausiacea","Euphausiidae","Euphausia","Euphausia pacifica",49.405,-123.759
"6136391583","5e618452-d449-4290-a29c-6564b5fb3154","IOS2016009021501:17","Animalia","Arthropoda","Malacostraca","Euphausiacea","Euphausiidae","Euphausia","Euphausia pacifica",49.405,-123.759
"6136391582","5e618452-d449-4290-a29c-6564b5fb3154","IOS2016009021501:18","Animalia","Arthropoda","Malacostraca","Euphausiacea","Euphausiidae","Euphausia","Euphausia pacifica",49.405,-123.759
"6136391553","5e618452-d449-4290-a29c-6564b5fb3154","IOS2016009021501:22","Animalia","Arthropoda","Malacostraca","Euphausiacea","Euphausiidae","Euphausia","Euphausia pacifica",49.405,-123.759
"6136391548","5e618452-d449-4290-a29c-6564b5fb3154","IOS2016009021501:20","Animalia","Arthropoda","Malacostraca","Euphausiacea","Euphausiidae","Euphausia","Euphausia pacifica",49.405,-123.759
"6136391547","5e618452-d449-4290-a29c-6564b5fb3154","IOS2016009021501:21","Animalia","Arthropoda","Malacostraca","Euphausiacea","Euphausiidae","Euphausia","Euphausia pacifica",49.405,-123.759
"6136391528","5e618452-d449-4290-a29c-6564b5fb3154","PBS2013043005701:10","Animalia","Arthropoda","Malacostraca","Euphausiacea","Euphausiidae","Euphausia","Euphausia pacifica",49.484,-124.569
"6136391390","5e618452-d449-4290-a29c-6564b5fb3154","IOS2012006005406:15","Animalia","Arthropoda","Malacostraca","Euphausiacea","Euphausiidae","Euphausia","Euphausia pacifica",49.249,-123.746
"6136391380","5e618452-d449-4290-a29c-6564b5fb3154","IOS2012006005406:16","Animalia","Arthropoda","Malacostraca","Euphausiacea","Euphausiidae","Euphausia","Euphausia pacifica",49.249,-123.746
"6136391206","5e618452-d449-4290-a29c-6564b5fb3154","IOS2007014005101:22","Animalia","Arthropoda","Malacostraca","Euphausiacea","Euphausiidae","Euphausia","Euphausia pacifica",49.248,-123.737
"6136391199","5e618452-d449-4290-a29c-6564b5fb3154","IOS2007014005101:21","Animalia","Arthropoda","Malacostraca","Euphausiacea","Euphausiidae","Euphausia","Euphausia pacifica",49.248,-123.737
"6136391165","5e618452-d449-4290-a29c-6564b5fb3154","IOS2017005016501:34","Animalia","Arthropoda","Malacostraca","Euphausiacea","Euphausiidae","Euphausia","Euphausia pacifica",49.707,-124.725
"6136391164","5e618452-d449-4290-a29c-6564b5fb3154","IOS2017005016501:35","Animalia","Arthropoda","Malacostraca","Euphausiacea","Euphausiidae","Euphausia","Euphausia pacifica",49.707,-124.725
"6136390958","5e618452-d449-4290-a29c-6564b5fb3154","PBS1997062000201:8","Animalia","Arthropoda","Malacostraca","Euphausiacea","Euphausiidae","Euphausia","Euphausia pacifica",49.25,-123.75
"6136390915","5e618452-d449-4290-a29c-6564b5fb3154","IOS2001027003001:15","Animalia","Arthropoda","Malacostraca","Euphausiacea","Euphausiidae","Euphausia","Euphausia pacifica",49.694,-124.242
"6136390906","5e618452-d449-4290-a29c-6564b5fb3154","IOS2001027003001:18","Animalia","Arthropoda","Malacostraca","Euphausiacea","Euphausiidae","Euphausia","Euphausia pacifica",49.694,-124.242
"6136390901","5e618452-d449-4290-a29c-6564b5fb3154","IOS2001027003001:16","Animalia","Arthropoda","Malacostraca","Euphausiacea","Euphausiidae","Euphausia","Euphausia pacifica",49.694,-124.242
"6136390900","5e618452-d449-4290-a29c-6564b5fb3154","IOS2001027003001:17","Animalia","Arthropoda","Malacostraca","Euphausiacea","Euphausiidae","Euphausia","Euphausia pacifica",49.694,-124.242
"6136390822","5e618452-d449-4290-a29c-6564b5fb3154","PBS1998052000201:13","Animalia","Arthropoda","Malacostraca","Euphausiacea","Euphausiidae","Euphausia","Euphausia pacifica",49.25,-123.75
"6136390821","5e618452-d449-4290-a29c-6564b5fb3154","PBS1998052000201:14","Animalia","Arthropoda","Malacostraca","Euphausiacea","Euphausiidae","Euphausia","Euphausia pacifica",49.25,-123.75
"6136390820","5e618452-d449-4290-a29c-6564b5fb3154","PBS2011002043201:9","Animalia","Arthropoda","Malacostraca","Euphausiacea","Euphausiidae","Euphausia","Euphausia pacifica",49.491,-124.07
"6136390738","5e618452-d449-4290-a29c-6564b5fb3154","HAK2017097000701:11","Animalia","Arthropoda","Malacostraca","Euphausiacea","Euphausiidae","Euphausia","Euphausia pacifica",50.031,-125.099
"6136390737","5e618452-d449-4290-a29c-6564b5fb3154","HAK2017097000701:12","Animalia","Arthropoda","Malacostraca","Euphausiacea","Euphausiidae","Euphausia","Euphausia pacifica",50.031,-125.099
"6136390736","5e618452-d449-4290-a29c-6564b5fb3154","HAK2017097000701:10","Animalia","Arthropoda","Malacostraca","Euphausiacea","Euphausiidae","Euphausia","Euphausia pacifica",50.031,-125.099
"6136390553","5e618452-d449-4290-a29c-6564b5fb3154","IOS2015020021001:15","Animalia","Arthropoda","Malacostraca","Euphausiacea","Euphausiidae","Euphausia","Euphausia pacifica",49.402,-123.755
"6136390552","5e618452-d449-4290-a29c-6564b5fb3154","IOS2015020021001:16","Animalia","Arthropoda","Malacostraca","Euphausiacea","Euphausiidae","Euphausia","Euphausia pacifica",49.402,-123.755
"6136390499","5e618452-d449-4290-a29c-6564b5fb3154","IOS2017026003001:31","Animalia","Arthropoda","Malacostraca","Euphausiacea","Euphausiidae","Euphausia","Euphausia pacifica",49.706,-124.724
"6136390498","5e618452-d449-4290-a29c-6564b5fb3154","IOS2017026003001:32","Animalia","Arthropoda","Malacostraca","Euphausiacea","Euphausiidae","Euphausia","Euphausia pacifica",49.706,-124.724
"6136390497","5e618452-d449-4290-a29c-6564b5fb3154","IOS2017026003001:33","Animalia","Arthropoda","Malacostraca","Euphausiacea","Euphausiidae","Euphausia","Euphausia pacifica",49.706,-124.724
"6136390496","5e618452-d449-4290-a29c-6564b5fb3154","IOS2017026003001:34","Animalia","Arthropoda","Malacostraca","Euphausiacea","Euphausiidae","Euphausia","Euphausia pacifica",49.706,-124.724
"6136390183","5e618452-d449-4290-a29c-6564b5fb3154","IOS2015021015201:14","Animalia","Arthropoda","Malacostraca","Euphausiacea","Euphausiidae","Euphausia","Euphausia pacifica",49.363,-124.085
"6136390180","5e618452-d449-4290-a29c-6564b5fb3154","IOS2015021015201:13","Animalia","Arthropoda","Malacostraca","Euphausiacea","Euphausiidae","Euphausia","Euphausia pacifica",49.363,-124.085
"6136390159","5e618452-d449-4290-a29c-6564b5fb3154","IOS2017005017101:35","Animalia","Arthropoda","Malacostraca","Euphausiacea","Euphausiidae","Euphausia","Euphausia pacifica",49.672,-124.273
"6136390158","5e618452-d449-4290-a29c-6564b5fb3154","IOS2017005017101:36","Animalia","Arthropoda","Malacostraca","Euphausiacea","Euphausiidae","Euphausia","Euphausia pacifica",49.672,-124.273
"6136390157","5e618452-d449-4290-a29c-6564b5fb3154","IOS2017005017101:37","Animalia","Arthropoda","Malacostraca","Euphausiacea","Euphausiidae","Euphausia","Euphausia pacifica",49.672,-124.273
"6136390150","5e618452-d449-4290-a29c-6564b5fb3154","IOS2017005017101:33","Animalia","Arthropoda","Malacostraca","Euphausiacea","Euphausiidae","Euphausia","Euphausia pacifica",49.672,-124.273
"6136390149","5e618452-d449-4290-a29c-6564b5fb3154","IOS2017005017101:34","Animalia","Arthropoda","Malacostraca","Euphausiacea","Euphausiidae","Euphausia","Euphausia pacifica",49.672,-124.273
"6136390079","5e618452-d449-4290-a29c-6564b5fb3154","IOS2017005017801:32","Animalia","Arthropoda","Malacostraca","Euphausiacea","Euphausiidae","Euphausia","Euphausia pacifica",49.252,-123.751
"6136390078","5e618452-d449-4290-a29c-6564b5fb3154","IOS2017005017801:33","Animalia","Arthropoda","Malacostraca","Euphausiacea","Euphausiidae","Euphausia","Euphausia pacifica",49.252,-123.751
"6136390049","5e618452-d449-4290-a29c-6564b5fb3154","PBS2008015032301:4","Animalia","Arthropoda","Malacostraca","Euphausiacea","Euphausiidae","Euphausia","Euphausia pacifica",49.705,-124.252
"6136390046","5e618452-d449-4290-a29c-6564b5fb3154","PBS2008015032301:5","Animalia","Arthropoda","Malacostraca","Euphausiacea","Euphausiidae","Euphausia","Euphausia pacifica",49.705,-124.252
"6136389943","5e618452-d449-4290-a29c-6564b5fb3154","IOS2018030009901:29","Animalia","Arthropoda","Malacostraca","Euphausiacea","Euphausiidae","Euphausia","Euphausia pacifica",49.669,-124.274
"6136389942","5e618452-d449-4290-a29c-6564b5fb3154","IOS2018030009901:30","Animalia","Arthropoda","Malacostraca","Euphausiacea","Euphausiidae","Euphausia","Euphausia pacifica",49.669,-124.274
"6136389941","5e618452-d449-4290-a29c-6564b5fb3154","IOS2018030009901:31","Animalia","Arthropoda","Malacostraca","Euphausiacea","Euphausiidae","Euphausia","Euphausia pacifica",49.669,-124.274
"6136389822","5e618452-d449-4290-a29c-6564b5fb3154","PBS2008015029901:6","Animalia","Arthropoda","Malacostraca","Euphausiacea","Euphausiidae","Euphausia","Euphausia pacifica",49.555,-124.444
"6136389821","5e618452-d449-4290-a29c-6564b5fb3154","PBS2008015029901:7","Animalia","Arthropoda","Malacostraca","Euphausiacea","Euphausiidae","Euphausia","Euphausia pacifica",49.555,-124.444
"6136389760","5e618452-d449-4290-a29c-6564b5fb3154","IOS2004030000601:13","Animalia","Arthropoda","Malacostraca","Euphausiacea","Euphausiidae","Euphausia","Euphausia pacifica",49.364,-124.087
"6136389759","5e618452-d449-4290-a29c-6564b5fb3154","IOS2004030000601:14","Animalia","Arthropoda","Malacostraca","Euphausiacea","Euphausiidae","Euphausia","Euphausia pacifica",49.364,-124.087
"6136389758","5e618452-d449-4290-a29c-6564b5fb3154","IOS2004030000601:15","Animalia","Arthropoda","Malacostraca","Euphausiacea","Euphausiidae","Euphausia","Euphausia pacifica",49.364,-124.087
"6136389508","5e618452-d449-4290-a29c-6564b5fb3154","PBS2009046005401:17","Animalia","Arthropoda","Malacostraca","Euphausiacea","Euphausiidae","Euphausia","Euphausia pacifica",49.021,-123.286
"6136389504","5e618452-d449-4290-a29c-6564b5fb3154","PBS2009046005401:16","Animalia","Arthropoda","Malacostraca","Euphausiacea","Euphausiidae","Euphausia","Euphausia pacifica",49.021,-123.286
"6136389450","5e618452-d449-4290-a29c-6564b5fb3154","PBS2016045008901:30","Animalia","Arthropoda","Malacostraca","Euphausiacea","Euphausiidae","Euphausia","Euphausia pacifica",49.455,-124.586
"6136389449","5e618452-d449-4290-a29c-6564b5fb3154","PBS2016045008901:31","Animalia","Arthropoda","Malacostraca","Euphausiacea","Euphausiidae","Euphausia","Euphausia pacifica",49.455,-124.586
"6136389448","5e618452-d449-4290-a29c-6564b5fb3154","PBS2016045008901:32","Animalia","Arthropoda","Malacostraca","Euphausiacea","Euphausiidae","Euphausia","Euphausia pacifica",49.455,-124.586
"6136389445","5e618452-d449-4290-a29c-6564b5fb3154","PBS2016045008901:33","Animalia","Arthropoda","Malacostraca","Euphausiacea","Euphausiidae","Euphausia","Euphausia pacifica",49.455,-124.586
"6136389419","5e618452-d449-4290-a29c-6564b5fb3154","IOS2016062019601:26","Animalia","Arthropoda","Malacostraca","Euphausiacea","Euphausiidae","Euphausia","Euphausia pacifica",49.669,-124.277
"6136389411","5e618452-d449-4290-a29c-6564b5fb3154","IOS2016062019601:29","Animalia","Arthropoda","Malacostraca","Euphausiacea","Euphausiidae","Euphausia","Euphausia pacifica",49.669,-124.277
"6136389405","5e618452-d449-4290-a29c-6564b5fb3154","IOS2016062019601:27","Animalia","Arthropoda","Malacostraca","Euphausiacea","Euphausiidae","Euphausia","Euphausia pacifica",49.669,-124.277
"6136389403","5e618452-d449-4290-a29c-6564b5fb3154","IOS2016062019601:28","Animalia","Arthropoda","Malacostraca","Euphausiacea","Euphausiidae","Euphausia","Euphausia pacifica",49.669,-124.277
"6136389394","5e618452-d449-4290-a29c-6564b5fb3154","PBS2016045008901:29","Animalia","Arthropoda","Malacostraca","Euphausiacea","Euphausiidae","Euphausia","Euphausia pacifica",49.455,-124.586
"6136389237","5e618452-d449-4290-a29c-6564b5fb3154","IOS2017007008001:31","Animalia","Arthropoda","Malacostraca","Euphausiacea","Euphausiidae","Euphausia","Euphausia pacifica",49.67,-124.269
"6136389236","5e618452-d449-4290-a29c-6564b5fb3154","IOS2017007008001:32","Animalia","Arthropoda","Malacostraca","Euphausiacea","Euphausiidae","Euphausia","Euphausia pacifica",49.67,-124.269
"6136389233","5e618452-d449-4290-a29c-6564b5fb3154","IOS2017007008001:33","Animalia","Arthropoda","Malacostraca","Euphausiacea","Euphausiidae","Euphausia","Euphausia pacifica",49.67,-124.269
"6136389231","5e618452-d449-4290-a29c-6564b5fb3154","IOS2017007008001:34","Animalia","Arthropoda","Malacostraca","Euphausiacea","Euphausiidae","Euphausia","Euphausia pacifica",49.67,-124.269
"6136389173","5e618452-d449-4290-a29c-6564b5fb3154","PSF2015098001301:25","Animalia","Arthropoda","Malacostraca","Euphausiacea","Euphausiidae","Euphausia","Euphausia pacifica",49.485,-124.605
"6136389172","5e618452-d449-4290-a29c-6564b5fb3154","PSF2015098001301:26","Animalia","Arthropoda","Malacostraca","Euphausiacea","Euphausiidae","Euphausia","Euphausia pacifica",49.485,-124.605
"6136389097","5e618452-d449-4290-a29c-6564b5fb3154","IOS2018039018101:36","Animalia","Arthropoda","Malacostraca","Euphausiacea","Euphausiidae","Euphausia","Euphausia pacifica",49.031,-123.436
"6136389095","5e618452-d449-4290-a29c-6564b5fb3154","IOS2018039018101:34","Animalia","Arthropoda","Malacostraca","Euphausiacea","Euphausiidae","Euphausia","Euphausia pacifica",49.031,-123.436
"6136389094","5e618452-d449-4290-a29c-6564b5fb3154","IOS2018039018101:35","Animalia","Arthropoda","Malacostraca","Euphausiacea","Euphausiidae","Euphausia","Euphausia pacifica",49.031,-123.436
"6136389091","5e618452-d449-4290-a29c-6564b5fb3154","IOS2018039018101:33","Animalia","Arthropoda","Malacostraca","Euphausiacea","Euphausiidae","Euphausia","Euphausia pacifica",49.031,-123.436
"6136388929","5e618452-d449-4290-a29c-6564b5fb3154","IOS2018001009701:24","Animalia","Arthropoda","Malacostraca","Euphausiacea","Euphausiidae","Euphausia","Euphausia pacifica",49.251,-123.751
"6136388926","5e618452-d449-4290-a29c-6564b5fb3154","IOS2018001009701:23","Animalia","Arthropoda","Malacostraca","Euphausiacea","Euphausiidae","Euphausia","Euphausia pacifica",49.251,-123.751
"6136388914","5e618452-d449-4290-a29c-6564b5fb3154","IOS2018037000101:24","Animalia","Arthropoda","Malacostraca","Euphausiacea","Euphausiidae","Euphausia","Euphausia pacifica",49.25,-123.75
"6136388911","5e618452-d449-4290-a29c-6564b5fb3154","IOS2018037000101:25","Animalia","Arthropoda","Malacostraca","Euphausiacea","Euphausiidae","Euphausia","Euphausia pacifica",49.25,-123.75
"6136388905","5e618452-d449-4290-a29c-6564b5fb3154","IOS2018037000101:27","Animalia","Arthropoda","Malacostraca","Euphausiacea","Euphausiidae","Euphausia","Euphausia pacifica",49.25,-123.75
"6136388766","5e618452-d449-4290-a29c-6564b5fb3154","PBS2016045006201:39","Animalia","Arthropoda","Malacostraca","Euphausiacea","Euphausiidae","Euphausia","Euphausia pacifica",49.451,-124.473
"6136388760","5e618452-d449-4290-a29c-6564b5fb3154","PBS2016045006201:37","Animalia","Arthropoda","Malacostraca","Euphausiacea","Euphausiidae","Euphausia","Euphausia pacifica",49.451,-124.473
"6136388759","5e618452-d449-4290-a29c-6564b5fb3154","PBS2016045006201:38","Animalia","Arthropoda","Malacostraca","Euphausiacea","Euphausiidae","Euphausia","Euphausia pacifica",49.451,-124.473
"6136388755","5e618452-d449-4290-a29c-6564b5fb3154","PBS2016045006201:36","Animalia","Arthropoda","Malacostraca","Euphausiacea","Euphausiidae","Euphausia","Euphausia pacifica",49.451,-124.473
"6136388679","5e618452-d449-4290-a29c-6564b5fb3154","PBS2016046006501:19","Animalia","Arthropoda","Malacostraca","Euphausiacea","Euphausiidae","Euphausia","Euphausia pacifica",49.453,-124.474
"6136388677","5e618452-d449-4290-a29c-6564b5fb3154","PBS2016046006501:18","Animalia","Arthropoda","Malacostraca","Euphausiacea","Euphausiidae","Euphausia","Euphausia pacifica",49.453,-124.474
"6136388656","5e618452-d449-4290-a29c-6564b5fb3154","IOS2000029001601:20","Animalia","Arthropoda","Malacostraca","Euphausiacea","Euphausiidae","Euphausia","Euphausia pacifica",49.368,-124.078
"6136388612","5e618452-d449-4290-a29c-6564b5fb3154","IOS2000029001601:19","Animalia","Arthropoda","Malacostraca","Euphausiacea","Euphausiidae","Euphausia","Euphausia pacifica",49.368,-124.078
"6136388583","5e618452-d449-4290-a29c-6564b5fb3154","IOS2000029001601:17","Animalia","Arthropoda","Malacostraca","Euphausiacea","Euphausiidae","Euphausia","Euphausia pacifica",49.368,-124.078
"6136388582","5e618452-d449-4290-a29c-6564b5fb3154","UVI2004000001901:11","Animalia","Arthropoda","Malacostraca","Euphausiacea","Euphausiidae","Euphausia","Euphausia pacifica",49.25,-123.748
"6136388581","5e618452-d449-4290-a29c-6564b5fb3154","IOS2000029001601:18","Animalia","Arthropoda","Malacostraca","Euphausiacea","Euphausiidae","Euphausia","Euphausia pacifica",49.368,-124.078
"6136388340","5e618452-d449-4290-a29c-6564b5fb3154","PBS2015056012001:22","Animalia","Arthropoda","Malacostraca","Euphausiacea","Euphausiidae","Euphausia","Euphausia pacifica",49.452,-123.885
"6136388332","5e618452-d449-4290-a29c-6564b5fb3154","PBS2015056012001:21","Animalia","Arthropoda","Malacostraca","Euphausiacea","Euphausiidae","Euphausia","Euphausia pacifica",49.452,-123.885
"6136388267","5e618452-d449-4290-a29c-6564b5fb3154","IOS2002006002301:9","Animalia","Arthropoda","Malacostraca","Euphausiacea","Euphausiidae","Euphausia","Euphausia pacifica",49.373,-123.846
"6136388245","5e618452-d449-4290-a29c-6564b5fb3154","IOS2014060003501:21","Animalia","Arthropoda","Malacostraca","Euphausiacea","Euphausiidae","Euphausia","Euphausia pacifica",49.055,-123.37
"6136388237","5e618452-d449-4290-a29c-6564b5fb3154","IOS2014060003501:20","Animalia","Arthropoda","Malacostraca","Euphausiacea","Euphausiidae","Euphausia","Euphausia pacifica",49.055,-123.37
"6136388229","5e618452-d449-4290-a29c-6564b5fb3154","IOS2018039016701:32","Animalia","Arthropoda","Malacostraca","Euphausiacea","Euphausiidae","Euphausia","Euphausia pacifica",49.366,-124.083
"6136388227","5e618452-d449-4290-a29c-6564b5fb3154","IOS2014060003501:19","Animalia","Arthropoda","Malacostraca","Euphausiacea","Euphausiidae","Euphausia","Euphausia pacifica",49.055,-123.37
"6136388226","5e618452-d449-4290-a29c-6564b5fb3154","IOS2018039016701:30","Animalia","Arthropoda","Malacostraca","Euphausiacea","Euphausiidae","Euphausia","Euphausia pacifica",49.366,-124.083
"6136388224","5e618452-d449-4290-a29c-6564b5fb3154","IOS2018039016701:31","Animalia","Arthropoda","Malacostraca","Euphausiacea","Euphausiidae","Euphausia","Euphausia pacifica",49.366,-124.083
"6136388203","5e618452-d449-4290-a29c-6564b5fb3154","PBS1998055000201:18","Animalia","Arthropoda","Malacostraca","Euphausiacea","Euphausiidae","Euphausia","Euphausia pacifica",49.25,-123.75
"6136387853","5e618452-d449-4290-a29c-6564b5fb3154","PBS2008015034601:8","Animalia","Arthropoda","Malacostraca","Euphausiacea","Euphausiidae","Euphausia","Euphausia pacifica",49.119,-123.627
"6136387851","5e618452-d449-4290-a29c-6564b5fb3154","PBS2008015034601:9","Animalia","Arthropoda","Malacostraca","Euphausiacea","Euphausiidae","Euphausia","Euphausia pacifica",49.119,-123.627
"6136387806","5e618452-d449-4290-a29c-6564b5fb3154","IOS1998001002801:19","Animalia","Arthropoda","Malacostraca","Euphausiacea","Euphausiidae","Euphausia","Euphausia pacifica",49.25,-123.75
"6136387805","5e618452-d449-4290-a29c-6564b5fb3154","IOS1998001002801:17","Animalia","Arthropoda","Malacostraca","Euphausiacea","Euphausiidae","Euphausia","Euphausia pacifica",49.25,-123.75
"6136387804","5e618452-d449-4290-a29c-6564b5fb3154","IOS1998001002801:18","Animalia","Arthropoda","Malacostraca","Euphausiacea","Euphausiidae","Euphausia","Euphausia pacifica",49.25,-123.75
"6136387803","5e618452-d449-4290-a29c-6564b5fb3154","IOS2004006001701:17","Animalia","Arthropoda","Malacostraca","Euphausiacea","Euphausiidae","Euphausia","Euphausia pacifica",49.469,-124.5
"6136387801","5e618452-d449-4290-a29c-6564b5fb3154","IOS2004006001701:15","Animalia","Arthropoda","Malacostraca","Euphausiacea","Euphausiidae","Euphausia","Euphausia pacifica",49.469,-124.5
"6136387800","5e618452-d449-4290-a29c-6564b5fb3154","IOS2004006001701:16","Animalia","Arthropoda","Malacostraca","Euphausiacea","Euphausiidae","Euphausia","Euphausia pacifica",49.469,-124.5
"6136387579","5e618452-d449-4290-a29c-6564b5fb3154","PBS2014028009301:14","Animalia","Arthropoda","Malacostraca","Euphausiacea","Euphausiidae","Euphausia","Euphausia pacifica",49.57,-124.581
"6136387576","5e618452-d449-4290-a29c-6564b5fb3154","PBS2014028009301:15","Animalia","Arthropoda","Malacostraca","Euphausiacea","Euphausiidae","Euphausia","Euphausia pacifica",49.57,-124.581
"6136387573","5e618452-d449-4290-a29c-6564b5fb3154","PBS2014028009301:13","Animalia","Arthropoda","Malacostraca","Euphausiacea","Euphausiidae","Euphausia","Euphausia pacifica",49.57,-124.581
"6136387569","5e618452-d449-4290-a29c-6564b5fb3154","PBS2014028009301:16","Animalia","Arthropoda","Malacostraca","Euphausiacea","Euphausiidae","Euphausia","Euphausia pacifica",49.57,-124.581
"6136387497","5e618452-d449-4290-a29c-6564b5fb3154","UVI2005000000601:11","Animalia","Arthropoda","Malacostraca","Euphausiacea","Euphausiidae","Euphausia","Euphausia pacifica",49.25,-123.748
"6136387495","5e618452-d449-4290-a29c-6564b5fb3154","UVI2005000000601:12","Animalia","Arthropoda","Malacostraca","Euphausiacea","Euphausiidae","Euphausia","Euphausia pacifica",49.25,-123.748
"6136387345","5e618452-d449-4290-a29c-6564b5fb3154","IOS2017001013101:20","Animalia","Arthropoda","Malacostraca","Euphausiacea","Euphausiidae","Euphausia","Euphausia pacifica",49.885,-124.994
"6136387339","5e618452-d449-4290-a29c-6564b5fb3154","IOS2017001013101:19","Animalia","Arthropoda","Malacostraca","Euphausiacea","Euphausiidae","Euphausia","Euphausia pacifica",49.885,-124.994
"6136387328","5e618452-d449-4290-a29c-6564b5fb3154","IOS2015018005801:31","Animalia","Arthropoda","Malacostraca","Euphausiacea","Euphausiidae","Euphausia","Euphausia pacifica",49.25,-123.748
"6136387327","5e618452-d449-4290-a29c-6564b5fb3154","IOS2015018005801:32","Animalia","Arthropoda","Malacostraca","Euphausiacea","Euphausiidae","Euphausia","Euphausia pacifica",49.25,-123.748
"6136387326","5e618452-d449-4290-a29c-6564b5fb3154","IOS2015018005801:33","Animalia","Arthropoda","Malacostraca","Euphausiacea","Euphausiidae","Euphausia","Euphausia pacifica",49.25,-123.748
"6136387323","5e618452-d449-4290-a29c-6564b5fb3154","IOS2015018005801:30","Animalia","Arthropoda","Malacostraca","Euphausiacea","Euphausiidae","Euphausia","Euphausia pacifica",49.25,-123.748
"6136387283","5e618452-d449-4290-a29c-6564b5fb3154","IOS2015022010401:25","Animalia","Arthropoda","Malacostraca","Euphausiacea","Euphausiidae","Euphausia","Euphausia pacifica",49.058,-123.374
"6136387280","5e618452-d449-4290-a29c-6564b5fb3154","IOS2015022010401:24","Animalia","Arthropoda","Malacostraca","Euphausiacea","Euphausiidae","Euphausia","Euphausia pacifica",49.058,-123.374
"6136387192","5e618452-d449-4290-a29c-6564b5fb3154","IOS1999009009301:17","Animalia","Arthropoda","Malacostraca","Euphausiacea","Euphausiidae","Euphausia","Euphausia pacifica",49.344,-124.114
"6136387165","5e618452-d449-4290-a29c-6564b5fb3154","IOS2015022011101:29","Animalia","Arthropoda","Malacostraca","Euphausiacea","Euphausiidae","Euphausia","Euphausia pacifica",49.366,-124.08
"6136387047","5e618452-d449-4290-a29c-6564b5fb3154","IOS2015022011101:32","Animalia","Arthropoda","Malacostraca","Euphausiacea","Euphausiidae","Euphausia","Euphausia pacifica",49.366,-124.08
"6136387045","5e618452-d449-4290-a29c-6564b5fb3154","IOS2015022011101:33","Animalia","Arthropoda","Malacostraca","Euphausiacea","Euphausiidae","Euphausia","Euphausia pacifica",49.366,-124.08
"6136387044","5e618452-d449-4290-a29c-6564b5fb3154","IOS2015022011101:30","Animalia","Arthropoda","Malacostraca","Euphausiacea","Euphausiidae","Euphausia","Euphausia pacifica",49.366,-124.08
"6136387043","5e618452-d449-4290-a29c-6564b5fb3154","IOS2015022011101:31","Animalia","Arthropoda","Malacostraca","Euphausiacea","Euphausiidae","Euphausia","Euphausia pacifica",49.366,-124.08
"6136387039","5e618452-d449-4290-a29c-6564b5fb3154","IOS2015022011101:34","Animalia","Arthropoda","Malacostraca","Euphausiacea","Euphausiidae","Euphausia","Euphausia pacifica",49.366,-124.08
"6136387030","5e618452-d449-4290-a29c-6564b5fb3154","PBS2009046003401:13","Animalia","Arthropoda","Malacostraca","Euphausiacea","Euphausiidae","Euphausia","Euphausia pacifica",49.55,-124.58
"6136387029","5e618452-d449-4290-a29c-6564b5fb3154","PBS2009046003401:14","Animalia","Arthropoda","Malacostraca","Euphausiacea","Euphausiidae","Euphausia","Euphausia pacifica",49.55,-124.58
"6136387018","5e618452-d449-4290-a29c-6564b5fb3154","IOS2016003003801:21","Animalia","Arthropoda","Malacostraca","Euphausiacea","Euphausiidae","Euphausia","Euphausia pacifica",49.885,-124.994
"6136387017","5e618452-d449-4290-a29c-6564b5fb3154","IOS2016003003801:22","Animalia","Arthropoda","Malacostraca","Euphausiacea","Euphausiidae","Euphausia","Euphausia pacifica",49.885,-124.994
"6136386824","5e618452-d449-4290-a29c-6564b5fb3154","IOS2014064000201:16","Animalia","Arthropoda","Malacostraca","Euphausiacea","Euphausiidae","Euphausia","Euphausia pacifica",49.04,-123.318
"6136386823","5e618452-d449-4290-a29c-6564b5fb3154","IOS2014064000201:17","Animalia","Arthropoda","Malacostraca","Euphausiacea","Euphausiidae","Euphausia","Euphausia pacifica",49.04,-123.318
"6136386739","5e618452-d449-4290-a29c-6564b5fb3154","IOS2016009001301:19","Animalia","Arthropoda","Malacostraca","Euphausiacea","Euphausiidae","Euphausia","Euphausia pacifica",49.506,-124.1
"6136386737","5e618452-d449-4290-a29c-6564b5fb3154","IOS2016009001301:18","Animalia","Arthropoda","Malacostraca","Euphausiacea","Euphausiidae","Euphausia","Euphausia pacifica",49.506,-124.1
"6136386443","5e618452-d449-4290-a29c-6564b5fb3154","IOS2000011006901:19","Animalia","Arthropoda","Malacostraca","Euphausiacea","Euphausiidae","Euphausia","Euphausia pacifica",49.344,-124.104
"6136386246","5e618452-d449-4290-a29c-6564b5fb3154","IOS2016010004001:19","Animalia","Arthropoda","Malacostraca","Euphausiacea","Euphausiidae","Euphausia","Euphausia pacifica",49.505,-124.103
"6136386243","5e618452-d449-4290-a29c-6564b5fb3154","IOS2016010004001:17","Animalia","Arthropoda","Malacostraca","Euphausiacea","Euphausiidae","Euphausia","Euphausia pacifica",49.505,-124.103
"6136386239","5e618452-d449-4290-a29c-6564b5fb3154","IOS2016010004001:18","Animalia","Arthropoda","Malacostraca","Euphausiacea","Euphausiidae","Euphausia","Euphausia pacifica",49.505,-124.103
"6136386124","5e618452-d449-4290-a29c-6564b5fb3154","UBC9999099001101:19","Animalia","Arthropoda","Malacostraca","Euphausiacea","Euphausiidae","Euphausia","Euphausia pacifica",49.25,-123.667
"6136385973","5e618452-d449-4290-a29c-6564b5fb3154","IOS2016047019601:37","Animalia","Arthropoda","Malacostraca","Euphausiacea","Euphausiidae","Euphausia","Euphausia pacifica",49.055,-123.371
"6136385971","5e618452-d449-4290-a29c-6564b5fb3154","IOS2004007000101:26","Animalia","Arthropoda","Malacostraca","Euphausiacea","Euphausiidae","Euphausia","Euphausia pacifica",49.367,-124.084
"6136385953","5e618452-d449-4290-a29c-6564b5fb3154","IOS2016047019601:34","Animalia","Arthropoda","Malacostraca","Euphausiacea","Euphausiidae","Euphausia","Euphausia pacifica",49.055,-123.371
"6136385952","5e618452-d449-4290-a29c-6564b5fb3154","IOS2004007000101:23","Animalia","Arthropoda","Malacostraca","Euphausiacea","Euphausiidae","Euphausia","Euphausia pacifica",49.367,-124.084
"6136385950","5e618452-d449-4290-a29c-6564b5fb3154","IOS2004007000101:24","Animalia","Arthropoda","Malacostraca","Euphausiacea","Euphausiidae","Euphausia","Euphausia pacifica",49.367,-124.084
"6136385949","5e618452-d449-4290-a29c-6564b5fb3154","IOS2016047019601:35","Animalia","Arthropoda","Malacostraca","Euphausiacea","Euphausiidae","Euphausia","Euphausia pacifica",49.055,-123.371
"6136385946","5e618452-d449-4290-a29c-6564b5fb3154","IOS2004007000101:25","Animalia","Arthropoda","Malacostraca","Euphausiacea","Euphausiidae","Euphausia","Euphausia pacifica",49.367,-124.084
"6136385945","5e618452-d449-4290-a29c-6564b5fb3154","IOS2016047019601:36","Animalia","Arthropoda","Malacostraca","Euphausiacea","Euphausiidae","Euphausia","Euphausia pacifica",49.055,-123.371
"6136385920","5e618452-d449-4290-a29c-6564b5fb3154","UBC9999099001801:13","Animalia","Arthropoda","Malacostraca","Euphausiacea","Euphausiidae","Euphausia","Euphausia pacifica",49.25,-123.667
"6136385670","5e618452-d449-4290-a29c-6564b5fb3154","IOS1998036014601:12","Animalia","Arthropoda","Malacostraca","Euphausiacea","Euphausiidae","Euphausia","Euphausia pacifica",49.467,-124.5
"6136385668","5e618452-d449-4290-a29c-6564b5fb3154","IOS1998036014601:13","Animalia","Arthropoda","Malacostraca","Euphausiacea","Euphausiidae","Euphausia","Euphausia pacifica",49.467,-124.5
"6136385666","5e618452-d449-4290-a29c-6564b5fb3154","IOS1998036014601:14","Animalia","Arthropoda","Malacostraca","Euphausiacea","Euphausiidae","Euphausia","Euphausia pacifica",49.467,-124.5
"6136385665","5e618452-d449-4290-a29c-6564b5fb3154","IOS1998036014601:15","Animalia","Arthropoda","Malacostraca","Euphausiacea","Euphausiidae","Euphausia","Euphausia pacifica",49.467,-124.5
"6136385585","5e618452-d449-4290-a29c-6564b5fb3154","IOS2012005001001:21","Animalia","Arthropoda","Malacostraca","Euphausiacea","Euphausiidae","Euphausia","Euphausia pacifica",49.67,-124.272
"6136385583","5e618452-d449-4290-a29c-6564b5fb3154","IOS2012005001001:20","Animalia","Arthropoda","Malacostraca","Euphausiacea","Euphausiidae","Euphausia","Euphausia pacifica",49.67,-124.272
"6136385571","5e618452-d449-4290-a29c-6564b5fb3154","IOS2012005001001:19","Animalia","Arthropoda","Malacostraca","Euphausiacea","Euphausiidae","Euphausia","Euphausia pacifica",49.67,-124.272
"6136385501","5e618452-d449-4290-a29c-6564b5fb3154","IOS2016007005301:40","Animalia","Arthropoda","Malacostraca","Euphausiacea","Euphausiidae","Euphausia","Euphausia pacifica",49.054,-123.372
"6136385500","5e618452-d449-4290-a29c-6564b5fb3154","IOS2016007005301:41","Animalia","Arthropoda","Malacostraca","Euphausiacea","Euphausiidae","Euphausia","Euphausia pacifica",49.054,-123.372
"6136385499","5e618452-d449-4290-a29c-6564b5fb3154","IOS2016007005301:42","Animalia","Arthropoda","Malacostraca","Euphausiacea","Euphausiidae","Euphausia","Euphausia pacifica",49.054,-123.372
"6136385486","5e618452-d449-4290-a29c-6564b5fb3154","IOS2016007005301:38","Animalia","Arthropoda","Malacostraca","Euphausiacea","Euphausiidae","Euphausia","Euphausia pacifica",49.054,-123.372
"6136385483","5e618452-d449-4290-a29c-6564b5fb3154","IOS2016007005301:39","Animalia","Arthropoda","Malacostraca","Euphausiacea","Euphausiidae","Euphausia","Euphausia pacifica",49.054,-123.372
"6136385441","5e618452-d449-4290-a29c-6564b5fb3154","IOS2015022007301:22","Animalia","Arthropoda","Malacostraca","Euphausiacea","Euphausiidae","Euphausia","Euphausia pacifica",49.145,-123.613
"6136385439","5e618452-d449-4290-a29c-6564b5fb3154","IOS2015022007301:23","Animalia","Arthropoda","Malacostraca","Euphausiacea","Euphausiidae","Euphausia","Euphausia pacifica",49.145,-123.613
"6136385438","5e618452-d449-4290-a29c-6564b5fb3154","IOS2015022007301:24","Animalia","Arthropoda","Malacostraca","Euphausiacea","Euphausiidae","Euphausia","Euphausia pacifica",49.145,-123.613
"6136385436","5e618452-d449-4290-a29c-6564b5fb3154","IOS2015022007301:25","Animalia","Arthropoda","Malacostraca","Euphausiacea","Euphausiidae","Euphausia","Euphausia pacifica",49.145,-123.613
"6136385428","5e618452-d449-4290-a29c-6564b5fb3154","IOS2015022007301:26","Animalia","Arthropoda","Malacostraca","Euphausiacea","Euphausiidae","Euphausia","Euphausia pacifica",49.145,-123.613
"6136385355","5e618452-d449-4290-a29c-6564b5fb3154","IOS2015019009501:18","Animalia","Arthropoda","Malacostraca","Euphausiacea","Euphausiidae","Euphausia","Euphausia pacifica",49.366,-124.084
"6136385354","5e618452-d449-4290-a29c-6564b5fb3154","IOS2015019009501:19","Animalia","Arthropoda","Malacostraca","Euphausiacea","Euphausiidae","Euphausia","Euphausia pacifica",49.366,-124.084
"6136385303","5e618452-d449-4290-a29c-6564b5fb3154","IOS2017001012201:24","Animalia","Arthropoda","Malacostraca","Euphausiacea","Euphausiidae","Euphausia","Euphausia pacifica",49.251,-123.749
"6136385230","5e618452-d449-4290-a29c-6564b5fb3154","IOS2015022010601:32","Animalia","Arthropoda","Malacostraca","Euphausiacea","Euphausiidae","Euphausia","Euphausia pacifica",49.144,-123.612
"6136385228","5e618452-d449-4290-a29c-6564b5fb3154","IOS2015022010601:33","Animalia","Arthropoda","Malacostraca","Euphausiacea","Euphausiidae","Euphausia","Euphausia pacifica",49.144,-123.612
"6136385205","5e618452-d449-4290-a29c-6564b5fb3154","IOS2015022010601:30","Animalia","Arthropoda","Malacostraca","Euphausiacea","Euphausiidae","Euphausia","Euphausia pacifica",49.144,-123.612
"6136385203","5e618452-d449-4290-a29c-6564b5fb3154","IOS2015022010601:31","Animalia","Arthropoda","Malacostraca","Euphausiacea","Euphausiidae","Euphausia","Euphausia pacifica",49.144,-123.612
"6136385067","5e618452-d449-4290-a29c-6564b5fb3154","IOS2017026001201:35","Animalia","Arthropoda","Malacostraca","Euphausiacea","Euphausiidae","Euphausia","Euphausia pacifica",49.246,-123.743
"6136385061","5e618452-d449-4290-a29c-6564b5fb3154","IOS2017026001201:36","Animalia","Arthropoda","Malacostraca","Euphausiacea","Euphausiidae","Euphausia","Euphausia pacifica",49.246,-123.743
"6136385059","5e618452-d449-4290-a29c-6564b5fb3154","IOS2017026001201:37","Animalia","Arthropoda","Malacostraca","Euphausiacea","Euphausiidae","Euphausia","Euphausia pacifica",49.246,-123.743
"6136384907","5e618452-d449-4290-a29c-6564b5fb3154","IOS2016003000401:17","Animalia","Arthropoda","Malacostraca","Euphausiacea","Euphausiidae","Euphausia","Euphausia pacifica",49.143,-123.615
"6136384906","5e618452-d449-4290-a29c-6564b5fb3154","IOS2016003000401:18","Animalia","Arthropoda","Malacostraca","Euphausiacea","Euphausiidae","Euphausia","Euphausia pacifica",49.143,-123.615
"6136384898","5e618452-d449-4290-a29c-6564b5fb3154","IOS2016003000401:16","Animalia","Arthropoda","Malacostraca","Euphausiacea","Euphausiidae","Euphausia","Euphausia pacifica",49.143,-123.615
"6136384694","5e618452-d449-4290-a29c-6564b5fb3154","PBS2009046003201:11","Animalia","Arthropoda","Malacostraca","Euphausiacea","Euphausiidae","Euphausia","Euphausia pacifica",49.61,-124.565
"6136384677","5e618452-d449-4290-a29c-6564b5fb3154","PBS2009046003201:10","Animalia","Arthropoda","Malacostraca","Euphausiacea","Euphausiidae","Euphausia","Euphausia pacifica",49.61,-124.565
"6136384634","5e618452-d449-4290-a29c-6564b5fb3154","IOS2014023003401:30","Animalia","Arthropoda","Malacostraca","Euphausiacea","Euphausiidae","Euphausia","Euphausia pacifica",49.367,-124.086
"6136384633","5e618452-d449-4290-a29c-6564b5fb3154","IOS2014023003401:31","Animalia","Arthropoda","Malacostraca","Euphausiacea","Euphausiidae","Euphausia","Euphausia pacifica",49.367,-124.086
"6136384598","5e618452-d449-4290-a29c-6564b5fb3154","IOS2014023003401:29","Animalia","Arthropoda","Malacostraca","Euphausiacea","Euphausiidae","Euphausia","Euphausia pacifica",49.367,-124.086
"6136384426","5e618452-d449-4290-a29c-6564b5fb3154","IOS2016071003801:13","Animalia","Arthropoda","Malacostraca","Euphausiacea","Euphausiidae","Euphausia","Euphausia pacifica",49.142,-123.612
"6136384425","5e618452-d449-4290-a29c-6564b5fb3154","IOS2016071003801:14","Animalia","Arthropoda","Malacostraca","Euphausiacea","Euphausiidae","Euphausia","Euphausia pacifica",49.142,-123.612
"6136384417","5e618452-d449-4290-a29c-6564b5fb3154","IOS2016071003801:11","Animalia","Arthropoda","Malacostraca","Euphausiacea","Euphausiidae","Euphausia","Euphausia pacifica",49.142,-123.612
"6136384416","5e618452-d449-4290-a29c-6564b5fb3154","IOS2016071003801:12","Animalia","Arthropoda","Malacostraca","Euphausiacea","Euphausiidae","Euphausia","Euphausia pacifica",49.142,-123.612
"6136384218","5e618452-d449-4290-a29c-6564b5fb3154","IOS2016056001401:23","Animalia","Arthropoda","Malacostraca","Euphausiacea","Euphausiidae","Euphausia","Euphausia pacifica",49.197,-123.436
"6136384216","5e618452-d449-4290-a29c-6564b5fb3154","IOS2016056001401:24","Animalia","Arthropoda","Malacostraca","Euphausiacea","Euphausiidae","Euphausia","Euphausia pacifica",49.197,-123.436
"6136384209","5e618452-d449-4290-a29c-6564b5fb3154","IOS2016056001401:22","Animalia","Arthropoda","Malacostraca","Euphausiacea","Euphausiidae","Euphausia","Euphausia pacifica",49.197,-123.436
"6136384071","5e618452-d449-4290-a29c-6564b5fb3154","PBS2009041030201:15","Animalia","Arthropoda","Malacostraca","Euphausiacea","Euphausiidae","Euphausia","Euphausia pacifica",49.814,-124.714
"6136384066","5e618452-d449-4290-a29c-6564b5fb3154","PBS2009041030201:18","Animalia","Arthropoda","Malacostraca","Euphausiacea","Euphausiidae","Euphausia","Euphausia pacifica",49.814,-124.714
"6136384064","5e618452-d449-4290-a29c-6564b5fb3154","PBS2009041030201:16","Animalia","Arthropoda","Malacostraca","Euphausiacea","Euphausiidae","Euphausia","Euphausia pacifica",49.814,-124.714
"6136384063","5e618452-d449-4290-a29c-6564b5fb3154","PBS2009041030201:17","Animalia","Arthropoda","Malacostraca","Euphausiacea","Euphausiidae","Euphausia","Euphausia pacifica",49.814,-124.714
"6136384042","5e618452-d449-4290-a29c-6564b5fb3154","IOS2017007014301:25","Animalia","Arthropoda","Malacostraca","Euphausiacea","Euphausiidae","Euphausia","Euphausia pacifica",49.25,-123.75
"6136384038","5e618452-d449-4290-a29c-6564b5fb3154","IOS2017007014301:23","Animalia","Arthropoda","Malacostraca","Euphausiacea","Euphausiidae","Euphausia","Euphausia pacifica",49.25,-123.75
"6136384037","5e618452-d449-4290-a29c-6564b5fb3154","IOS2017007014301:24","Animalia","Arthropoda","Malacostraca","Euphausiacea","Euphausiidae","Euphausia","Euphausia pacifica",49.25,-123.75
"6136383950","5e618452-d449-4290-a29c-6564b5fb3154","IOS2018035000501:34","Animalia","Arthropoda","Malacostraca","Euphausiacea","Euphausiidae","Euphausia","Euphausia pacifica",49.26,-123.755
"6136383949","5e618452-d449-4290-a29c-6564b5fb3154","IOS2018035000501:35","Animalia","Arthropoda","Malacostraca","Euphausiacea","Euphausiidae","Euphausia","Euphausia pacifica",49.26,-123.755
"6136383828","5e618452-d449-4290-a29c-6564b5fb3154","IOS2016062020701:19","Animalia","Arthropoda","Malacostraca","Euphausiacea","Euphausiidae","Euphausia","Euphausia pacifica",49.055,-123.373
"6136383813","5e618452-d449-4290-a29c-6564b5fb3154","IOS2016062020701:18","Animalia","Arthropoda","Malacostraca","Euphausiacea","Euphausiidae","Euphausia","Euphausia pacifica",49.055,-123.373
"6136383738","5e618452-d449-4290-a29c-6564b5fb3154","IOS2016062020701:22","Animalia","Arthropoda","Malacostraca","Euphausiacea","Euphausiidae","Euphausia","Euphausia pacifica",49.055,-123.373
"6136383729","5e618452-d449-4290-a29c-6564b5fb3154","IOS2016062020701:20","Animalia","Arthropoda","Malacostraca","Euphausiacea","Euphausiidae","Euphausia","Euphausia pacifica",49.055,-123.373
"6136383727","5e618452-d449-4290-a29c-6564b5fb3154","IOS2016062020701:21","Animalia","Arthropoda","Malacostraca","Euphausiacea","Euphausiidae","Euphausia","Euphausia pacifica",49.055,-123.373
"6136383543","5e618452-d449-4290-a29c-6564b5fb3154","UVI2004000001201:17","Animalia","Arthropoda","Malacostraca","Euphausiacea","Euphausiidae","Euphausia","Euphausia pacifica",49.25,-123.748
"6136383357","5e618452-d449-4290-a29c-6564b5fb3154","IOS2009026007501:23","Animalia","Arthropoda","Malacostraca","Euphausiacea","Euphausiidae","Euphausia","Euphausia pacifica",49.367,-124.086
"6136383356","5e618452-d449-4290-a29c-6564b5fb3154","IOS2009026007501:24","Animalia","Arthropoda","Malacostraca","Euphausiacea","Euphausiidae","Euphausia","Euphausia pacifica",49.367,-124.086
"6136383355","5e618452-d449-4290-a29c-6564b5fb3154","IOS2009026007501:21","Animalia","Arthropoda","Malacostraca","Euphausiacea","Euphausiidae","Euphausia","Euphausia pacifica",49.367,-124.086
"6136383354","5e618452-d449-4290-a29c-6564b5fb3154","IOS2009026007501:22","Animalia","Arthropoda","Malacostraca","Euphausiacea","Euphausiidae","Euphausia","Euphausia pacifica",49.367,-124.086
"6136383353","5e618452-d449-4290-a29c-6564b5fb3154","IOS2009026007501:20","Animalia","Arthropoda","Malacostraca","Euphausiacea","Euphausiidae","Euphausia","Euphausia pacifica",49.367,-124.086
"6136382895","5e618452-d449-4290-a29c-6564b5fb3154","IOS2012005003001:25","Animalia","Arthropoda","Malacostraca","Euphausiacea","Euphausiidae","Euphausia","Euphausia pacifica",49.466,-124.499
"6136382894","5e618452-d449-4290-a29c-6564b5fb3154","IOS2012005003001:26","Animalia","Arthropoda","Malacostraca","Euphausiacea","Euphausiidae","Euphausia","Euphausia pacifica",49.466,-124.499
"6136382888","5e618452-d449-4290-a29c-6564b5fb3154","IOS2012005003001:24","Animalia","Arthropoda","Malacostraca","Euphausiacea","Euphausiidae","Euphausia","Euphausia pacifica",49.466,-124.499
"6136382775","5e618452-d449-4290-a29c-6564b5fb3154","IOS2016056005301:28","Animalia","Arthropoda","Malacostraca","Euphausiacea","Euphausiidae","Euphausia","Euphausia pacifica",49.504,-124.101
"6136382766","5e618452-d449-4290-a29c-6564b5fb3154","IOS2015020021501:31","Animalia","Arthropoda","Malacostraca","Euphausiacea","Euphausiidae","Euphausia","Euphausia pacifica",49.202,-123.44
"6136382763","5e618452-d449-4290-a29c-6564b5fb3154","IOS2015020021501:32","Animalia","Arthropoda","Malacostraca","Euphausiacea","Euphausiidae","Euphausia","Euphausia pacifica",49.202,-123.44
"6136382760","5e618452-d449-4290-a29c-6564b5fb3154","IOS2015020021501:33","Animalia","Arthropoda","Malacostraca","Euphausiacea","Euphausiidae","Euphausia","Euphausia pacifica",49.202,-123.44
"6136382757","5e618452-d449-4290-a29c-6564b5fb3154","IOS2016056005301:27","Animalia","Arthropoda","Malacostraca","Euphausiacea","Euphausiidae","Euphausia","Euphausia pacifica",49.504,-124.101
"6136382703","5e618452-d449-4290-a29c-6564b5fb3154","IOS2002006001501:13","Animalia","Arthropoda","Malacostraca","Euphausiacea","Euphausiidae","Euphausia","Euphausia pacifica",49.603,-124.449
"6136382700","5e618452-d449-4290-a29c-6564b5fb3154","IOS2002006001501:14","Animalia","Arthropoda","Malacostraca","Euphausiacea","Euphausiidae","Euphausia","Euphausia pacifica",49.603,-124.449
"6136382677","5e618452-d449-4290-a29c-6564b5fb3154","IOS2002006001501:15","Animalia","Arthropoda","Malacostraca","Euphausiacea","Euphausiidae","Euphausia","Euphausia pacifica",49.603,-124.449
"6136382530","5e618452-d449-4290-a29c-6564b5fb3154","IOS1998036013001:11","Animalia","Arthropoda","Malacostraca","Euphausiacea","Euphausiidae","Euphausia","Euphausia pacifica",49.352,-124.112
"6136382529","5e618452-d449-4290-a29c-6564b5fb3154","IOS1998036013001:12","Animalia","Arthropoda","Malacostraca","Euphausiacea","Euphausiidae","Euphausia","Euphausia pacifica",49.352,-124.112
"6136382528","5e618452-d449-4290-a29c-6564b5fb3154","IOS1998036013001:13","Animalia","Arthropoda","Malacostraca","Euphausiacea","Euphausiidae","Euphausia","Euphausia pacifica",49.352,-124.112
"6136382526","5e618452-d449-4290-a29c-6564b5fb3154","IOS1998036013001:10","Animalia","Arthropoda","Malacostraca","Euphausiacea","Euphausiidae","Euphausia","Euphausia pacifica",49.352,-124.112
"6136382501","5e618452-d449-4290-a29c-6564b5fb3154","PBS2009041032701:19","Animalia","Arthropoda","Malacostraca","Euphausiacea","Euphausiidae","Euphausia","Euphausia pacifica",49.609,-124.564
"6136382500","5e618452-d449-4290-a29c-6564b5fb3154","PBS2009041032701:17","Animalia","Arthropoda","Malacostraca","Euphausiacea","Euphausiidae","Euphausia","Euphausia pacifica",49.609,-124.564
"6136382497","5e618452-d449-4290-a29c-6564b5fb3154","PBS2009041032701:18","Animalia","Arthropoda","Malacostraca","Euphausiacea","Euphausiidae","Euphausia","Euphausia pacifica",49.609,-124.564
"6136382476","5e618452-d449-4290-a29c-6564b5fb3154","IOS2015022019601:22","Animalia","Arthropoda","Malacostraca","Euphausiacea","Euphausiidae","Euphausia","Euphausia pacifica",49.706,-124.722
"6136382475","5e618452-d449-4290-a29c-6564b5fb3154","IOS2015022019601:23","Animalia","Arthropoda","Malacostraca","Euphausiacea","Euphausiidae","Euphausia","Euphausia pacifica",49.706,-124.722
"6136382455","5e618452-d449-4290-a29c-6564b5fb3154","PBS2009041032701:20","Animalia","Arthropoda","Malacostraca","Euphausiacea","Euphausiidae","Euphausia","Euphausia pacifica",49.609,-124.564
"6136382413","5e618452-d449-4290-a29c-6564b5fb3154","IOS2017009020101:20","Animalia","Arthropoda","Malacostraca","Euphausiacea","Euphausiidae","Euphausia","Euphausia pacifica",49.707,-124.722
"6136382370","5e618452-d449-4290-a29c-6564b5fb3154","IOS2017009020101:19","Animalia","Arthropoda","Malacostraca","Euphausiacea","Euphausiidae","Euphausia","Euphausia pacifica",49.707,-124.722
"6136382320","5e618452-d449-4290-a29c-6564b5fb3154","IOS2016009003201:20","Animalia","Arthropoda","Malacostraca","Euphausiacea","Euphausiidae","Euphausia","Euphausia pacifica",49.052,-123.373
"6136382234","5e618452-d449-4290-a29c-6564b5fb3154","IOS2010020001501:27","Animalia","Arthropoda","Malacostraca","Euphausiacea","Euphausiidae","Euphausia","Euphausia pacifica",49.25,-123.75
"6136382231","5e618452-d449-4290-a29c-6564b5fb3154","IOS2010020001501:28","Animalia","Arthropoda","Malacostraca","Euphausiacea","Euphausiidae","Euphausia","Euphausia pacifica",49.25,-123.75
"6136382063","5e618452-d449-4290-a29c-6564b5fb3154","UBC9999099000101:15","Animalia","Arthropoda","Malacostraca","Euphausiacea","Euphausiidae","Euphausia","Euphausia pacifica",49.25,-123.667
"6136382059","5e618452-d449-4290-a29c-6564b5fb3154","UBC9999099000101:13","Animalia","Arthropoda","Malacostraca","Euphausiacea","Euphausiidae","Euphausia","Euphausia pacifica",49.25,-123.667
"6136382057","5e618452-d449-4290-a29c-6564b5fb3154","UBC9999099000101:14","Animalia","Arthropoda","Malacostraca","Euphausiacea","Euphausiidae","Euphausia","Euphausia pacifica",49.25,-123.667
"6136381901","5e618452-d449-4290-a29c-6564b5fb3154","IOS2016009010801:32","Animalia","Arthropoda","Malacostraca","Euphausiacea","Euphausiidae","Euphausia","Euphausia pacifica",49.207,-123.436
"6136381900","5e618452-d449-4290-a29c-6564b5fb3154","IOS2016009010801:33","Animalia","Arthropoda","Malacostraca","Euphausiacea","Euphausiidae","Euphausia","Euphausia pacifica",49.207,-123.436
"6136381705","5e618452-d449-4290-a29c-6564b5fb3154","IOS2015021015401:21","Animalia","Arthropoda","Malacostraca","Euphausiacea","Euphausiidae","Euphausia","Euphausia pacifica",49.669,-124.27
"6136381653","5e618452-d449-4290-a29c-6564b5fb3154","IOS2013013006201:12","Animalia","Arthropoda","Malacostraca","Euphausiacea","Euphausiidae","Euphausia","Euphausia pacifica",49.366,-124.084
"6136381381","5e618452-d449-4290-a29c-6564b5fb3154","PBS2009046005201:17","Animalia","Arthropoda","Malacostraca","Euphausiacea","Euphausiidae","Euphausia","Euphausia pacifica",48.944,-123.306
"6136381380","5e618452-d449-4290-a29c-6564b5fb3154","PBS2009046005201:18","Animalia","Arthropoda","Malacostraca","Euphausiacea","Euphausiidae","Euphausia","Euphausia pacifica",48.944,-123.306
"6136381373","5e618452-d449-4290-a29c-6564b5fb3154","PBS2009046005201:15","Animalia","Arthropoda","Malacostraca","Euphausiacea","Euphausiidae","Euphausia","Euphausia pacifica",48.944,-123.306
"6136381372","5e618452-d449-4290-a29c-6564b5fb3154","PBS2009046005201:16","Animalia","Arthropoda","Malacostraca","Euphausiacea","Euphausiidae","Euphausia","Euphausia pacifica",48.944,-123.306
"6136381371","5e618452-d449-4290-a29c-6564b5fb3154","PBS2011002043201:10","Animalia","Arthropoda","Malacostraca","Euphausiacea","Euphausiidae","Euphausia","Euphausia pacifica",49.491,-124.07
"6136381063","5e618452-d449-4290-a29c-6564b5fb3154","IOS2016010005701:19","Animalia","Arthropoda","Malacostraca","Euphausiacea","Euphausiidae","Euphausia","Euphausia pacifica",49.055,-123.372
"6136381054","5e618452-d449-4290-a29c-6564b5fb3154","IOS2016009011101:38","Animalia","Arthropoda","Malacostraca","Euphausiacea","Euphausiidae","Euphausia","Euphausia pacifica",49.053,-123.371
"6136381047","5e618452-d449-4290-a29c-6564b5fb3154","IOS2015019006901:18","Animalia","Arthropoda","Malacostraca","Euphausiacea","Euphausiidae","Euphausia","Euphausia pacifica",49.886,-124.996
"6136381045","5e618452-d449-4290-a29c-6564b5fb3154","IOS2016009011101:37","Animalia","Arthropoda","Malacostraca","Euphausiacea","Euphausiidae","Euphausia","Euphausia pacifica",49.053,-123.371
"6136381034","5e618452-d449-4290-a29c-6564b5fb3154","IOS2003037001401:10","Animalia","Arthropoda","Malacostraca","Euphausiacea","Euphausiidae","Euphausia","Euphausia pacifica",49.367,-124.081
"6136381031","5e618452-d449-4290-a29c-6564b5fb3154","IOS2016010005701:17","Animalia","Arthropoda","Malacostraca","Euphausiacea","Euphausiidae","Euphausia","Euphausia pacifica",49.055,-123.372
"6136381030","5e618452-d449-4290-a29c-6564b5fb3154","IOS2016010005701:18","Animalia","Arthropoda","Malacostraca","Euphausiacea","Euphausiidae","Euphausia","Euphausia pacifica",49.055,-123.372
"6136381010","5e618452-d449-4290-a29c-6564b5fb3154","IOS2003037001401:11","Animalia","Arthropoda","Malacostraca","Euphausiacea","Euphausiidae","Euphausia","Euphausia pacifica",49.367,-124.081
"6136381009","5e618452-d449-4290-a29c-6564b5fb3154","IOS2003037001401:12","Animalia","Arthropoda","Malacostraca","Euphausiacea","Euphausiidae","Euphausia","Euphausia pacifica",49.367,-124.081
"6136380975","5e618452-d449-4290-a29c-6564b5fb3154","IOS2012005003701:27","Animalia","Arthropoda","Malacostraca","Euphausiacea","Euphausiidae","Euphausia","Euphausia pacifica",49.367,-124.085
"6136380973","5e618452-d449-4290-a29c-6564b5fb3154","IOS2012005003701:28","Animalia","Arthropoda","Malacostraca","Euphausiacea","Euphausiidae","Euphausia","Euphausia pacifica",49.367,-124.085
"6136380970","5e618452-d449-4290-a29c-6564b5fb3154","IOS2012005003701:29","Animalia","Arthropoda","Malacostraca","Euphausiacea","Euphausiidae","Euphausia","Euphausia pacifica",49.367,-124.085
"6136380928","5e618452-d449-4290-a29c-6564b5fb3154","IOS2018031005101:18","Animalia","Arthropoda","Malacostraca","Euphausiacea","Euphausiidae","Euphausia","Euphausia pacifica",49.055,-123.372
"6136380927","5e618452-d449-4290-a29c-6564b5fb3154","IOS2018031005101:19","Animalia","Arthropoda","Malacostraca","Euphausiacea","Euphausiidae","Euphausia","Euphausia pacifica",49.055,-123.372
"6136380878","5e618452-d449-4290-a29c-6564b5fb3154","IOS2004006002501:10","Animalia","Arthropoda","Malacostraca","Euphausiacea","Euphausiidae","Euphausia","Euphausia pacifica",49.386,-123.967
"6136380779","5e618452-d449-4290-a29c-6564b5fb3154","PBS2014016019801:11","Animalia","Arthropoda","Malacostraca","Euphausiacea","Euphausiidae","Euphausia","Euphausia pacifica",49.896,-125.049
"6136380778","5e618452-d449-4290-a29c-6564b5fb3154","PBS2014016019801:12","Animalia","Arthropoda","Malacostraca","Euphausiacea","Euphausiidae","Euphausia","Euphausia pacifica",49.896,-125.049
"6136380777","5e618452-d449-4290-a29c-6564b5fb3154","PBS2014016019801:13","Animalia","Arthropoda","Malacostraca","Euphausiacea","Euphausiidae","Euphausia","Euphausia pacifica",49.896,-125.049
"6136380717","5e618452-d449-4290-a29c-6564b5fb3154","IOS2000005002701:15","Animalia","Arthropoda","Malacostraca","Euphausiacea","Euphausiidae","Euphausia","Euphausia pacifica",49.467,-124.5
"6136380716","5e618452-d449-4290-a29c-6564b5fb3154","IOS2000005002701:16","Animalia","Arthropoda","Malacostraca","Euphausiacea","Euphausiidae","Euphausia","Euphausia pacifica",49.467,-124.5
"6136380712","5e618452-d449-4290-a29c-6564b5fb3154","IOS2000005002701:17","Animalia","Arthropoda","Malacostraca","Euphausiacea","Euphausiidae","Euphausia","Euphausia pacifica",49.467,-124.5
"6136380564","5e618452-d449-4290-a29c-6564b5fb3154","PBS2009001003901:18","Animalia","Arthropoda","Malacostraca","Euphausiacea","Euphausiidae","Euphausia","Euphausia pacifica",49.445,-123.843
"6136380563","5e618452-d449-4290-a29c-6564b5fb3154","PBS2009001003901:19","Animalia","Arthropoda","Malacostraca","Euphausiacea","Euphausiidae","Euphausia","Euphausia pacifica",49.445,-123.843
"6136380490","5e618452-d449-4290-a29c-6564b5fb3154","IOS2013012004001:29","Animalia","Arthropoda","Malacostraca","Euphausiacea","Euphausiidae","Euphausia","Euphausia pacifica",49.705,-124.723
"6136380351","5e618452-d449-4290-a29c-6564b5fb3154","UBC9999099002001:24","Animalia","Arthropoda","Malacostraca","Euphausiacea","Euphausiidae","Euphausia","Euphausia pacifica",49.25,-123.667
"6136380300","5e618452-d449-4290-a29c-6564b5fb3154","IOS2018030008401:28","Animalia","Arthropoda","Malacostraca","Euphausiacea","Euphausiidae","Euphausia","Euphausia pacifica",49.707,-124.731
"6136380297","5e618452-d449-4290-a29c-6564b5fb3154","IOS2018030008401:26","Animalia","Arthropoda","Malacostraca","Euphausiacea","Euphausiidae","Euphausia","Euphausia pacifica",49.707,-124.731
"6136380295","5e618452-d449-4290-a29c-6564b5fb3154","IOS2018030008401:27","Animalia","Arthropoda","Malacostraca","Euphausiacea","Euphausiidae","Euphausia","Euphausia pacifica",49.707,-124.731
"6136380118","5e618452-d449-4290-a29c-6564b5fb3154","IOS2013012004001:26","Animalia","Arthropoda","Malacostraca","Euphausiacea","Euphausiidae","Euphausia","Euphausia pacifica",49.705,-124.723
"6136380117","5e618452-d449-4290-a29c-6564b5fb3154","IOS2013012004001:27","Animalia","Arthropoda","Malacostraca","Euphausiacea","Euphausiidae","Euphausia","Euphausia pacifica",49.705,-124.723
"6136380115","5e618452-d449-4290-a29c-6564b5fb3154","IOS2013012004001:28","Animalia","Arthropoda","Malacostraca","Euphausiacea","Euphausiidae","Euphausia","Euphausia pacifica",49.705,-124.723
"6136379988","5e618452-d449-4290-a29c-6564b5fb3154","IOS2003037006501:11","Animalia","Arthropoda","Malacostraca","Euphausiacea","Euphausiidae","Euphausia","Euphausia pacifica",49.25,-123.75
"6136379987","5e618452-d449-4290-a29c-6564b5fb3154","IOS2003037006501:12","Animalia","Arthropoda","Malacostraca","Euphausiacea","Euphausiidae","Euphausia","Euphausia pacifica",49.25,-123.75
"6136379960","5e618452-d449-4290-a29c-6564b5fb3154","IOS2013013009901:16","Animalia","Arthropoda","Malacostraca","Euphausiacea","Euphausiidae","Euphausia","Euphausia pacifica",49.662,-124.263
"6136379958","5e618452-d449-4290-a29c-6564b5fb3154","IOS2013013009901:17","Animalia","Arthropoda","Malacostraca","Euphausiacea","Euphausiidae","Euphausia","Euphausia pacifica",49.662,-124.263
"6136379899","5e618452-d449-4290-a29c-6564b5fb3154","UVI2005000000801:14","Animalia","Arthropoda","Malacostraca","Euphausiacea","Euphausiidae","Euphausia","Euphausia pacifica",49.25,-123.748
"6136379889","5e618452-d449-4290-a29c-6564b5fb3154","UVI2005000000801:15","Animalia","Arthropoda","Malacostraca","Euphausiacea","Euphausiidae","Euphausia","Euphausia pacifica",49.25,-123.748
"6136379808","5e618452-d449-4290-a29c-6564b5fb3154","IOS2017007004401:29","Animalia","Arthropoda","Malacostraca","Euphausiacea","Euphausiidae","Euphausia","Euphausia pacifica",49.469,-124.502
"6136379805","5e618452-d449-4290-a29c-6564b5fb3154","IOS2017007004401:28","Animalia","Arthropoda","Malacostraca","Euphausiacea","Euphausiidae","Euphausia","Euphausia pacifica",49.469,-124.502
"6136379641","5e618452-d449-4290-a29c-6564b5fb3154","IOS2010015015601:17","Animalia","Arthropoda","Malacostraca","Euphausiacea","Euphausiidae","Euphausia","Euphausia pacifica",49.25,-123.752
"6136379640","5e618452-d449-4290-a29c-6564b5fb3154","IOS2010015015601:18","Animalia","Arthropoda","Malacostraca","Euphausiacea","Euphausiidae","Euphausia","Euphausia pacifica",49.25,-123.752
"6136379607","5e618452-d449-4290-a29c-6564b5fb3154","UVI2003031008001:11","Animalia","Arthropoda","Malacostraca","Euphausiacea","Euphausiidae","Euphausia","Euphausia pacifica",49.25,-123.748
"6136379606","5e618452-d449-4290-a29c-6564b5fb3154","UVI2003031008001:12","Animalia","Arthropoda","Malacostraca","Euphausiacea","Euphausiidae","Euphausia","Euphausia pacifica",49.25,-123.748
"6136379529","5e618452-d449-4290-a29c-6564b5fb3154","IOS2014006006601:16","Animalia","Arthropoda","Malacostraca","Euphausiacea","Euphausiidae","Euphausia","Euphausia pacifica",49.466,-124.499
"6136379525","5e618452-d449-4290-a29c-6564b5fb3154","IOS2014006006601:17","Animalia","Arthropoda","Malacostraca","Euphausiacea","Euphausiidae","Euphausia","Euphausia pacifica",49.466,-124.499
"6136379515","5e618452-d449-4290-a29c-6564b5fb3154","IOS2014006006601:18","Animalia","Arthropoda","Malacostraca","Euphausiacea","Euphausiidae","Euphausia","Euphausia pacifica",49.466,-124.499
"6136379264","5e618452-d449-4290-a29c-6564b5fb3154","UBC9999099000601:10","Animalia","Arthropoda","Malacostraca","Euphausiacea","Euphausiidae","Euphausia","Euphausia pacifica",49.25,-123.667
"6136379163","5e618452-d449-4290-a29c-6564b5fb3154","IOS2016009020001:18","Animalia","Arthropoda","Malacostraca","Euphausiacea","Euphausiidae","Euphausia","Euphausia pacifica",49.249,-123.747
"6136379162","5e618452-d449-4290-a29c-6564b5fb3154","IOS2015021015901:17","Animalia","Arthropoda","Malacostraca","Euphausiacea","Euphausiidae","Euphausia","Euphausia pacifica",49.249,-123.749
"6136379160","5e618452-d449-4290-a29c-6564b5fb3154","IOS2015021015901:18","Animalia","Arthropoda","Malacostraca","Euphausiacea","Euphausiidae","Euphausia","Euphausia pacifica",49.249,-123.749
"6136379157","5e618452-d449-4290-a29c-6564b5fb3154","PBS2013010000201:13","Animalia","Arthropoda","Malacostraca","Euphausiacea","Euphausiidae","Euphausia","Euphausia pacifica",49.198,-123.738
"6136379149","5e618452-d449-4290-a29c-6564b5fb3154","PBS2013010000201:14","Animalia","Arthropoda","Malacostraca","Euphausiacea","Euphausiidae","Euphausia","Euphausia pacifica",49.198,-123.738
"6136378968","5e618452-d449-4290-a29c-6564b5fb3154","IOS2017065006201:18","Animalia","Arthropoda","Malacostraca","Euphausiacea","Euphausiidae","Euphausia","Euphausia pacifica",49.25,-123.748
"6136378965","5e618452-d449-4290-a29c-6564b5fb3154","IOS2017065006201:17","Animalia","Arthropoda","Malacostraca","Euphausiacea","Euphausiidae","Euphausia","Euphausia pacifica",49.25,-123.748
"6136378724","5e618452-d449-4290-a29c-6564b5fb3154","IOS2015022003701:22","Animalia","Arthropoda","Malacostraca","Euphausiacea","Euphausiidae","Euphausia","Euphausia pacifica",49.665,-124.27
"6136378718","5e618452-d449-4290-a29c-6564b5fb3154","IOS1997037008701A:16","Animalia","Arthropoda","Malacostraca","Euphausiacea","Euphausiidae","Euphausia","Euphausia pacifica",49.25,-123.75
"6136378713","5e618452-d449-4290-a29c-6564b5fb3154","IOS2016056000901:23","Animalia","Arthropoda","Malacostraca","Euphausiacea","Euphausiidae","Euphausia","Euphausia pacifica",49.053,-123.371
"6136378710","5e618452-d449-4290-a29c-6564b5fb3154","IOS2016056000901:24","Animalia","Arthropoda","Malacostraca","Euphausiacea","Euphausiidae","Euphausia","Euphausia pacifica",49.053,-123.371
"6136378709","5e618452-d449-4290-a29c-6564b5fb3154","IOS2016056000901:25","Animalia","Arthropoda","Malacostraca","Euphausiacea","Euphausiidae","Euphausia","Euphausia pacifica",49.053,-123.371
"6136378708","5e618452-d449-4290-a29c-6564b5fb3154","IOS2016056000901:26","Animalia","Arthropoda","Malacostraca","Euphausiacea","Euphausiidae","Euphausia","Euphausia pacifica",49.053,-123.371
"6136378478","5e618452-d449-4290-a29c-6564b5fb3154","IOS2017007018901:17","Animalia","Arthropoda","Malacostraca","Euphausiacea","Euphausiidae","Euphausia","Euphausia pacifica",49.67,-124.274
"6136378473","5e618452-d449-4290-a29c-6564b5fb3154","IOS2017007018901:18","Animalia","Arthropoda","Malacostraca","Euphausiacea","Euphausiidae","Euphausia","Euphausia pacifica",49.67,-124.274
"6136378384","5e618452-d449-4290-a29c-6564b5fb3154","IOS2015022002701:30","Animalia","Arthropoda","Malacostraca","Euphausiacea","Euphausiidae","Euphausia","Euphausia pacifica",49.055,-123.372
"6136378334","5e618452-d449-4290-a29c-6564b5fb3154","IOS2015022002701:28","Animalia","Arthropoda","Malacostraca","Euphausiacea","Euphausiidae","Euphausia","Euphausia pacifica",49.055,-123.372
"6136378331","5e618452-d449-4290-a29c-6564b5fb3154","IOS2015022002701:29","Animalia","Arthropoda","Malacostraca","Euphausiacea","Euphausiidae","Euphausia","Euphausia pacifica",49.055,-123.372
"6136378250","5e618452-d449-4290-a29c-6564b5fb3154","UVI2003031008701:11","Animalia","Arthropoda","Malacostraca","Euphausiacea","Euphausiidae","Euphausia","Euphausia pacifica",49.25,-123.748
"6136378249","5e618452-d449-4290-a29c-6564b5fb3154","UVI2003031008701:12","Animalia","Arthropoda","Malacostraca","Euphausiacea","Euphausiidae","Euphausia","Euphausia pacifica",49.25,-123.748
"6136378199","5e618452-d449-4290-a29c-6564b5fb3154","IOS2009008015701:26","Animalia","Arthropoda","Malacostraca","Euphausiacea","Euphausiidae","Euphausia","Euphausia pacifica",49.252,-123.749
"6136378198","5e618452-d449-4290-a29c-6564b5fb3154","IOS2009008015701:27","Animalia","Arthropoda","Malacostraca","Euphausiacea","Euphausiidae","Euphausia","Euphausia pacifica",49.252,-123.749
"6136377982","5e618452-d449-4290-a29c-6564b5fb3154","IOS2016009016201:25","Animalia","Arthropoda","Malacostraca","Euphausiacea","Euphausiidae","Euphausia","Euphausia pacifica",49.454,-124.5
"6136377981","5e618452-d449-4290-a29c-6564b5fb3154","IOS2016009016201:26","Animalia","Arthropoda","Malacostraca","Euphausiacea","Euphausiidae","Euphausia","Euphausia pacifica",49.454,-124.5
"6136377980","5e618452-d449-4290-a29c-6564b5fb3154","IOS2016009016201:23","Animalia","Arthropoda","Malacostraca","Euphausiacea","Euphausiidae","Euphausia","Euphausia pacifica",49.454,-124.5
"6136377979","5e618452-d449-4290-a29c-6564b5fb3154","IOS2016009016201:24","Animalia","Arthropoda","Malacostraca","Euphausiacea","Euphausiidae","Euphausia","Euphausia pacifica",49.454,-124.5
"6136377909","5e618452-d449-4290-a29c-6564b5fb3154","IOS2013058016101:16","Animalia","Arthropoda","Malacostraca","Euphausiacea","Euphausiidae","Euphausia","Euphausia pacifica",49.366,-124.084
"6136377908","5e618452-d449-4290-a29c-6564b5fb3154","IOS2013058016101:17","Animalia","Arthropoda","Malacostraca","Euphausiacea","Euphausiidae","Euphausia","Euphausia pacifica",49.366,-124.084
"6136377595","5e618452-d449-4290-a29c-6564b5fb3154","IOS2017001011701A:21","Animalia","Arthropoda","Malacostraca","Euphausiacea","Euphausiidae","Euphausia","Euphausia pacifica",49.029,-123.437
"6136377579","5e618452-d449-4290-a29c-6564b5fb3154","PBS2011002036301:10","Animalia","Arthropoda","Malacostraca","Euphausiacea","Euphausiidae","Euphausia","Euphausia pacifica",49.833,-124.965
"6136377576","5e618452-d449-4290-a29c-6564b5fb3154","PBS2011002036301:11","Animalia","Arthropoda","Malacostraca","Euphausiacea","Euphausiidae","Euphausia","Euphausia pacifica",49.833,-124.965
"6136377452","5e618452-d449-4290-a29c-6564b5fb3154","IOS2016003002301:22","Animalia","Arthropoda","Malacostraca","Euphausiacea","Euphausiidae","Euphausia","Euphausia pacifica",49.503,-124.108
"6136377450","5e618452-d449-4290-a29c-6564b5fb3154","IOS2016003002301:23","Animalia","Arthropoda","Malacostraca","Euphausiacea","Euphausiidae","Euphausia","Euphausia pacifica",49.503,-124.108
"6136377449","5e618452-d449-4290-a29c-6564b5fb3154","IOS2016003002301:24","Animalia","Arthropoda","Malacostraca","Euphausiacea","Euphausiidae","Euphausia","Euphausia pacifica",49.503,-124.108
"6136377448","5e618452-d449-4290-a29c-6564b5fb3154","IOS2016003002301:25","Animalia","Arthropoda","Malacostraca","Euphausiacea","Euphausiidae","Euphausia","Euphausia pacifica",49.503,-124.108
"6136377330","5e618452-d449-4290-a29c-6564b5fb3154","IOS1999016004801:21","Animalia","Arthropoda","Malacostraca","Euphausiacea","Euphausiidae","Euphausia","Euphausia pacifica",49.351,-124.121
"6136377327","5e618452-d449-4290-a29c-6564b5fb3154","IOS1999016004801:22","Animalia","Arthropoda","Malacostraca","Euphausiacea","Euphausiidae","Euphausia","Euphausia pacifica",49.351,-124.121
"6136377310","5e618452-d449-4290-a29c-6564b5fb3154","IOS2014006004501:22","Animalia","Arthropoda","Malacostraca","Euphausiacea","Euphausiidae","Euphausia","Euphausia pacifica",49.054,-123.374
"6136377308","5e618452-d449-4290-a29c-6564b5fb3154","IOS2014006004501:23","Animalia","Arthropoda","Malacostraca","Euphausiacea","Euphausiidae","Euphausia","Euphausia pacifica",49.054,-123.374
"6136377303","5e618452-d449-4290-a29c-6564b5fb3154","IOS2014006004501:24","Animalia","Arthropoda","Malacostraca","Euphausiacea","Euphausiidae","Euphausia","Euphausia pacifica",49.054,-123.374
"6136377271","5e618452-d449-4290-a29c-6564b5fb3154","IOS2014006004501:21","Animalia","Arthropoda","Malacostraca","Euphausiacea","Euphausiidae","Euphausia","Euphausia pacifica",49.054,-123.374
"6136377006","5e618452-d449-4290-a29c-6564b5fb3154","IOS2017005017301:36","Animalia","Arthropoda","Malacostraca","Euphausiacea","Euphausiidae","Euphausia","Euphausia pacifica",49.505,-124.101
"6136377002","5e618452-d449-4290-a29c-6564b5fb3154","IOS2017005017301:37","Animalia","Arthropoda","Malacostraca","Euphausiacea","Euphausiidae","Euphausia","Euphausia pacifica",49.505,-124.101
"6136377001","5e618452-d449-4290-a29c-6564b5fb3154","IOS2017005017301:38","Animalia","Arthropoda","Malacostraca","Euphausiacea","Euphausiidae","Euphausia","Euphausia pacifica",49.505,-124.101
"6136376996","5e618452-d449-4290-a29c-6564b5fb3154","IOS2016062019401:19","Animalia","Arthropoda","Malacostraca","Euphausiacea","Euphausiidae","Euphausia","Euphausia pacifica",49.366,-124.09
"6136376984","5e618452-d449-4290-a29c-6564b5fb3154","IOS2016062019401:20","Animalia","Arthropoda","Malacostraca","Euphausiacea","Euphausiidae","Euphausia","Euphausia pacifica",49.366,-124.09
"6136376970","5e618452-d449-4290-a29c-6564b5fb3154","IOS2016062019401:21","Animalia","Arthropoda","Malacostraca","Euphausiacea","Euphausiidae","Euphausia","Euphausia pacifica",49.366,-124.09
"6136376797","5e618452-d449-4290-a29c-6564b5fb3154","PBS1997060000101:17","Animalia","Arthropoda","Malacostraca","Euphausiacea","Euphausiidae","Euphausia","Euphausia pacifica",49.25,-123.75
"6136376796","5e618452-d449-4290-a29c-6564b5fb3154","PBS1997060000101:18","Animalia","Arthropoda","Malacostraca","Euphausiacea","Euphausiidae","Euphausia","Euphausia pacifica",49.25,-123.75
"6136376795","5e618452-d449-4290-a29c-6564b5fb3154","PBS1997060000101:19","Animalia","Arthropoda","Malacostraca","Euphausiacea","Euphausiidae","Euphausia","Euphausia pacifica",49.25,-123.75
"6136376751","5e618452-d449-4290-a29c-6564b5fb3154","PBS1996053000201B:19","Animalia","Arthropoda","Malacostraca","Euphausiacea","Euphausiidae","Euphausia","Euphausia pacifica",49.25,-123.748
"6136376747","5e618452-d449-4290-a29c-6564b5fb3154","IOS2017005018301:40","Animalia","Arthropoda","Malacostraca","Euphausiacea","Euphausiidae","Euphausia","Euphausia pacifica",49.051,-123.375
"6136376746","5e618452-d449-4290-a29c-6564b5fb3154","IOS2017005018301:41","Animalia","Arthropoda","Malacostraca","Euphausiacea","Euphausiidae","Euphausia","Euphausia pacifica",49.051,-123.375
"6136376745","5e618452-d449-4290-a29c-6564b5fb3154","IOS2017005018301:42","Animalia","Arthropoda","Malacostraca","Euphausiacea","Euphausiidae","Euphausia","Euphausia pacifica",49.051,-123.375
"6136376741","5e618452-d449-4290-a29c-6564b5fb3154","IOS2017005018301:43","Animalia","Arthropoda","Malacostraca","Euphausiacea","Euphausiidae","Euphausia","Euphausia pacifica",49.051,-123.375
"6136376740","5e618452-d449-4290-a29c-6564b5fb3154","IOS2017005018301:44","Animalia","Arthropoda","Malacostraca","Euphausiacea","Euphausiidae","Euphausia","Euphausia pacifica",49.051,-123.375
"6136376739","5e618452-d449-4290-a29c-6564b5fb3154","IOS2017005018301:45","Animalia","Arthropoda","Malacostraca","Euphausiacea","Euphausiidae","Euphausia","Euphausia pacifica",49.051,-123.375
"6136376729","5e618452-d449-4290-a29c-6564b5fb3154","IOS2011016015301:24","Animalia","Arthropoda","Malacostraca","Euphausiacea","Euphausiidae","Euphausia","Euphausia pacifica",49.247,-123.746
"6136376728","5e618452-d449-4290-a29c-6564b5fb3154","IOS2011016015301:25","Animalia","Arthropoda","Malacostraca","Euphausiacea","Euphausiidae","Euphausia","Euphausia pacifica",49.247,-123.746
"6136376727","5e618452-d449-4290-a29c-6564b5fb3154","IOS2011016015301:22","Animalia","Arthropoda","Malacostraca","Euphausiacea","Euphausiidae","Euphausia","Euphausia pacifica",49.247,-123.746
"6136376726","5e618452-d449-4290-a29c-6564b5fb3154","IOS2011016015301:23","Animalia","Arthropoda","Malacostraca","Euphausiacea","Euphausiidae","Euphausia","Euphausia pacifica",49.247,-123.746
"6136376722","5e618452-d449-4290-a29c-6564b5fb3154","IOS2011016015301:26","Animalia","Arthropoda","Malacostraca","Euphausiacea","Euphausiidae","Euphausia","Euphausia pacifica",49.247,-123.746
"6136376594","5e618452-d449-4290-a29c-6564b5fb3154","IOS2017005018301:39","Animalia","Arthropoda","Malacostraca","Euphausiacea","Euphausiidae","Euphausia","Euphausia pacifica",49.051,-123.375
"6136376527","5e618452-d449-4290-a29c-6564b5fb3154","IOS2015022015001:28","Animalia","Arthropoda","Malacostraca","Euphausiacea","Euphausiidae","Euphausia","Euphausia pacifica",49.67,-124.272
"6136376526","5e618452-d449-4290-a29c-6564b5fb3154","IOS2015022015001:29","Animalia","Arthropoda","Malacostraca","Euphausiacea","Euphausiidae","Euphausia","Euphausia pacifica",49.67,-124.272
"6136376519","5e618452-d449-4290-a29c-6564b5fb3154","IOS2015022015001:31","Animalia","Arthropoda","Malacostraca","Euphausiacea","Euphausiidae","Euphausia","Euphausia pacifica",49.67,-124.272
"6136376518","5e618452-d449-4290-a29c-6564b5fb3154","IOS2015022015001:32","Animalia","Arthropoda","Malacostraca","Euphausiacea","Euphausiidae","Euphausia","Euphausia pacifica",49.67,-124.272
"6136376517","5e618452-d449-4290-a29c-6564b5fb3154","IOS2015022015001:30","Animalia","Arthropoda","Malacostraca","Euphausiacea","Euphausiidae","Euphausia","Euphausia pacifica",49.67,-124.272
"6136376022","5e618452-d449-4290-a29c-6564b5fb3154","IOS2016071006901:19","Animalia","Arthropoda","Malacostraca","Euphausiacea","Euphausiidae","Euphausia","Euphausia pacifica",49.466,-124.496
"6136376017","5e618452-d449-4290-a29c-6564b5fb3154","IOS2016071006901:16","Animalia","Arthropoda","Malacostraca","Euphausiacea","Euphausiidae","Euphausia","Euphausia pacifica",49.466,-124.496
"6136376016","5e618452-d449-4290-a29c-6564b5fb3154","IOS2016071006901:17","Animalia","Arthropoda","Malacostraca","Euphausiacea","Euphausiidae","Euphausia","Euphausia pacifica",49.466,-124.496
"6136376015","5e618452-d449-4290-a29c-6564b5fb3154","IOS2016071006901:18","Animalia","Arthropoda","Malacostraca","Euphausiacea","Euphausiidae","Euphausia","Euphausia pacifica",49.466,-124.496
"6136375984","5e618452-d449-4290-a29c-6564b5fb3154","IOS2016009010101:31","Animalia","Arthropoda","Malacostraca","Euphausiacea","Euphausiidae","Euphausia","Euphausia pacifica",49.509,-124.104
"6136375973","5e618452-d449-4290-a29c-6564b5fb3154","IOS2016009010101:30","Animalia","Arthropoda","Malacostraca","Euphausiacea","Euphausiidae","Euphausia","Euphausia pacifica",49.509,-124.104
"6136375965","5e618452-d449-4290-a29c-6564b5fb3154","IOS2015018008701:33","Animalia","Arthropoda","Malacostraca","Euphausiacea","Euphausiidae","Euphausia","Euphausia pacifica",49.884,-124.994
"6136375963","5e618452-d449-4290-a29c-6564b5fb3154","IOS2015018008701:34","Animalia","Arthropoda","Malacostraca","Euphausiacea","Euphausiidae","Euphausia","Euphausia pacifica",49.884,-124.994
"6136375960","5e618452-d449-4290-a29c-6564b5fb3154","IOS2015018008701:32","Animalia","Arthropoda","Malacostraca","Euphausiacea","Euphausiidae","Euphausia","Euphausia pacifica",49.884,-124.994
"6136375948","5e618452-d449-4290-a29c-6564b5fb3154","PBS2009041029401:19","Animalia","Arthropoda","Malacostraca","Euphausiacea","Euphausiidae","Euphausia","Euphausia pacifica",49.894,-125.056
"6136375915","5e618452-d449-4290-a29c-6564b5fb3154","PBS2009041029401:21","Animalia","Arthropoda","Malacostraca","Euphausiacea","Euphausiidae","Euphausia","Euphausia pacifica",49.894,-125.056
"6136375914","5e618452-d449-4290-a29c-6564b5fb3154","PBS2009041029401:22","Animalia","Arthropoda","Malacostraca","Euphausiacea","Euphausiidae","Euphausia","Euphausia pacifica",49.894,-125.056
"6136375911","5e618452-d449-4290-a29c-6564b5fb3154","PBS2009041029401:20","Animalia","Arthropoda","Malacostraca","Euphausiacea","Euphausiidae","Euphausia","Euphausia pacifica",49.894,-125.056
"6136375907","5e618452-d449-4290-a29c-6564b5fb3154","PBS2009041029401:23","Animalia","Arthropoda","Malacostraca","Euphausiacea","Euphausiidae","Euphausia","Euphausia pacifica",49.894,-125.056
"6136375853","5e618452-d449-4290-a29c-6564b5fb3154","IOS2016003001301:20","Animalia","Arthropoda","Malacostraca","Euphausiacea","Euphausiidae","Euphausia","Euphausia pacifica",49.055,-123.379
"6136375801","5e618452-d449-4290-a29c-6564b5fb3154","IOS2016003001301:19","Animalia","Arthropoda","Malacostraca","Euphausiacea","Euphausiidae","Euphausia","Euphausia pacifica",49.055,-123.379
"6136375713","5e618452-d449-4290-a29c-6564b5fb3154","IOS2015022007801:27","Animalia","Arthropoda","Malacostraca","Euphausiacea","Euphausiidae","Euphausia","Euphausia pacifica",49.366,-124.079
"6136375712","5e618452-d449-4290-a29c-6564b5fb3154","IOS2015022007801:28","Animalia","Arthropoda","Malacostraca","Euphausiacea","Euphausiidae","Euphausia","Euphausia pacifica",49.366,-124.079
"6136375703","5e618452-d449-4290-a29c-6564b5fb3154","IOS2015022007801:25","Animalia","Arthropoda","Malacostraca","Euphausiacea","Euphausiidae","Euphausia","Euphausia pacifica",49.366,-124.079
"6136375701","5e618452-d449-4290-a29c-6564b5fb3154","IOS2015022007801:26","Animalia","Arthropoda","Malacostraca","Euphausiacea","Euphausiidae","Euphausia","Euphausia pacifica",49.366,-124.079
"6136375320","5e618452-d449-4290-a29c-6564b5fb3154","IOS2015019008401:19","Animalia","Arthropoda","Malacostraca","Euphausiacea","Euphausiidae","Euphausia","Euphausia pacifica",49.467,-124.501
"6136375218","5e618452-d449-4290-a29c-6564b5fb3154","IOS2017048000301:30","Animalia","Arthropoda","Malacostraca","Euphausiacea","Euphausiidae","Euphausia","Euphausia pacifica",49.257,-123.753
"6136375216","5e618452-d449-4290-a29c-6564b5fb3154","IOS2017048000301:31","Animalia","Arthropoda","Malacostraca","Euphausiacea","Euphausiidae","Euphausia","Euphausia pacifica",49.257,-123.753
"6136375214","5e618452-d449-4290-a29c-6564b5fb3154","IOS2017048000301:32","Animalia","Arthropoda","Malacostraca","Euphausiacea","Euphausiidae","Euphausia","Euphausia pacifica",49.257,-123.753
"6136375213","5e618452-d449-4290-a29c-6564b5fb3154","IOS2017048000301:33","Animalia","Arthropoda","Malacostraca","Euphausiacea","Euphausiidae","Euphausia","Euphausia pacifica",49.257,-123.753
"6136375179","5e618452-d449-4290-a29c-6564b5fb3154","IOS2014023000701:32","Animalia","Arthropoda","Malacostraca","Euphausiacea","Euphausiidae","Euphausia","Euphausia pacifica",49.67,-124.271
"6136375177","5e618452-d449-4290-a29c-6564b5fb3154","IOS2014023000701:30","Animalia","Arthropoda","Malacostraca","Euphausiacea","Euphausiidae","Euphausia","Euphausia pacifica",49.67,-124.271
"6136375174","5e618452-d449-4290-a29c-6564b5fb3154","IOS2014023000701:31","Animalia","Arthropoda","Malacostraca","Euphausiacea","Euphausiidae","Euphausia","Euphausia pacifica",49.67,-124.271
"6136375026","5e618452-d449-4290-a29c-6564b5fb3154","IOS2004006003201:14","Animalia","Arthropoda","Malacostraca","Euphausiacea","Euphausiidae","Euphausia","Euphausia pacifica",49.366,-124.08
"6136375023","5e618452-d449-4290-a29c-6564b5fb3154","IOS2004006003201:13","Animalia","Arthropoda","Malacostraca","Euphausiacea","Euphausiidae","Euphausia","Euphausia pacifica",49.366,-124.08
"6136374960","5e618452-d449-4290-a29c-6564b5fb3154","PBS2016046008701:16","Animalia","Arthropoda","Malacostraca","Euphausiacea","Euphausiidae","Euphausia","Euphausia pacifica",49.599,-124.653
"6136374959","5e618452-d449-4290-a29c-6564b5fb3154","PBS2016046008701:17","Animalia","Arthropoda","Malacostraca","Euphausiacea","Euphausiidae","Euphausia","Euphausia pacifica",49.599,-124.653
"6136374958","5e618452-d449-4290-a29c-6564b5fb3154","PBS2016046008701:18","Animalia","Arthropoda","Malacostraca","Euphausiacea","Euphausiidae","Euphausia","Euphausia pacifica",49.599,-124.653
"6136374957","5e618452-d449-4290-a29c-6564b5fb3154","PBS2016046008701:19","Animalia","Arthropoda","Malacostraca","Euphausiacea","Euphausiidae","Euphausia","Euphausia pacifica",49.599,-124.653
"6136374839","5e618452-d449-4290-a29c-6564b5fb3154","IOS2017007019301:13","Animalia","Arthropoda","Malacostraca","Euphausiacea","Euphausiidae","Euphausia","Euphausia pacifica",49.401,-123.754
"6136374837","5e618452-d449-4290-a29c-6564b5fb3154","IOS2017007019301:14","Animalia","Arthropoda","Malacostraca","Euphausiacea","Euphausiidae","Euphausia","Euphausia pacifica",49.401,-123.754
"6136374830","5e618452-d449-4290-a29c-6564b5fb3154","IOS2017007019301:12","Animalia","Arthropoda","Malacostraca","Euphausiacea","Euphausiidae","Euphausia","Euphausia pacifica",49.401,-123.754
"6136374727","5e618452-d449-4290-a29c-6564b5fb3154","IOS2018096001301:28","Animalia","Arthropoda","Malacostraca","Euphausiacea","Euphausiidae","Euphausia","Euphausia pacifica",49.466,-124.499
"6136374724","5e618452-d449-4290-a29c-6564b5fb3154","IOS2018096001301:29","Animalia","Arthropoda","Malacostraca","Euphausiacea","Euphausiidae","Euphausia","Euphausia pacifica",49.466,-124.499
"6136374669","5e618452-d449-4290-a29c-6564b5fb3154","IOS2014006008801:25","Animalia","Arthropoda","Malacostraca","Euphausiacea","Euphausiidae","Euphausia","Euphausia pacifica",49.67,-124.272
"6136374668","5e618452-d449-4290-a29c-6564b5fb3154","IOS2014006008801:26","Animalia","Arthropoda","Malacostraca","Euphausiacea","Euphausiidae","Euphausia","Euphausia pacifica",49.67,-124.272
"6136374662","5e618452-d449-4290-a29c-6564b5fb3154","IOS2014006008801:24","Animalia","Arthropoda","Malacostraca","Euphausiacea","Euphausiidae","Euphausia","Euphausia pacifica",49.67,-124.272
"6136374531","5e618452-d449-4290-a29c-6564b5fb3154","IOS2016047019401:27","Animalia","Arthropoda","Malacostraca","Euphausiacea","Euphausiidae","Euphausia","Euphausia pacifica",49.198,-123.44
"6136374417","5e618452-d449-4290-a29c-6564b5fb3154","UVI2004000001701:10","Animalia","Arthropoda","Malacostraca","Euphausiacea","Euphausiidae","Euphausia","Euphausia pacifica",49.25,-123.748
"6136374416","5e618452-d449-4290-a29c-6564b5fb3154","UVI2004000001701:11","Animalia","Arthropoda","Malacostraca","Euphausiacea","Euphausiidae","Euphausia","Euphausia pacifica",49.25,-123.748
"6136374209","5e618452-d449-4290-a29c-6564b5fb3154","IOS2016009016001:20","Animalia","Arthropoda","Malacostraca","Euphausiacea","Euphausiidae","Euphausia","Euphausia pacifica",49.365,-124.079
"6136374202","5e618452-d449-4290-a29c-6564b5fb3154","IOS2016009016001:19","Animalia","Arthropoda","Malacostraca","Euphausiacea","Euphausiidae","Euphausia","Euphausia pacifica",49.365,-124.079
"6136374117","5e618452-d449-4290-a29c-6564b5fb3154","IOS2001027005201:16","Animalia","Arthropoda","Malacostraca","Euphausiacea","Euphausiidae","Euphausia","Euphausia pacifica",49.324,-123.669
"6136374002","5e618452-d449-4290-a29c-6564b5fb3154","IOS2015022019101:22","Animalia","Arthropoda","Malacostraca","Euphausiacea","Euphausiidae","Euphausia","Euphausia pacifica",49.467,-124.498
"6136373958","5e618452-d449-4290-a29c-6564b5fb3154","IOS2016007007001:27","Animalia","Arthropoda","Malacostraca","Euphausiacea","Euphausiidae","Euphausia","Euphausia pacifica",49.504,-124.101
"6136373957","5e618452-d449-4290-a29c-6564b5fb3154","IOS2016007007001:28","Animalia","Arthropoda","Malacostraca","Euphausiacea","Euphausiidae","Euphausia","Euphausia pacifica",49.504,-124.101
"6136373956","5e618452-d449-4290-a29c-6564b5fb3154","IOS2016007007001:25","Animalia","Arthropoda","Malacostraca","Euphausiacea","Euphausiidae","Euphausia","Euphausia pacifica",49.504,-124.101
"6136373955","5e618452-d449-4290-a29c-6564b5fb3154","IOS2016007007001:26","Animalia","Arthropoda","Malacostraca","Euphausiacea","Euphausiidae","Euphausia","Euphausia pacifica",49.504,-124.101
"6136373877","5e618452-d449-4290-a29c-6564b5fb3154","IOS2015017007901:33","Animalia","Arthropoda","Malacostraca","Euphausiacea","Euphausiidae","Euphausia","Euphausia pacifica",49.707,-124.725
"6136373875","5e618452-d449-4290-a29c-6564b5fb3154","IOS2015017007901:34","Animalia","Arthropoda","Malacostraca","Euphausiacea","Euphausiidae","Euphausia","Euphausia pacifica",49.707,-124.725
"6136373867","5e618452-d449-4290-a29c-6564b5fb3154","IOS2015017007901:32","Animalia","Arthropoda","Malacostraca","Euphausiacea","Euphausiidae","Euphausia","Euphausia pacifica",49.707,-124.725
"6136373849","5e618452-d449-4290-a29c-6564b5fb3154","IOS2015022019101:23","Animalia","Arthropoda","Malacostraca","Euphausiacea","Euphausiidae","Euphausia","Euphausia pacifica",49.467,-124.498
"6136373634","5e618452-d449-4290-a29c-6564b5fb3154","IOS2017005017501:19","Animalia","Arthropoda","Malacostraca","Euphausiacea","Euphausiidae","Euphausia","Euphausia pacifica",49.401,-123.756
"6136373561","5e618452-d449-4290-a29c-6564b5fb3154","IOS2017005017501:20","Animalia","Arthropoda","Malacostraca","Euphausiacea","Euphausiidae","Euphausia","Euphausia pacifica",49.401,-123.756
"6136373560","5e618452-d449-4290-a29c-6564b5fb3154","IOS2017005017501:21","Animalia","Arthropoda","Malacostraca","Euphausiacea","Euphausiidae","Euphausia","Euphausia pacifica",49.401,-123.756
"6136373509","5e618452-d449-4290-a29c-6564b5fb3154","PBS2008014035701:15","Animalia","Arthropoda","Malacostraca","Euphausiacea","Euphausiidae","Euphausia","Euphausia pacifica",49.547,-124.576
"6136373508","5e618452-d449-4290-a29c-6564b5fb3154","PBS2008014035701:16","Animalia","Arthropoda","Malacostraca","Euphausiacea","Euphausiidae","Euphausia","Euphausia pacifica",49.547,-124.576
"6136373507","5e618452-d449-4290-a29c-6564b5fb3154","PBS2008014035701:17","Animalia","Arthropoda","Malacostraca","Euphausiacea","Euphausiidae","Euphausia","Euphausia pacifica",49.547,-124.576
"6136373506","5e618452-d449-4290-a29c-6564b5fb3154","PBS2008014035701:18","Animalia","Arthropoda","Malacostraca","Euphausiacea","Euphausiidae","Euphausia","Euphausia pacifica",49.547,-124.576
"6136373440","5e618452-d449-4290-a29c-6564b5fb3154","IOS2018036004701:32","Animalia","Arthropoda","Malacostraca","Euphausiacea","Euphausiidae","Euphausia","Euphausia pacifica",49.463,-124.499
"6136373439","5e618452-d449-4290-a29c-6564b5fb3154","IOS2018036004701:33","Animalia","Arthropoda","Malacostraca","Euphausiacea","Euphausiidae","Euphausia","Euphausia pacifica",49.463,-124.499
"6136373437","5e618452-d449-4290-a29c-6564b5fb3154","IOS2018036004701:34","Animalia","Arthropoda","Malacostraca","Euphausiacea","Euphausiidae","Euphausia","Euphausia pacifica",49.463,-124.499
"6136373435","5e618452-d449-4290-a29c-6564b5fb3154","IOS2018036004701:35","Animalia","Arthropoda","Malacostraca","Euphausiacea","Euphausiidae","Euphausia","Euphausia pacifica",49.463,-124.499
"6136373406","5e618452-d449-4290-a29c-6564b5fb3154","IOS2016056004501:19","Animalia","Arthropoda","Malacostraca","Euphausiacea","Euphausiidae","Euphausia","Euphausia pacifica",49.884,-124.996
"6136373390","5e618452-d449-4290-a29c-6564b5fb3154","PBS2010018010201:18","Animalia","Arthropoda","Malacostraca","Euphausiacea","Euphausiidae","Euphausia","Euphausia pacifica",49.116,-123.597
"6136373388","5e618452-d449-4290-a29c-6564b5fb3154","PBS2010018010201:16","Animalia","Arthropoda","Malacostraca","Euphausiacea","Euphausiidae","Euphausia","Euphausia pacifica",49.116,-123.597
"6136373387","5e618452-d449-4290-a29c-6564b5fb3154","PBS2010018010201:17","Animalia","Arthropoda","Malacostraca","Euphausiacea","Euphausiidae","Euphausia","Euphausia pacifica",49.116,-123.597
"6136373302","5e618452-d449-4290-a29c-6564b5fb3154","IOS2016056004501:21","Animalia","Arthropoda","Malacostraca","Euphausiacea","Euphausiidae","Euphausia","Euphausia pacifica",49.884,-124.996
"6136373300","5e618452-d449-4290-a29c-6564b5fb3154","IOS2016056004501:22","Animalia","Arthropoda","Malacostraca","Euphausiacea","Euphausiidae","Euphausia","Euphausia pacifica",49.884,-124.996
"6136373295","5e618452-d449-4290-a29c-6564b5fb3154","IOS2016056004501:20","Animalia","Arthropoda","Malacostraca","Euphausiacea","Euphausiidae","Euphausia","Euphausia pacifica",49.884,-124.996
"6136373062","5e618452-d449-4290-a29c-6564b5fb3154","PBS2013010004101:17","Animalia","Arthropoda","Malacostraca","Euphausiacea","Euphausiidae","Euphausia","Euphausia pacifica",49.367,-124.092
"6136373061","5e618452-d449-4290-a29c-6564b5fb3154","PBS2013010004101:18","Animalia","Arthropoda","Malacostraca","Euphausiacea","Euphausiidae","Euphausia","Euphausia pacifica",49.367,-124.092
"6136373037","5e618452-d449-4290-a29c-6564b5fb3154","IOS2015021016301:13","Animalia","Arthropoda","Malacostraca","Euphausiacea","Euphausiidae","Euphausia","Euphausia pacifica",49.202,-123.44
"6136372955","5e618452-d449-4290-a29c-6564b5fb3154","IOS2017065007601:20","Animalia","Arthropoda","Malacostraca","Euphausiacea","Euphausiidae","Euphausia","Euphausia pacifica",49.505,-124.1
"6136372954","5e618452-d449-4290-a29c-6564b5fb3154","IOS2017065007601:21","Animalia","Arthropoda","Malacostraca","Euphausiacea","Euphausiidae","Euphausia","Euphausia pacifica",49.505,-124.1
"6136372946","5e618452-d449-4290-a29c-6564b5fb3154","IOS2017065007601:18","Animalia","Arthropoda","Malacostraca","Euphausiacea","Euphausiidae","Euphausia","Euphausia pacifica",49.505,-124.1
"6136372944","5e618452-d449-4290-a29c-6564b5fb3154","IOS2017065007601:19","Animalia","Arthropoda","Malacostraca","Euphausiacea","Euphausiidae","Euphausia","Euphausia pacifica",49.505,-124.1
"6136372621","5e618452-d449-4290-a29c-6564b5fb3154","IOS2015022019801:28","Animalia","Arthropoda","Malacostraca","Euphausiacea","Euphausiidae","Euphausia","Euphausia pacifica",49.671,-124.273
"6136372619","5e618452-d449-4290-a29c-6564b5fb3154","IOS2015022019801:29","Animalia","Arthropoda","Malacostraca","Euphausiacea","Euphausiidae","Euphausia","Euphausia pacifica",49.671,-124.273
"6136372617","5e618452-d449-4290-a29c-6564b5fb3154","IOS2015022019801:27","Animalia","Arthropoda","Malacostraca","Euphausiacea","Euphausiidae","Euphausia","Euphausia pacifica",49.671,-124.273
"6136372590","5e618452-d449-4290-a29c-6564b5fb3154","IOS2016009016701:29","Animalia","Arthropoda","Malacostraca","Euphausiacea","Euphausiidae","Euphausia","Euphausia pacifica",49.706,-124.722
"6136372576","5e618452-d449-4290-a29c-6564b5fb3154","IOS2015022019801:30","Animalia","Arthropoda","Malacostraca","Euphausiacea","Euphausiidae","Euphausia","Euphausia pacifica",49.671,-124.273
"6136372511","5e618452-d449-4290-a29c-6564b5fb3154","IOS2013014004601:20","Animalia","Arthropoda","Malacostraca","Euphausiacea","Euphausiidae","Euphausia","Euphausia pacifica",49.237,-123.755
"6136372499","5e618452-d449-4290-a29c-6564b5fb3154","IOS2013014004601:19","Animalia","Arthropoda","Malacostraca","Euphausiacea","Euphausiidae","Euphausia","Euphausia pacifica",49.237,-123.755
"6136372492","5e618452-d449-4290-a29c-6564b5fb3154","IOS2017001012801A:16","Animalia","Arthropoda","Malacostraca","Euphausiacea","Euphausiidae","Euphausia","Euphausia pacifica",49.728,-124.685
"6136372491","5e618452-d449-4290-a29c-6564b5fb3154","IOS2017001012801A:17","Animalia","Arthropoda","Malacostraca","Euphausiacea","Euphausiidae","Euphausia","Euphausia pacifica",49.728,-124.685
"6136372229","5e618452-d449-4290-a29c-6564b5fb3154","IOS2013014007801:11","Animalia","Arthropoda","Malacostraca","Euphausiacea","Euphausiidae","Euphausia","Euphausia pacifica",49.465,-124.502
"6136372081","5e618452-d449-4290-a29c-6564b5fb3154","IOS2016005005301:33","Animalia","Arthropoda","Malacostraca","Euphausiacea","Euphausiidae","Euphausia","Euphausia pacifica",49.2,-123.44
"6136372080","5e618452-d449-4290-a29c-6564b5fb3154","IOS2016005005301:34","Animalia","Arthropoda","Malacostraca","Euphausiacea","Euphausiidae","Euphausia","Euphausia pacifica",49.2,-123.44
"6136372015","5e618452-d449-4290-a29c-6564b5fb3154","IOS2018032005601:23","Animalia","Arthropoda","Malacostraca","Euphausiacea","Euphausiidae","Euphausia","Euphausia pacifica",49.25,-123.748
"6136371995","5e618452-d449-4290-a29c-6564b5fb3154","IOS2018032005601:22","Animalia","Arthropoda","Malacostraca","Euphausiacea","Euphausiidae","Euphausia","Euphausia pacifica",49.25,-123.748
"6136371845","5e618452-d449-4290-a29c-6564b5fb3154","IOS2018031004801:21","Animalia","Arthropoda","Malacostraca","Euphausiacea","Euphausiidae","Euphausia","Euphausia pacifica",49.03,-123.44
"6136371844","5e618452-d449-4290-a29c-6564b5fb3154","IOS2018031004801:22","Animalia","Arthropoda","Malacostraca","Euphausiacea","Euphausiidae","Euphausia","Euphausia pacifica",49.03,-123.44
"6136371811","5e618452-d449-4290-a29c-6564b5fb3154","PBS2010017033301:15","Animalia","Arthropoda","Malacostraca","Euphausiacea","Euphausiidae","Euphausia","Euphausia pacifica",50.003,-125.044
"6136371810","5e618452-d449-4290-a29c-6564b5fb3154","PBS2010017033301:16","Animalia","Arthropoda","Malacostraca","Euphausiacea","Euphausiidae","Euphausia","Euphausia pacifica",50.003,-125.044
"6136371751","5e618452-d449-4290-a29c-6564b5fb3154","IOS2009040001601:13","Animalia","Arthropoda","Malacostraca","Euphausiacea","Euphausiidae","Euphausia","Euphausia pacifica",49.37,-124.084
"6136371749","5e618452-d449-4290-a29c-6564b5fb3154","IOS2009040001601:14","Animalia","Arthropoda","Malacostraca","Euphausiacea","Euphausiidae","Euphausia","Euphausia pacifica",49.37,-124.084
"6136371745","5e618452-d449-4290-a29c-6564b5fb3154","IOS2009040001601:12","Animalia","Arthropoda","Malacostraca","Euphausiacea","Euphausiidae","Euphausia","Euphausia pacifica",49.37,-124.084
"6136371587","5e618452-d449-4290-a29c-6564b5fb3154","IOS2016009004401:24","Animalia","Arthropoda","Malacostraca","Euphausiacea","Euphausiidae","Euphausia","Euphausia pacifica",49.367,-124.082
"6136371585","5e618452-d449-4290-a29c-6564b5fb3154","IOS2016009004401:22","Animalia","Arthropoda","Malacostraca","Euphausiacea","Euphausiidae","Euphausia","Euphausia pacifica",49.367,-124.082
"6136371584","5e618452-d449-4290-a29c-6564b5fb3154","IOS2016009004401:23","Animalia","Arthropoda","Malacostraca","Euphausiacea","Euphausiidae","Euphausia","Euphausia pacifica",49.367,-124.082
"6136371268","5e618452-d449-4290-a29c-6564b5fb3154","PBS2010017034501:14","Animalia","Arthropoda","Malacostraca","Euphausiacea","Euphausiidae","Euphausia","Euphausia pacifica",49.794,-124.896
"6136371244","5e618452-d449-4290-a29c-6564b5fb3154","IOS2015014003901:23","Animalia","Arthropoda","Malacostraca","Euphausiacea","Euphausiidae","Euphausia","Euphausia pacifica",49.056,-123.372
"6136371243","5e618452-d449-4290-a29c-6564b5fb3154","IOS2015014003901:24","Animalia","Arthropoda","Malacostraca","Euphausiacea","Euphausiidae","Euphausia","Euphausia pacifica",49.056,-123.372
"6136371213","5e618452-d449-4290-a29c-6564b5fb3154","IOS2015014003901:22","Animalia","Arthropoda","Malacostraca","Euphausiacea","Euphausiidae","Euphausia","Euphausia pacifica",49.056,-123.372
"6136371206","5e618452-d449-4290-a29c-6564b5fb3154","IOS2006016010501:27","Animalia","Arthropoda","Malacostraca","Euphausiacea","Euphausiidae","Euphausia","Euphausia pacifica",49.25,-123.747
"6136371202","5e618452-d449-4290-a29c-6564b5fb3154","IOS2006016010501:25","Animalia","Arthropoda","Malacostraca","Euphausiacea","Euphausiidae","Euphausia","Euphausia pacifica",49.25,-123.747
"6136371200","5e618452-d449-4290-a29c-6564b5fb3154","IOS2006016010501:26","Animalia","Arthropoda","Malacostraca","Euphausiacea","Euphausiidae","Euphausia","Euphausia pacifica",49.25,-123.747
"6136371199","5e618452-d449-4290-a29c-6564b5fb3154","IOS2016009002501:17","Animalia","Arthropoda","Malacostraca","Euphausiacea","Euphausiidae","Euphausia","Euphausia pacifica",49.198,-123.436
"6136371197","5e618452-d449-4290-a29c-6564b5fb3154","IOS2006016010501:23","Animalia","Arthropoda","Malacostraca","Euphausiacea","Euphausiidae","Euphausia","Euphausia pacifica",49.25,-123.747
"6136371196","5e618452-d449-4290-a29c-6564b5fb3154","IOS2006016010501:24","Animalia","Arthropoda","Malacostraca","Euphausiacea","Euphausiidae","Euphausia","Euphausia pacifica",49.25,-123.747
"6136371162","5e618452-d449-4290-a29c-6564b5fb3154","PBS2010018028401:6","Animalia","Arthropoda","Malacostraca","Euphausiacea","Euphausiidae","Euphausia","Euphausia pacifica",49.634,-124.675
"6136371148","5e618452-d449-4290-a29c-6564b5fb3154","PBS2010018028401:5","Animalia","Arthropoda","Malacostraca","Euphausiacea","Euphausiidae","Euphausia","Euphausia pacifica",49.634,-124.675
"6136371044","5e618452-d449-4290-a29c-6564b5fb3154","PBS2009046003001:13","Animalia","Arthropoda","Malacostraca","Euphausiacea","Euphausiidae","Euphausia","Euphausia pacifica",49.631,-124.675
"6136371042","5e618452-d449-4290-a29c-6564b5fb3154","PBS2009046003001:14","Animalia","Arthropoda","Malacostraca","Euphausiacea","Euphausiidae","Euphausia","Euphausia pacifica",49.631,-124.675
"6136370867","5e618452-d449-4290-a29c-6564b5fb3154","IOS2015022017901:25","Animalia","Arthropoda","Malacostraca","Euphausiacea","Euphausiidae","Euphausia","Euphausia pacifica",49.206,-123.432
"6136370815","5e618452-d449-4290-a29c-6564b5fb3154","PBS2016045009801:29","Animalia","Arthropoda","Malacostraca","Euphausiacea","Euphausiidae","Euphausia","Euphausia pacifica",49.599,-124.654
"6136370796","5e618452-d449-4290-a29c-6564b5fb3154","PBS2016045009801:30","Animalia","Arthropoda","Malacostraca","Euphausiacea","Euphausiidae","Euphausia","Euphausia pacifica",49.599,-124.654
"6136370615","5e618452-d449-4290-a29c-6564b5fb3154","IOS2016062019801:20","Animalia","Arthropoda","Malacostraca","Euphausiacea","Euphausiidae","Euphausia","Euphausia pacifica",49.505,-124.1
"6136370612","5e618452-d449-4290-a29c-6564b5fb3154","IOS2016062019801:21","Animalia","Arthropoda","Malacostraca","Euphausiacea","Euphausiidae","Euphausia","Euphausia pacifica",49.505,-124.1
"6136370586","5e618452-d449-4290-a29c-6564b5fb3154","IOS2016062019801:18","Animalia","Arthropoda","Malacostraca","Euphausiacea","Euphausiidae","Euphausia","Euphausia pacifica",49.505,-124.1
"6136370584","5e618452-d449-4290-a29c-6564b5fb3154","IOS2016062019801:19","Animalia","Arthropoda","Malacostraca","Euphausiacea","Euphausiidae","Euphausia","Euphausia pacifica",49.505,-124.1
"6136370581","5e618452-d449-4290-a29c-6564b5fb3154","IOS2017007000701:24","Animalia","Arthropoda","Malacostraca","Euphausiacea","Euphausiidae","Euphausia","Euphausia pacifica",49.251,-123.75
"6136370572","5e618452-d449-4290-a29c-6564b5fb3154","IOS2004006000601:17","Animalia","Arthropoda","Malacostraca","Euphausiacea","Euphausiidae","Euphausia","Euphausia pacifica",49.662,-124.213
"6136370569","5e618452-d449-4290-a29c-6564b5fb3154","IOS2004006000601:18","Animalia","Arthropoda","Malacostraca","Euphausiacea","Euphausiidae","Euphausia","Euphausia pacifica",49.662,-124.213
"6136370565","5e618452-d449-4290-a29c-6564b5fb3154","IOS2004006000601:16","Animalia","Arthropoda","Malacostraca","Euphausiacea","Euphausiidae","Euphausia","Euphausia pacifica",49.662,-124.213
"6136370308","5e618452-d449-4290-a29c-6564b5fb3154","IOS2015014003201:29","Animalia","Arthropoda","Malacostraca","Euphausiacea","Euphausiidae","Euphausia","Euphausia pacifica",49.25,-123.755
"6136370219","5e618452-d449-4290-a29c-6564b5fb3154","IOS2015014003201:31","Animalia","Arthropoda","Malacostraca","Euphausiacea","Euphausiidae","Euphausia","Euphausia pacifica",49.25,-123.755
"6136370217","5e618452-d449-4290-a29c-6564b5fb3154","IOS2015014003201:32","Animalia","Arthropoda","Malacostraca","Euphausiacea","Euphausiidae","Euphausia","Euphausia pacifica",49.25,-123.755
"6136370214","5e618452-d449-4290-a29c-6564b5fb3154","IOS2015014003201:30","Animalia","Arthropoda","Malacostraca","Euphausiacea","Euphausiidae","Euphausia","Euphausia pacifica",49.25,-123.755
"6136370109","5e618452-d449-4290-a29c-6564b5fb3154","IOS2018030008901:30","Animalia","Arthropoda","Malacostraca","Euphausiacea","Euphausiidae","Euphausia","Euphausia pacifica",49.884,-124.996
"6136370108","5e618452-d449-4290-a29c-6564b5fb3154","IOS2018030008901:31","Animalia","Arthropoda","Malacostraca","Euphausiacea","Euphausiidae","Euphausia","Euphausia pacifica",49.884,-124.996
"6136370038","5e618452-d449-4290-a29c-6564b5fb3154","IOS2014006007401:24","Animalia","Arthropoda","Malacostraca","Euphausiacea","Euphausiidae","Euphausia","Euphausia pacifica",49.706,-124.722
"6136370037","5e618452-d449-4290-a29c-6564b5fb3154","IOS2014006007401:25","Animalia","Arthropoda","Malacostraca","Euphausiacea","Euphausiidae","Euphausia","Euphausia pacifica",49.706,-124.722
"6136370029","5e618452-d449-4290-a29c-6564b5fb3154","IOS2014006007401:26","Animalia","Arthropoda","Malacostraca","Euphausiacea","Euphausiidae","Euphausia","Euphausia pacifica",49.706,-124.722
"6136369956","5e618452-d449-4290-a29c-6564b5fb3154","IOS2016047018701:35","Animalia","Arthropoda","Malacostraca","Euphausiacea","Euphausiidae","Euphausia","Euphausia pacifica",49.504,-124.116
"6136369953","5e618452-d449-4290-a29c-6564b5fb3154","IOS2016047018701:33","Animalia","Arthropoda","Malacostraca","Euphausiacea","Euphausiidae","Euphausia","Euphausia pacifica",49.504,-124.116
"6136369952","5e618452-d449-4290-a29c-6564b5fb3154","IOS2016047018701:34","Animalia","Arthropoda","Malacostraca","Euphausiacea","Euphausiidae","Euphausia","Euphausia pacifica",49.504,-124.116
"6136369950","5e618452-d449-4290-a29c-6564b5fb3154","IOS2016047018701:32","Animalia","Arthropoda","Malacostraca","Euphausiacea","Euphausiidae","Euphausia","Euphausia pacifica",49.504,-124.116
"6136369924","5e618452-d449-4290-a29c-6564b5fb3154","IOS2016003002101:18","Animalia","Arthropoda","Malacostraca","Euphausiacea","Euphausiidae","Euphausia","Euphausia pacifica",49.367,-124.092
"6136369922","5e618452-d449-4290-a29c-6564b5fb3154","IOS2016003002101:19","Animalia","Arthropoda","Malacostraca","Euphausiacea","Euphausiidae","Euphausia","Euphausia pacifica",49.367,-124.092
"6136369918","5e618452-d449-4290-a29c-6564b5fb3154","IOS2016003002101:17","Animalia","Arthropoda","Malacostraca","Euphausiacea","Euphausiidae","Euphausia","Euphausia pacifica",49.367,-124.092
"6136369810","5e618452-d449-4290-a29c-6564b5fb3154","PBS2010018030401:18","Animalia","Arthropoda","Malacostraca","Euphausiacea","Euphausiidae","Euphausia","Euphausia pacifica",49.309,-123.536
"6136369758","5e618452-d449-4290-a29c-6564b5fb3154","PBS2010018030401:17","Animalia","Arthropoda","Malacostraca","Euphausiacea","Euphausiidae","Euphausia","Euphausia pacifica",49.309,-123.536
"6136369624","5e618452-d449-4290-a29c-6564b5fb3154","IOS2014021017701:23","Animalia","Arthropoda","Malacostraca","Euphausiacea","Euphausiidae","Euphausia","Euphausia pacifica",49.366,-124.079
"6136369618","5e618452-d449-4290-a29c-6564b5fb3154","IOS2014021017701:22","Animalia","Arthropoda","Malacostraca","Euphausiacea","Euphausiidae","Euphausia","Euphausia pacifica",49.366,-124.079
"6136369538","5e618452-d449-4290-a29c-6564b5fb3154","PBS1997065000201:11","Animalia","Arthropoda","Malacostraca","Euphausiacea","Euphausiidae","Euphausia","Euphausia pacifica",49.25,-123.75
"6136369306","5e618452-d449-4290-a29c-6564b5fb3154","IOS2017063010501:30","Animalia","Arthropoda","Malacostraca","Euphausiacea","Euphausiidae","Euphausia","Euphausia pacifica",49.707,-124.723
"6136369280","5e618452-d449-4290-a29c-6564b5fb3154","IOS2018031008001:21","Animalia","Arthropoda","Malacostraca","Euphausiacea","Euphausiidae","Euphausia","Euphausia pacifica",49.705,-124.724
"6136369279","5e618452-d449-4290-a29c-6564b5fb3154","IOS2017063010501:29","Animalia","Arthropoda","Malacostraca","Euphausiacea","Euphausiidae","Euphausia","Euphausia pacifica",49.707,-124.723
"6136369278","5e618452-d449-4290-a29c-6564b5fb3154","IOS2018031008001:22","Animalia","Arthropoda","Malacostraca","Euphausiacea","Euphausiidae","Euphausia","Euphausia pacifica",49.705,-124.724
"6136369275","5e618452-d449-4290-a29c-6564b5fb3154","IOS2017063010501:28","Animalia","Arthropoda","Malacostraca","Euphausiacea","Euphausiidae","Euphausia","Euphausia pacifica",49.707,-124.723
"6136369236","5e618452-d449-4290-a29c-6564b5fb3154","IOS2018030005201:34","Animalia","Arthropoda","Malacostraca","Euphausiacea","Euphausiidae","Euphausia","Euphausia pacifica",49.055,-123.369
"6136369235","5e618452-d449-4290-a29c-6564b5fb3154","IOS2018030005201:35","Animalia","Arthropoda","Malacostraca","Euphausiacea","Euphausiidae","Euphausia","Euphausia pacifica",49.055,-123.369
"6136369233","5e618452-d449-4290-a29c-6564b5fb3154","IOS2018030005201:33","Animalia","Arthropoda","Malacostraca","Euphausiacea","Euphausiidae","Euphausia","Euphausia pacifica",49.055,-123.369
"6136369082","5e618452-d449-4290-a29c-6564b5fb3154","IOS2014050001701:14","Animalia","Arthropoda","Malacostraca","Euphausiacea","Euphausiidae","Euphausia","Euphausia pacifica",49.062,-123.374
"6136369028","5e618452-d449-4290-a29c-6564b5fb3154","IOS2012025013601:22","Animalia","Arthropoda","Malacostraca","Euphausiacea","Euphausiidae","Euphausia","Euphausia pacifica",49.467,-124.501
"6136369026","5e618452-d449-4290-a29c-6564b5fb3154","IOS2012025013601:23","Animalia","Arthropoda","Malacostraca","Euphausiacea","Euphausiidae","Euphausia","Euphausia pacifica",49.467,-124.501
"6136369025","5e618452-d449-4290-a29c-6564b5fb3154","IOS2012025013601:20","Animalia","Arthropoda","Malacostraca","Euphausiacea","Euphausiidae","Euphausia","Euphausia pacifica",49.467,-124.501
"6136369020","5e618452-d449-4290-a29c-6564b5fb3154","IOS2012025013601:21","Animalia","Arthropoda","Malacostraca","Euphausiacea","Euphausiidae","Euphausia","Euphausia pacifica",49.467,-124.501
"6136368973","5e618452-d449-4290-a29c-6564b5fb3154","PBS2009041033601:17","Animalia","Arthropoda","Malacostraca","Euphausiacea","Euphausiidae","Euphausia","Euphausia pacifica",49.313,-123.677
"6136368968","5e618452-d449-4290-a29c-6564b5fb3154","PBS2009041033601:15","Animalia","Arthropoda","Malacostraca","Euphausiacea","Euphausiidae","Euphausia","Euphausia pacifica",49.313,-123.677
"6136368967","5e618452-d449-4290-a29c-6564b5fb3154","PBS2009041033601:16","Animalia","Arthropoda","Malacostraca","Euphausiacea","Euphausiidae","Euphausia","Euphausia pacifica",49.313,-123.677
"6136368713","5e618452-d449-4290-a29c-6564b5fb3154","IOS2016007010301:28","Animalia","Arthropoda","Malacostraca","Euphausiacea","Euphausiidae","Euphausia","Euphausia pacifica",49.67,-124.272
"6136368711","5e618452-d449-4290-a29c-6564b5fb3154","IOS2016007010301:26","Animalia","Arthropoda","Malacostraca","Euphausiacea","Euphausiidae","Euphausia","Euphausia pacifica",49.67,-124.272
"6136368710","5e618452-d449-4290-a29c-6564b5fb3154","IOS2016007010301:27","Animalia","Arthropoda","Malacostraca","Euphausiacea","Euphausiidae","Euphausia","Euphausia pacifica",49.67,-124.272
"6136368708","5e618452-d449-4290-a29c-6564b5fb3154","IOS2016007010301:25","Animalia","Arthropoda","Malacostraca","Euphausiacea","Euphausiidae","Euphausia","Euphausia pacifica",49.67,-124.272
"6136368620","5e618452-d449-4290-a29c-6564b5fb3154","IOS1998001002901:9","Animalia","Arthropoda","Malacostraca","Euphausiacea","Euphausiidae","Euphausia","Euphausia pacifica",49.25,-123.75
"6136368575","5e618452-d449-4290-a29c-6564b5fb3154","IOS2015099000101:18","Animalia","Arthropoda","Malacostraca","Euphausiacea","Euphausiidae","Euphausia","Euphausia pacifica",49.583,-124.092
"6136368574","5e618452-d449-4290-a29c-6564b5fb3154","IOS2015099000101:19","Animalia","Arthropoda","Malacostraca","Euphausiacea","Euphausiidae","Euphausia","Euphausia pacifica",49.583,-124.092
"6136368573","5e618452-d449-4290-a29c-6564b5fb3154","IOS2015099000101:16","Animalia","Arthropoda","Malacostraca","Euphausiacea","Euphausiidae","Euphausia","Euphausia pacifica",49.583,-124.092
"6136368572","5e618452-d449-4290-a29c-6564b5fb3154","IOS2015099000101:17","Animalia","Arthropoda","Malacostraca","Euphausiacea","Euphausiidae","Euphausia","Euphausia pacifica",49.583,-124.092
"6136368437","5e618452-d449-4290-a29c-6564b5fb3154","IOS2017064009801:25","Animalia","Arthropoda","Malacostraca","Euphausiacea","Euphausiidae","Euphausia","Euphausia pacifica",49.669,-124.272
"6136368433","5e618452-d449-4290-a29c-6564b5fb3154","IOS2017064009801:26","Animalia","Arthropoda","Malacostraca","Euphausiacea","Euphausiidae","Euphausia","Euphausia pacifica",49.669,-124.272
"6136368429","5e618452-d449-4290-a29c-6564b5fb3154","IOS2017064009801:27","Animalia","Arthropoda","Malacostraca","Euphausiacea","Euphausiidae","Euphausia","Euphausia pacifica",49.669,-124.272
"6136368426","5e618452-d449-4290-a29c-6564b5fb3154","IOS2017064009801:28","Animalia","Arthropoda","Malacostraca","Euphausiacea","Euphausiidae","Euphausia","Euphausia pacifica",49.669,-124.272
"6136368348","5e618452-d449-4290-a29c-6564b5fb3154","IOS2002006001301:10","Animalia","Arthropoda","Malacostraca","Euphausiacea","Euphausiidae","Euphausia","Euphausia pacifica",49.66,-124.256
"6136368346","5e618452-d449-4290-a29c-6564b5fb3154","PBS1997054000201:23","Animalia","Arthropoda","Malacostraca","Euphausiacea","Euphausiidae","Euphausia","Euphausia pacifica",49.25,-123.75
"6136368345","5e618452-d449-4290-a29c-6564b5fb3154","IOS2002006001301:11","Animalia","Arthropoda","Malacostraca","Euphausiacea","Euphausiidae","Euphausia","Euphausia pacifica",49.66,-124.256
"6136368343","5e618452-d449-4290-a29c-6564b5fb3154","IOS2002006001301:12","Animalia","Arthropoda","Malacostraca","Euphausiacea","Euphausiidae","Euphausia","Euphausia pacifica",49.66,-124.256
"6136368342","5e618452-d449-4290-a29c-6564b5fb3154","PBS1997054000201:24","Animalia","Arthropoda","Malacostraca","Euphausiacea","Euphausiidae","Euphausia","Euphausia pacifica",49.25,-123.75
"6136368001","5e618452-d449-4290-a29c-6564b5fb3154","PBS2013010003401:11","Animalia","Arthropoda","Malacostraca","Euphausiacea","Euphausiidae","Euphausia","Euphausia pacifica",49.437,-123.767
"6136368000","5e618452-d449-4290-a29c-6564b5fb3154","PBS2013010003401:12","Animalia","Arthropoda","Malacostraca","Euphausiacea","Euphausiidae","Euphausia","Euphausia pacifica",49.437,-123.767
"6136367815","5e618452-d449-4290-a29c-6564b5fb3154","IOS2015022008701:23","Animalia","Arthropoda","Malacostraca","Euphausiacea","Euphausiidae","Euphausia","Euphausia pacifica",49.668,-124.272
"6136367814","5e618452-d449-4290-a29c-6564b5fb3154","IOS2015022008701:24","Animalia","Arthropoda","Malacostraca","Euphausiacea","Euphausiidae","Euphausia","Euphausia pacifica",49.668,-124.272
"6136367811","5e618452-d449-4290-a29c-6564b5fb3154","IOS2015022008701:27","Animalia","Arthropoda","Malacostraca","Euphausiacea","Euphausiidae","Euphausia","Euphausia pacifica",49.668,-124.272
"6136367810","5e618452-d449-4290-a29c-6564b5fb3154","IOS2015022008701:28","Animalia","Arthropoda","Malacostraca","Euphausiacea","Euphausiidae","Euphausia","Euphausia pacifica",49.668,-124.272
"6136367809","5e618452-d449-4290-a29c-6564b5fb3154","IOS2015022008701:25","Animalia","Arthropoda","Malacostraca","Euphausiacea","Euphausiidae","Euphausia","Euphausia pacifica",49.668,-124.272
"6136367808","5e618452-d449-4290-a29c-6564b5fb3154","IOS2015022008701:26","Animalia","Arthropoda","Malacostraca","Euphausiacea","Euphausiidae","Euphausia","Euphausia pacifica",49.668,-124.272
"6136367728","5e618452-d449-4290-a29c-6564b5fb3154","IOS2015017007201:25","Animalia","Arthropoda","Malacostraca","Euphausiacea","Euphausiidae","Euphausia","Euphausia pacifica",49.467,-124.5
"6136367723","5e618452-d449-4290-a29c-6564b5fb3154","IOS2015017007201:24","Animalia","Arthropoda","Malacostraca","Euphausiacea","Euphausiidae","Euphausia","Euphausia pacifica",49.467,-124.5
"6136367719","5e618452-d449-4290-a29c-6564b5fb3154","IOS2016005005801:34","Animalia","Arthropoda","Malacostraca","Euphausiacea","Euphausiidae","Euphausia","Euphausia pacifica",49.25,-123.748
"6136367718","5e618452-d449-4290-a29c-6564b5fb3154","IOS2016005005801:35","Animalia","Arthropoda","Malacostraca","Euphausiacea","Euphausiidae","Euphausia","Euphausia pacifica",49.25,-123.748
"6136367713","5e618452-d449-4290-a29c-6564b5fb3154","IOS2016005005801:36","Animalia","Arthropoda","Malacostraca","Euphausiacea","Euphausiidae","Euphausia","Euphausia pacifica",49.25,-123.748
"6136367712","5e618452-d449-4290-a29c-6564b5fb3154","IOS2016005005801:37","Animalia","Arthropoda","Malacostraca","Euphausiacea","Euphausiidae","Euphausia","Euphausia pacifica",49.25,-123.748
"6136367676","5e618452-d449-4290-a29c-6564b5fb3154","IOS2017007000501:16","Animalia","Arthropoda","Malacostraca","Euphausiacea","Euphausiidae","Euphausia","Euphausia pacifica",49.054,-123.372
"6136367386","5e618452-d449-4290-a29c-6564b5fb3154","IOS2008061004801:9","Animalia","Arthropoda","Malacostraca","Euphausiacea","Euphausiidae","Euphausia","Euphausia pacifica",49.257,-123.833
"6136367288","5e618452-d449-4290-a29c-6564b5fb3154","IOS2015022023601:17","Animalia","Arthropoda","Malacostraca","Euphausiacea","Euphausiidae","Euphausia","Euphausia pacifica",49.367,-124.082
"6136367287","5e618452-d449-4290-a29c-6564b5fb3154","IOS2015022023601:18","Animalia","Arthropoda","Malacostraca","Euphausiacea","Euphausiidae","Euphausia","Euphausia pacifica",49.367,-124.082
"6136366956","5e618452-d449-4290-a29c-6564b5fb3154","IOS2015020020601:26","Animalia","Arthropoda","Malacostraca","Euphausiacea","Euphausiidae","Euphausia","Euphausia pacifica",49.67,-124.272
"6136366953","5e618452-d449-4290-a29c-6564b5fb3154","IOS2015020020601:24","Animalia","Arthropoda","Malacostraca","Euphausiacea","Euphausiidae","Euphausia","Euphausia pacifica",49.67,-124.272
"6136366951","5e618452-d449-4290-a29c-6564b5fb3154","IOS2015020020601:25","Animalia","Arthropoda","Malacostraca","Euphausiacea","Euphausiidae","Euphausia","Euphausia pacifica",49.67,-124.272
"6136366858","5e618452-d449-4290-a29c-6564b5fb3154","IOS2012005002201:28","Animalia","Arthropoda","Malacostraca","Euphausiacea","Euphausiidae","Euphausia","Euphausia pacifica",49.71,-124.722
"6136366853","5e618452-d449-4290-a29c-6564b5fb3154","IOS2012005002201:26","Animalia","Arthropoda","Malacostraca","Euphausiacea","Euphausiidae","Euphausia","Euphausia pacifica",49.71,-124.722
"6136366851","5e618452-d449-4290-a29c-6564b5fb3154","IOS2012005002201:27","Animalia","Arthropoda","Malacostraca","Euphausiacea","Euphausiidae","Euphausia","Euphausia pacifica",49.71,-124.722
"6136366821","5e618452-d449-4290-a29c-6564b5fb3154","PBS1996051000101:11","Animalia","Arthropoda","Malacostraca","Euphausiacea","Euphausiidae","Euphausia","Euphausia pacifica",49.25,-123.748
"6136366817","5e618452-d449-4290-a29c-6564b5fb3154","PBS1996051000101:10","Animalia","Arthropoda","Malacostraca","Euphausiacea","Euphausiidae","Euphausia","Euphausia pacifica",49.25,-123.748
"6136366707","5e618452-d449-4290-a29c-6564b5fb3154","IOS2015017006501:34","Animalia","Arthropoda","Malacostraca","Euphausiacea","Euphausiidae","Euphausia","Euphausia pacifica",49.366,-124.085
"6136366702","5e618452-d449-4290-a29c-6564b5fb3154","IOS2015017006501:32","Animalia","Arthropoda","Malacostraca","Euphausiacea","Euphausiidae","Euphausia","Euphausia pacifica",49.366,-124.085
"6136366700","5e618452-d449-4290-a29c-6564b5fb3154","IOS2015017006501:33","Animalia","Arthropoda","Malacostraca","Euphausiacea","Euphausiidae","Euphausia","Euphausia pacifica",49.366,-124.085
"6136366696","5e618452-d449-4290-a29c-6564b5fb3154","IOS2015017006501:31","Animalia","Arthropoda","Malacostraca","Euphausiacea","Euphausiidae","Euphausia","Euphausia pacifica",49.366,-124.085
"6136366566","5e618452-d449-4290-a29c-6564b5fb3154","PBS2008015034001:9","Animalia","Arthropoda","Malacostraca","Euphausiacea","Euphausiidae","Euphausia","Euphausia pacifica",49.12,-123.36
"6136366557","5e618452-d449-4290-a29c-6564b5fb3154","PBS2008015034001:8","Animalia","Arthropoda","Malacostraca","Euphausiacea","Euphausiidae","Euphausia","Euphausia pacifica",49.12,-123.36
"6136366496","5e618452-d449-4290-a29c-6564b5fb3154","IOS2008061004801:10","Animalia","Arthropoda","Malacostraca","Euphausiacea","Euphausiidae","Euphausia","Euphausia pacifica",49.257,-123.833
"6136366406","5e618452-d449-4290-a29c-6564b5fb3154","IOS2016009012301:44","Animalia","Arthropoda","Malacostraca","Euphausiacea","Euphausiidae","Euphausia","Euphausia pacifica",49.056,-123.372
"6136366404","5e618452-d449-4290-a29c-6564b5fb3154","IOS2016009012301:42","Animalia","Arthropoda","Malacostraca","Euphausiacea","Euphausiidae","Euphausia","Euphausia pacifica",49.056,-123.372
"6136366403","5e618452-d449-4290-a29c-6564b5fb3154","IOS2016009012301:43","Animalia","Arthropoda","Malacostraca","Euphausiacea","Euphausiidae","Euphausia","Euphausia pacifica",49.056,-123.372
"6136366402","5e618452-d449-4290-a29c-6564b5fb3154","IOS2016009012301:40","Animalia","Arthropoda","Malacostraca","Euphausiacea","Euphausiidae","Euphausia","Euphausia pacifica",49.056,-123.372
"6136366401","5e618452-d449-4290-a29c-6564b5fb3154","IOS2016009012301:41","Animalia","Arthropoda","Malacostraca","Euphausiacea","Euphausiidae","Euphausia","Euphausia pacifica",49.056,-123.372
"6136366389","5e618452-d449-4290-a29c-6564b5fb3154","UBC9999099000301:4","Animalia","Arthropoda","Malacostraca","Euphausiacea","Euphausiidae","Euphausia","Euphausia pacifica",49.25,-123.667
"6136365299","5e618452-d449-4290-a29c-6564b5fb3154","IOS2016047019401:28","Animalia","Arthropoda","Malacostraca","Euphausiacea","Euphausiidae","Euphausia","Euphausia pacifica",49.198,-123.44
"6136365298","5e618452-d449-4290-a29c-6564b5fb3154","IOS2016047019401:29","Animalia","Arthropoda","Malacostraca","Euphausiacea","Euphausiidae","Euphausia","Euphausia pacifica",49.198,-123.44
"6136365297","5e618452-d449-4290-a29c-6564b5fb3154","IOS2016047019401:30","Animalia","Arthropoda","Malacostraca","Euphausiacea","Euphausiidae","Euphausia","Euphausia pacifica",49.198,-123.44
"6136365156","5e618452-d449-4290-a29c-6564b5fb3154","IOS2016010004901:14","Animalia","Arthropoda","Malacostraca","Euphausiacea","Euphausiidae","Euphausia","Euphausia pacifica",49.144,-123.614
"6136365153","5e618452-d449-4290-a29c-6564b5fb3154","IOS2016010004901:13","Animalia","Arthropoda","Malacostraca","Euphausiacea","Euphausiidae","Euphausia","Euphausia pacifica",49.144,-123.614
"6136365111","5e618452-d449-4290-a29c-6564b5fb3154","IOS1998014006001:22","Animalia","Arthropoda","Malacostraca","Euphausiacea","Euphausiidae","Euphausia","Euphausia pacifica",49.25,-123.75
"6136365110","5e618452-d449-4290-a29c-6564b5fb3154","IOS1998014006001:23","Animalia","Arthropoda","Malacostraca","Euphausiacea","Euphausiidae","Euphausia","Euphausia pacifica",49.25,-123.75
"6136365107","5e618452-d449-4290-a29c-6564b5fb3154","IOS1998014006001:21","Animalia","Arthropoda","Malacostraca","Euphausiacea","Euphausiidae","Euphausia","Euphausia pacifica",49.25,-123.75
"6136365098","5e618452-d449-4290-a29c-6564b5fb3154","IOS2015022004901:22","Animalia","Arthropoda","Malacostraca","Euphausiacea","Euphausiidae","Euphausia","Euphausia pacifica",49.248,-123.75
"6136365089","5e618452-d449-4290-a29c-6564b5fb3154","IOS2015022004901:23","Animalia","Arthropoda","Malacostraca","Euphausiacea","Euphausiidae","Euphausia","Euphausia pacifica",49.248,-123.75
"6136365088","5e618452-d449-4290-a29c-6564b5fb3154","IOS2015022004901:24","Animalia","Arthropoda","Malacostraca","Euphausiacea","Euphausiidae","Euphausia","Euphausia pacifica",49.248,-123.75
"6136365005","5e618452-d449-4290-a29c-6564b5fb3154","PBS2008015031601:11","Animalia","Arthropoda","Malacostraca","Euphausiacea","Euphausiidae","Euphausia","Euphausia pacifica",49.789,-124.718
"6136364995","5e618452-d449-4290-a29c-6564b5fb3154","PBS2008015031601:10","Animalia","Arthropoda","Malacostraca","Euphausiacea","Euphausiidae","Euphausia","Euphausia pacifica",49.789,-124.718
"6136364882","5e618452-d449-4290-a29c-6564b5fb3154","IOS2001027004701:16","Animalia","Arthropoda","Malacostraca","Euphausiacea","Euphausiidae","Euphausia","Euphausia pacifica",49.245,-123.741
"6136364879","5e618452-d449-4290-a29c-6564b5fb3154","IOS2001027004701:15","Animalia","Arthropoda","Malacostraca","Euphausiacea","Euphausiidae","Euphausia","Euphausia pacifica",49.245,-123.741
"6136364843","5e618452-d449-4290-a29c-6564b5fb3154","IOS2004006002701:14","Animalia","Arthropoda","Malacostraca","Euphausiacea","Euphausiidae","Euphausia","Euphausia pacifica",49.323,-123.967
"6136364842","5e618452-d449-4290-a29c-6564b5fb3154","IOS2004006002701:15","Animalia","Arthropoda","Malacostraca","Euphausiacea","Euphausiidae","Euphausia","Euphausia pacifica",49.323,-123.967
"6136364484","5e618452-d449-4290-a29c-6564b5fb3154","HAK2017097000801:9","Animalia","Arthropoda","Malacostraca","Euphausiacea","Euphausiidae","Euphausia","Euphausia pacifica",50.031,-125.099
"6136364454","5e618452-d449-4290-a29c-6564b5fb3154","IOS2016056001801:34","Animalia","Arthropoda","Malacostraca","Euphausiacea","Euphausiidae","Euphausia","Euphausia pacifica",49.257,-123.727
"6136364453","5e618452-d449-4290-a29c-6564b5fb3154","IOS2016056001801:35","Animalia","Arthropoda","Malacostraca","Euphausiacea","Euphausiidae","Euphausia","Euphausia pacifica",49.257,-123.727
"6136364451","5e618452-d449-4290-a29c-6564b5fb3154","IOS2016056001801:33","Animalia","Arthropoda","Malacostraca","Euphausiacea","Euphausiidae","Euphausia","Euphausia pacifica",49.257,-123.727
"6136364349","5e618452-d449-4290-a29c-6564b5fb3154","IOS2015017004801:25","Animalia","Arthropoda","Malacostraca","Euphausiacea","Euphausiidae","Euphausia","Euphausia pacifica",49.056,-123.373
"6136364348","5e618452-d449-4290-a29c-6564b5fb3154","IOS2016009013301:39","Animalia","Arthropoda","Malacostraca","Euphausiacea","Euphausiidae","Euphausia","Euphausia pacifica",49.707,-124.721
"6136364322","5e618452-d449-4290-a29c-6564b5fb3154","IOS2016009013301:40","Animalia","Arthropoda","Malacostraca","Euphausiacea","Euphausiidae","Euphausia","Euphausia pacifica",49.707,-124.721
"6136364320","5e618452-d449-4290-a29c-6564b5fb3154","IOS2016009013301:41","Animalia","Arthropoda","Malacostraca","Euphausiacea","Euphausiidae","Euphausia","Euphausia pacifica",49.707,-124.721
"6136364318","5e618452-d449-4290-a29c-6564b5fb3154","IOS2016009013301:42","Animalia","Arthropoda","Malacostraca","Euphausiacea","Euphausiidae","Euphausia","Euphausia pacifica",49.707,-124.721
"6136364254","5e618452-d449-4290-a29c-6564b5fb3154","IOS2014060001801:12","Animalia","Arthropoda","Malacostraca","Euphausiacea","Euphausiidae","Euphausia","Euphausia pacifica",49.458,-124.513
"6136364239","5e618452-d449-4290-a29c-6564b5fb3154","IOS2014060001801:13","Animalia","Arthropoda","Malacostraca","Euphausiacea","Euphausiidae","Euphausia","Euphausia pacifica",49.458,-124.513
"6136364238","5e618452-d449-4290-a29c-6564b5fb3154","IOS2014060001801:14","Animalia","Arthropoda","Malacostraca","Euphausiacea","Euphausiidae","Euphausia","Euphausia pacifica",49.458,-124.513
"6136364223","5e618452-d449-4290-a29c-6564b5fb3154","IOS2014060001101:21","Animalia","Arthropoda","Malacostraca","Euphausiacea","Euphausiidae","Euphausia","Euphausia pacifica",49.708,-124.726
"6136364221","5e618452-d449-4290-a29c-6564b5fb3154","IOS2014060001101:20","Animalia","Arthropoda","Malacostraca","Euphausiacea","Euphausiidae","Euphausia","Euphausia pacifica",49.708,-124.726
"6136364190","5e618452-d449-4290-a29c-6564b5fb3154","IOS2015022020001:25","Animalia","Arthropoda","Malacostraca","Euphausiacea","Euphausiidae","Euphausia","Euphausia pacifica",49.507,-124.103
"6136364189","5e618452-d449-4290-a29c-6564b5fb3154","IOS2015022020001:26","Animalia","Arthropoda","Malacostraca","Euphausiacea","Euphausiidae","Euphausia","Euphausia pacifica",49.507,-124.103
"6136364188","5e618452-d449-4290-a29c-6564b5fb3154","IOS2015022020001:27","Animalia","Arthropoda","Malacostraca","Euphausiacea","Euphausiidae","Euphausia","Euphausia pacifica",49.507,-124.103
"6136363940","5e618452-d449-4290-a29c-6564b5fb3154","IOS2018036001001:32","Animalia","Arthropoda","Malacostraca","Euphausiacea","Euphausiidae","Euphausia","Euphausia pacifica",49.252,-123.764
"6136363939","5e618452-d449-4290-a29c-6564b5fb3154","IOS2018036001001:33","Animalia","Arthropoda","Malacostraca","Euphausiacea","Euphausiidae","Euphausia","Euphausia pacifica",49.252,-123.764
"6136363889","5e618452-d449-4290-a29c-6564b5fb3154","IOS2017007003001:17","Animalia","Arthropoda","Malacostraca","Euphausiacea","Euphausiidae","Euphausia","Euphausia pacifica",49.141,-123.613
"6136363887","5e618452-d449-4290-a29c-6564b5fb3154","IOS2017007003001:18","Animalia","Arthropoda","Malacostraca","Euphausiacea","Euphausiidae","Euphausia","Euphausia pacifica",49.141,-123.613
"6136363883","5e618452-d449-4290-a29c-6564b5fb3154","IOS2017007003001:19","Animalia","Arthropoda","Malacostraca","Euphausiacea","Euphausiidae","Euphausia","Euphausia pacifica",49.141,-123.613
"6136363806","5e618452-d449-4290-a29c-6564b5fb3154","PBS2008012001701:9","Animalia","Arthropoda","Malacostraca","Euphausiacea","Euphausiidae","Euphausia","Euphausia pacifica",49.825,-124.567
"6136363783","5e618452-d449-4290-a29c-6564b5fb3154","IOS2007050000101:18","Animalia","Arthropoda","Malacostraca","Euphausiacea","Euphausiidae","Euphausia","Euphausia pacifica",49.04,-123.457
"6136363782","5e618452-d449-4290-a29c-6564b5fb3154","IOS2007050000101:19","Animalia","Arthropoda","Malacostraca","Euphausiacea","Euphausiidae","Euphausia","Euphausia pacifica",49.04,-123.457
"6136363736","5e618452-d449-4290-a29c-6564b5fb3154","IOS2018096000501:17","Animalia","Arthropoda","Malacostraca","Euphausiacea","Euphausiidae","Euphausia","Euphausia pacifica",49.367,-124.084
"6136363712","5e618452-d449-4290-a29c-6564b5fb3154","IOS2016007009101:31","Animalia","Arthropoda","Malacostraca","Euphausiacea","Euphausiidae","Euphausia","Euphausia pacifica",49.883,-124.993
"6136363711","5e618452-d449-4290-a29c-6564b5fb3154","IOS2016007009101:32","Animalia","Arthropoda","Malacostraca","Euphausiacea","Euphausiidae","Euphausia","Euphausia pacifica",49.883,-124.993
"6136363710","5e618452-d449-4290-a29c-6564b5fb3154","IOS2016007009101:33","Animalia","Arthropoda","Malacostraca","Euphausiacea","Euphausiidae","Euphausia","Euphausia pacifica",49.883,-124.993
"6136363698","5e618452-d449-4290-a29c-6564b5fb3154","IOS2016007009101:30","Animalia","Arthropoda","Malacostraca","Euphausiacea","Euphausiidae","Euphausia","Euphausia pacifica",49.883,-124.993
"6136363545","5e618452-d449-4290-a29c-6564b5fb3154","PBS2009041032401:22","Animalia","Arthropoda","Malacostraca","Euphausiacea","Euphausiidae","Euphausia","Euphausia pacifica",49.549,-124.581
"6136363299","5e618452-d449-4290-a29c-6564b5fb3154","PBS2014028009001:20","Animalia","Arthropoda","Malacostraca","Euphausiacea","Euphausiidae","Euphausia","Euphausia pacifica",49.599,-124.655
"6136363272","5e618452-d449-4290-a29c-6564b5fb3154","PBS2014028009001:17","Animalia","Arthropoda","Malacostraca","Euphausiacea","Euphausiidae","Euphausia","Euphausia pacifica",49.599,-124.655
"6136363271","5e618452-d449-4290-a29c-6564b5fb3154","PBS2014028009001:18","Animalia","Arthropoda","Malacostraca","Euphausiacea","Euphausiidae","Euphausia","Euphausia pacifica",49.599,-124.655
"6136363270","5e618452-d449-4290-a29c-6564b5fb3154","PBS2014028009001:19","Animalia","Arthropoda","Malacostraca","Euphausiacea","Euphausiidae","Euphausia","Euphausia pacifica",49.599,-124.655
"6136363227","5e618452-d449-4290-a29c-6564b5fb3154","PBS2009046001801:6","Animalia","Arthropoda","Malacostraca","Euphausiacea","Euphausiidae","Euphausia","Euphausia pacifica",49.814,-124.714
"6136363226","5e618452-d449-4290-a29c-6564b5fb3154","PBS2009046001801:7","Animalia","Arthropoda","Malacostraca","Euphausiacea","Euphausiidae","Euphausia","Euphausia pacifica",49.814,-124.714
"6136363223","5e618452-d449-4290-a29c-6564b5fb3154","PBS2016046008501:11","Animalia","Arthropoda","Malacostraca","Euphausiacea","Euphausiidae","Euphausia","Euphausia pacifica",49.647,-124.718
"6136363222","5e618452-d449-4290-a29c-6564b5fb3154","PBS2016046008501:12","Animalia","Arthropoda","Malacostraca","Euphausiacea","Euphausiidae","Euphausia","Euphausia pacifica",49.647,-124.718
"6136363221","5e618452-d449-4290-a29c-6564b5fb3154","PBS2016046008501:10","Animalia","Arthropoda","Malacostraca","Euphausiacea","Euphausiidae","Euphausia","Euphausia pacifica",49.647,-124.718
"6136363089","5e618452-d449-4290-a29c-6564b5fb3154","PBS2010018028801:11","Animalia","Arthropoda","Malacostraca","Euphausiacea","Euphausiidae","Euphausia","Euphausia pacifica",49.549,-124.581
"6136363087","5e618452-d449-4290-a29c-6564b5fb3154","PBS2010018028801:10","Animalia","Arthropoda","Malacostraca","Euphausiacea","Euphausiidae","Euphausia","Euphausia pacifica",49.549,-124.581
"6136363032","5e618452-d449-4290-a29c-6564b5fb3154","IOS2016047017701:36","Animalia","Arthropoda","Malacostraca","Euphausiacea","Euphausiidae","Euphausia","Euphausia pacifica",49.886,-124.995
"6136363031","5e618452-d449-4290-a29c-6564b5fb3154","IOS2016047017701:37","Animalia","Arthropoda","Malacostraca","Euphausiacea","Euphausiidae","Euphausia","Euphausia pacifica",49.886,-124.995
"6136363030","5e618452-d449-4290-a29c-6564b5fb3154","IOS2016047017701:38","Animalia","Arthropoda","Malacostraca","Euphausiacea","Euphausiidae","Euphausia","Euphausia pacifica",49.886,-124.995
"6136363029","5e618452-d449-4290-a29c-6564b5fb3154","IOS2016047017701:39","Animalia","Arthropoda","Malacostraca","Euphausiacea","Euphausiidae","Euphausia","Euphausia pacifica",49.886,-124.995
"6136362935","5e618452-d449-4290-a29c-6564b5fb3154","UVI2003031008401:14","Animalia","Arthropoda","Malacostraca","Euphausiacea","Euphausiidae","Euphausia","Euphausia pacifica",49.25,-123.748
"6136362798","5e618452-d449-4290-a29c-6564b5fb3154","IOS2017007007801:31","Animalia","Arthropoda","Malacostraca","Euphausiacea","Euphausiidae","Euphausia","Euphausia pacifica",49.706,-124.725
"6136362797","5e618452-d449-4290-a29c-6564b5fb3154","IOS2017007007801:32","Animalia","Arthropoda","Malacostraca","Euphausiacea","Euphausiidae","Euphausia","Euphausia pacifica",49.706,-124.725
"6136362795","5e618452-d449-4290-a29c-6564b5fb3154","IOS2017007007801:33","Animalia","Arthropoda","Malacostraca","Euphausiacea","Euphausiidae","Euphausia","Euphausia pacifica",49.706,-124.725
"6136362672","5e618452-d449-4290-a29c-6564b5fb3154","PBS2010017000101:24","Animalia","Arthropoda","Malacostraca","Euphausiacea","Euphausiidae","Euphausia","Euphausia pacifica",49.286,-123.771
"6136362667","5e618452-d449-4290-a29c-6564b5fb3154","PBS2010017000101:23","Animalia","Arthropoda","Malacostraca","Euphausiacea","Euphausiidae","Euphausia","Euphausia pacifica",49.286,-123.771
"6136362563","5e618452-d449-4290-a29c-6564b5fb3154","PBS2011002029301:10","Animalia","Arthropoda","Malacostraca","Euphausiacea","Euphausiidae","Euphausia","Euphausia pacifica",48.933,-123.345
"6136362547","5e618452-d449-4290-a29c-6564b5fb3154","IOS1997037008701B:18","Animalia","Arthropoda","Malacostraca","Euphausiacea","Euphausiidae","Euphausia","Euphausia pacifica",49.25,-123.75
"6136362546","5e618452-d449-4290-a29c-6564b5fb3154","IOS1997037008701B:19","Animalia","Arthropoda","Malacostraca","Euphausiacea","Euphausiidae","Euphausia","Euphausia pacifica",49.25,-123.75
"6136362529","5e618452-d449-4290-a29c-6564b5fb3154","PBS1998055000101:24","Animalia","Arthropoda","Malacostraca","Euphausiacea","Euphausiidae","Euphausia","Euphausia pacifica",49.25,-123.75
"6136362265","5e618452-d449-4290-a29c-6564b5fb3154","IOS2006016010301:18","Animalia","Arthropoda","Malacostraca","Euphausiacea","Euphausiidae","Euphausia","Euphausia pacifica",49.366,-124.084
"6136362264","5e618452-d449-4290-a29c-6564b5fb3154","IOS2006016010301:19","Animalia","Arthropoda","Malacostraca","Euphausiacea","Euphausiidae","Euphausia","Euphausia pacifica",49.366,-124.084
"6136362210","5e618452-d449-4290-a29c-6564b5fb3154","IOS2015014003401:31","Animalia","Arthropoda","Malacostraca","Euphausiacea","Euphausiidae","Euphausia","Euphausia pacifica",49.402,-123.755
"6136362208","5e618452-d449-4290-a29c-6564b5fb3154","IOS2015014003401:32","Animalia","Arthropoda","Malacostraca","Euphausiacea","Euphausiidae","Euphausia","Euphausia pacifica",49.402,-123.755
"6136362204","5e618452-d449-4290-a29c-6564b5fb3154","IOS2015014003401:30","Animalia","Arthropoda","Malacostraca","Euphausiacea","Euphausiidae","Euphausia","Euphausia pacifica",49.402,-123.755
"6136362196","5e618452-d449-4290-a29c-6564b5fb3154","IOS2015014003401:33","Animalia","Arthropoda","Malacostraca","Euphausiacea","Euphausiidae","Euphausia","Euphausia pacifica",49.402,-123.755
"6136362169","5e618452-d449-4290-a29c-6564b5fb3154","PBS2009041029801:21","Animalia","Arthropoda","Malacostraca","Euphausiacea","Euphausiidae","Euphausia","Euphausia pacifica",49.833,-124.936
"6136362157","5e618452-d449-4290-a29c-6564b5fb3154","PBS2009041029801:20","Animalia","Arthropoda","Malacostraca","Euphausiacea","Euphausiidae","Euphausia","Euphausia pacifica",49.833,-124.936
"6136362152","5e618452-d449-4290-a29c-6564b5fb3154","PBS2009041029801:18","Animalia","Arthropoda","Malacostraca","Euphausiacea","Euphausiidae","Euphausia","Euphausia pacifica",49.833,-124.936
"6136362151","5e618452-d449-4290-a29c-6564b5fb3154","PBS2009041029801:19","Animalia","Arthropoda","Malacostraca","Euphausiacea","Euphausiidae","Euphausia","Euphausia pacifica",49.833,-124.936
"6136362068","5e618452-d449-4290-a29c-6564b5fb3154","IOS2015014003401:29","Animalia","Arthropoda","Malacostraca","Euphausiacea","Euphausiidae","Euphausia","Euphausia pacifica",49.402,-123.755
"6136361739","5e618452-d449-4290-a29c-6564b5fb3154","IOS2015020020801:33","Animalia","Arthropoda","Malacostraca","Euphausiacea","Euphausiidae","Euphausia","Euphausia pacifica",49.504,-124.098
"6136361738","5e618452-d449-4290-a29c-6564b5fb3154","IOS2015020020801:34","Animalia","Arthropoda","Malacostraca","Euphausiacea","Euphausiidae","Euphausia","Euphausia pacifica",49.504,-124.098
"6136361737","5e618452-d449-4290-a29c-6564b5fb3154","IOS2015020020801:35","Animalia","Arthropoda","Malacostraca","Euphausiacea","Euphausiidae","Euphausia","Euphausia pacifica",49.504,-124.098
"6136361709","5e618452-d449-4290-a29c-6564b5fb3154","PSF2015098000501:13","Animalia","Arthropoda","Malacostraca","Euphausiacea","Euphausiidae","Euphausia","Euphausia pacifica",49.485,-124.606
"6136361699","5e618452-d449-4290-a29c-6564b5fb3154","PSF2015098000501:12","Animalia","Arthropoda","Malacostraca","Euphausiacea","Euphausiidae","Euphausia","Euphausia pacifica",49.485,-124.606
"6136361657","5e618452-d449-4290-a29c-6564b5fb3154","IOS2009026005801:20","Animalia","Arthropoda","Malacostraca","Euphausiacea","Euphausiidae","Euphausia","Euphausia pacifica",49.51,-124.465
"6136361654","5e618452-d449-4290-a29c-6564b5fb3154","IOS2009026005801:21","Animalia","Arthropoda","Malacostraca","Euphausiacea","Euphausiidae","Euphausia","Euphausia pacifica",49.51,-124.465
"6136361652","5e618452-d449-4290-a29c-6564b5fb3154","IOS2009026005801:22","Animalia","Arthropoda","Malacostraca","Euphausiacea","Euphausiidae","Euphausia","Euphausia pacifica",49.51,-124.465
"6136361616","5e618452-d449-4290-a29c-6564b5fb3154","IOS2018030006201:24","Animalia","Arthropoda","Malacostraca","Euphausiacea","Euphausiidae","Euphausia","Euphausia pacifica",49.252,-123.756
"6136361614","5e618452-d449-4290-a29c-6564b5fb3154","IOS2018030006201:25","Animalia","Arthropoda","Malacostraca","Euphausiacea","Euphausiidae","Euphausia","Euphausia pacifica",49.252,-123.756
"6136361612","5e618452-d449-4290-a29c-6564b5fb3154","IOS2018030006201:26","Animalia","Arthropoda","Malacostraca","Euphausiacea","Euphausiidae","Euphausia","Euphausia pacifica",49.252,-123.756
"6136361602","5e618452-d449-4290-a29c-6564b5fb3154","IOS2009026005801:18","Animalia","Arthropoda","Malacostraca","Euphausiacea","Euphausiidae","Euphausia","Euphausia pacifica",49.51,-124.465
"6136361601","5e618452-d449-4290-a29c-6564b5fb3154","IOS2009026005801:19","Animalia","Arthropoda","Malacostraca","Euphausiacea","Euphausiidae","Euphausia","Euphausia pacifica",49.51,-124.465
"6136361565","5e618452-d449-4290-a29c-6564b5fb3154","IOS2013058016301:21","Animalia","Arthropoda","Malacostraca","Euphausiacea","Euphausiidae","Euphausia","Euphausia pacifica",49.251,-123.752
"6136361508","5e618452-d449-4290-a29c-6564b5fb3154","IOS2016056004001:24","Animalia","Arthropoda","Malacostraca","Euphausiacea","Euphausiidae","Euphausia","Euphausia pacifica",49.706,-124.725
"6136361506","5e618452-d449-4290-a29c-6564b5fb3154","IOS2016056004001:25","Animalia","Arthropoda","Malacostraca","Euphausiacea","Euphausiidae","Euphausia","Euphausia pacifica",49.706,-124.725
"6136361503","5e618452-d449-4290-a29c-6564b5fb3154","IOS2016056004001:23","Animalia","Arthropoda","Malacostraca","Euphausiacea","Euphausiidae","Euphausia","Euphausia pacifica",49.706,-124.725
"6136361494","5e618452-d449-4290-a29c-6564b5fb3154","IOS2016047018901:22","Animalia","Arthropoda","Malacostraca","Euphausiacea","Euphausiidae","Euphausia","Euphausia pacifica",49.401,-123.752
"6136361492","5e618452-d449-4290-a29c-6564b5fb3154","IOS2016047018901:23","Animalia","Arthropoda","Malacostraca","Euphausiacea","Euphausiidae","Euphausia","Euphausia pacifica",49.401,-123.752
"6136361490","5e618452-d449-4290-a29c-6564b5fb3154","IOS2016047018901:24","Animalia","Arthropoda","Malacostraca","Euphausiacea","Euphausiidae","Euphausia","Euphausia pacifica",49.401,-123.752
"6136361481","5e618452-d449-4290-a29c-6564b5fb3154","IOS2016047018901:21","Animalia","Arthropoda","Malacostraca","Euphausiacea","Euphausiidae","Euphausia","Euphausia pacifica",49.401,-123.752
"6136361350","5e618452-d449-4290-a29c-6564b5fb3154","IOS2013058015901:11","Animalia","Arthropoda","Malacostraca","Euphausiacea","Euphausiidae","Euphausia","Euphausia pacifica",49.466,-124.502
"6136361349","5e618452-d449-4290-a29c-6564b5fb3154","IOS2013058015901:12","Animalia","Arthropoda","Malacostraca","Euphausiacea","Euphausiidae","Euphausia","Euphausia pacifica",49.466,-124.502
"6136361207","5e618452-d449-4290-a29c-6564b5fb3154","IOS2015022016401:21","Animalia","Arthropoda","Malacostraca","Euphausiacea","Euphausiidae","Euphausia","Euphausia pacifica",49.252,-123.753
"6136361206","5e618452-d449-4290-a29c-6564b5fb3154","IOS2015022016401:22","Animalia","Arthropoda","Malacostraca","Euphausiacea","Euphausiidae","Euphausia","Euphausia pacifica",49.252,-123.753
"6136361203","5e618452-d449-4290-a29c-6564b5fb3154","IOS2015022016401:23","Animalia","Arthropoda","Malacostraca","Euphausiacea","Euphausiidae","Euphausia","Euphausia pacifica",49.252,-123.753
"6136361075","5e618452-d449-4290-a29c-6564b5fb3154","IOS2015022018901:20","Animalia","Arthropoda","Malacostraca","Euphausiacea","Euphausiidae","Euphausia","Euphausia pacifica",49.367,-124.084
"6136361074","5e618452-d449-4290-a29c-6564b5fb3154","IOS2015022018901:21","Animalia","Arthropoda","Malacostraca","Euphausiacea","Euphausiidae","Euphausia","Euphausia pacifica",49.367,-124.084
"6136361073","5e618452-d449-4290-a29c-6564b5fb3154","IOS2015022018901:22","Animalia","Arthropoda","Malacostraca","Euphausiacea","Euphausiidae","Euphausia","Euphausia pacifica",49.367,-124.084
"6136361072","5e618452-d449-4290-a29c-6564b5fb3154","IOS2015022018901:23","Animalia","Arthropoda","Malacostraca","Euphausiacea","Euphausiidae","Euphausia","Euphausia pacifica",49.367,-124.084
"6136361071","5e618452-d449-4290-a29c-6564b5fb3154","IOS2015022018901:24","Animalia","Arthropoda","Malacostraca","Euphausiacea","Euphausiidae","Euphausia","Euphausia pacifica",49.367,-124.084
"6136361023","5e618452-d449-4290-a29c-6564b5fb3154","IOS2015022015401:28","Animalia","Arthropoda","Malacostraca","Euphausiacea","Euphausiidae","Euphausia","Euphausia pacifica",49.705,-124.723
"6136361021","5e618452-d449-4290-a29c-6564b5fb3154","IOS2015022015401:29","Animalia","Arthropoda","Malacostraca","Euphausiacea","Euphausiidae","Euphausia","Euphausia pacifica",49.705,-124.723
"6136361019","5e618452-d449-4290-a29c-6564b5fb3154","IOS2015022015401:27","Animalia","Arthropoda","Malacostraca","Euphausiacea","Euphausiidae","Euphausia","Euphausia pacifica",49.705,-124.723
"6136361000","5e618452-d449-4290-a29c-6564b5fb3154","IOS2016056004001:26","Animalia","Arthropoda","Malacostraca","Euphausiacea","Euphausiidae","Euphausia","Euphausia pacifica",49.706,-124.725
"6136360914","5e618452-d449-4290-a29c-6564b5fb3154","UBC9999099000701:8","Animalia","Arthropoda","Malacostraca","Euphausiacea","Euphausiidae","Euphausia","Euphausia pacifica",49.25,-123.667
"6136360515","5e618452-d449-4290-a29c-6564b5fb3154","IOS2002006001801:14","Animalia","Arthropoda","Malacostraca","Euphausiacea","Euphausiidae","Euphausia","Euphausia pacifica",49.429,-124.388
"6136360508","5e618452-d449-4290-a29c-6564b5fb3154","IOS2002006001801:13","Animalia","Arthropoda","Malacostraca","Euphausiacea","Euphausiidae","Euphausia","Euphausia pacifica",49.429,-124.388
"6136360306","5e618452-d449-4290-a29c-6564b5fb3154","IOS2016009006101:21","Animalia","Arthropoda","Malacostraca","Euphausiacea","Euphausiidae","Euphausia","Euphausia pacifica",49.25,-123.75
"6136360305","5e618452-d449-4290-a29c-6564b5fb3154","IOS2016009006101:22","Animalia","Arthropoda","Malacostraca","Euphausiacea","Euphausiidae","Euphausia","Euphausia pacifica",49.25,-123.75
"6136360302","5e618452-d449-4290-a29c-6564b5fb3154","IOS2016009006101:23","Animalia","Arthropoda","Malacostraca","Euphausiacea","Euphausiidae","Euphausia","Euphausia pacifica",49.25,-123.75
"6136360140","5e618452-d449-4290-a29c-6564b5fb3154","PBS2013043000401:25","Animalia","Arthropoda","Malacostraca","Euphausiacea","Euphausiidae","Euphausia","Euphausia pacifica",48.936,-123.398
"6136360136","5e618452-d449-4290-a29c-6564b5fb3154","PBS2013043000401:23","Animalia","Arthropoda","Malacostraca","Euphausiacea","Euphausiidae","Euphausia","Euphausia pacifica",48.936,-123.398
"6136360133","5e618452-d449-4290-a29c-6564b5fb3154","PBS2013043000401:24","Animalia","Arthropoda","Malacostraca","Euphausiacea","Euphausiidae","Euphausia","Euphausia pacifica",48.936,-123.398
"6136360131","5e618452-d449-4290-a29c-6564b5fb3154","PBS2013043000401:22","Animalia","Arthropoda","Malacostraca","Euphausiacea","Euphausiidae","Euphausia","Euphausia pacifica",48.936,-123.398
"6136360071","5e618452-d449-4290-a29c-6564b5fb3154","IOS2016009020201:22","Animalia","Arthropoda","Malacostraca","Euphausiacea","Euphausiidae","Euphausia","Euphausia pacifica",49.369,-124.076
"6136360066","5e618452-d449-4290-a29c-6564b5fb3154","IOS2016009020201:21","Animalia","Arthropoda","Malacostraca","Euphausiacea","Euphausiidae","Euphausia","Euphausia pacifica",49.369,-124.076
"6136359978","5e618452-d449-4290-a29c-6564b5fb3154","PBS1996053000201A:22","Animalia","Arthropoda","Malacostraca","Euphausiacea","Euphausiidae","Euphausia","Euphausia pacifica",49.25,-123.748
"6136359977","5e618452-d449-4290-a29c-6564b5fb3154","PBS2015056012801:11","Animalia","Arthropoda","Malacostraca","Euphausiacea","Euphausiidae","Euphausia","Euphausia pacifica",49.262,-123.808
"6136359976","5e618452-d449-4290-a29c-6564b5fb3154","PBS2015056012801:12","Animalia","Arthropoda","Malacostraca","Euphausiacea","Euphausiidae","Euphausia","Euphausia pacifica",49.262,-123.808
"6136359975","5e618452-d449-4290-a29c-6564b5fb3154","PBS1996053000201A:23","Animalia","Arthropoda","Malacostraca","Euphausiacea","Euphausiidae","Euphausia","Euphausia pacifica",49.25,-123.748
"6136359949","5e618452-d449-4290-a29c-6564b5fb3154","IOS2017065009601:26","Animalia","Arthropoda","Malacostraca","Euphausiacea","Euphausiidae","Euphausia","Euphausia pacifica",49.707,-124.724
"6136359948","5e618452-d449-4290-a29c-6564b5fb3154","IOS2017065009601:27","Animalia","Arthropoda","Malacostraca","Euphausiacea","Euphausiidae","Euphausia","Euphausia pacifica",49.707,-124.724
"6136359945","5e618452-d449-4290-a29c-6564b5fb3154","IOS2016009004601:24","Animalia","Arthropoda","Malacostraca","Euphausiacea","Euphausiidae","Euphausia","Euphausia pacifica",49.465,-124.499
"6136359944","5e618452-d449-4290-a29c-6564b5fb3154","IOS2016009004601:25","Animalia","Arthropoda","Malacostraca","Euphausiacea","Euphausiidae","Euphausia","Euphausia pacifica",49.465,-124.499
"6136359943","5e618452-d449-4290-a29c-6564b5fb3154","IOS2016009004601:26","Animalia","Arthropoda","Malacostraca","Euphausiacea","Euphausiidae","Euphausia","Euphausia pacifica",49.465,-124.499
"6136359936","5e618452-d449-4290-a29c-6564b5fb3154","IOS2016009004601:23","Animalia","Arthropoda","Malacostraca","Euphausiacea","Euphausiidae","Euphausia","Euphausia pacifica",49.465,-124.499
"6136359526","5e618452-d449-4290-a29c-6564b5fb3154","IOS2018001009901:18","Animalia","Arthropoda","Malacostraca","Euphausiacea","Euphausiidae","Euphausia","Euphausia pacifica",49.367,-124.08
"6136359524","5e618452-d449-4290-a29c-6564b5fb3154","IOS2018001009901:19","Animalia","Arthropoda","Malacostraca","Euphausiacea","Euphausiidae","Euphausia","Euphausia pacifica",49.367,-124.08
"6136359442","5e618452-d449-4290-a29c-6564b5fb3154","IOS2018029005201:30","Animalia","Arthropoda","Malacostraca","Euphausiacea","Euphausiidae","Euphausia","Euphausia pacifica",49.055,-123.372
"6136359426","5e618452-d449-4290-a29c-6564b5fb3154","IOS2018029005201:29","Animalia","Arthropoda","Malacostraca","Euphausiacea","Euphausiidae","Euphausia","Euphausia pacifica",49.055,-123.372
"6136359424","5e618452-d449-4290-a29c-6564b5fb3154","IOS2018029005201:28","Animalia","Arthropoda","Malacostraca","Euphausiacea","Euphausiidae","Euphausia","Euphausia pacifica",49.055,-123.372
"6136359291","5e618452-d449-4290-a29c-6564b5fb3154","IOS2017049000301:28","Animalia","Arthropoda","Malacostraca","Euphausiacea","Euphausiidae","Euphausia","Euphausia pacifica",49.252,-123.747
"6136359288","5e618452-d449-4290-a29c-6564b5fb3154","IOS2017049000301:29","Animalia","Arthropoda","Malacostraca","Euphausiacea","Euphausiidae","Euphausia","Euphausia pacifica",49.252,-123.747
"6136359241","5e618452-d449-4290-a29c-6564b5fb3154","UVI2004000002401:12","Animalia","Arthropoda","Malacostraca","Euphausiacea","Euphausiidae","Euphausia","Euphausia pacifica",49.25,-123.748
"6136359239","5e618452-d449-4290-a29c-6564b5fb3154","UVI2004000002401:13","Animalia","Arthropoda","Malacostraca","Euphausiacea","Euphausiidae","Euphausia","Euphausia pacifica",49.25,-123.748
"6136359186","5e618452-d449-4290-a29c-6564b5fb3154","IOS2017007012501:27","Animalia","Arthropoda","Malacostraca","Euphausiacea","Euphausiidae","Euphausia","Euphausia pacifica",49.25,-123.747
"6136359183","5e618452-d449-4290-a29c-6564b5fb3154","IOS2017007012501:28","Animalia","Arthropoda","Malacostraca","Euphausiacea","Euphausiidae","Euphausia","Euphausia pacifica",49.25,-123.747
"6136359180","5e618452-d449-4290-a29c-6564b5fb3154","IOS2017007012501:29","Animalia","Arthropoda","Malacostraca","Euphausiacea","Euphausiidae","Euphausia","Euphausia pacifica",49.25,-123.747
"6136359172","5e618452-d449-4290-a29c-6564b5fb3154","IOS2017007012501:26","Animalia","Arthropoda","Malacostraca","Euphausiacea","Euphausiidae","Euphausia","Euphausia pacifica",49.25,-123.747
"6136358817","5e618452-d449-4290-a29c-6564b5fb3154","IOS2017049000301:30","Animalia","Arthropoda","Malacostraca","Euphausiacea","Euphausiidae","Euphausia","Euphausia pacifica",49.252,-123.747
"6136358733","5e618452-d449-4290-a29c-6564b5fb3154","IOS2017007001001:25","Animalia","Arthropoda","Malacostraca","Euphausiacea","Euphausiidae","Euphausia","Euphausia pacifica",49.201,-123.441
"6136358646","5e618452-d449-4290-a29c-6564b5fb3154","IOS2015021014601:20","Animalia","Arthropoda","Malacostraca","Euphausiacea","Euphausiidae","Euphausia","Euphausia pacifica",49.883,-124.993
"6136358645","5e618452-d449-4290-a29c-6564b5fb3154","IOS2015021014601:21","Animalia","Arthropoda","Malacostraca","Euphausiacea","Euphausiidae","Euphausia","Euphausia pacifica",49.883,-124.993
"6136358570","5e618452-d449-4290-a29c-6564b5fb3154","HAK2016096000501:13","Animalia","Arthropoda","Malacostraca","Euphausiacea","Euphausiidae","Euphausia","Euphausia pacifica",50.031,-125.099
"6136358569","5e618452-d449-4290-a29c-6564b5fb3154","HAK2016096000501:14","Animalia","Arthropoda","Malacostraca","Euphausiacea","Euphausiidae","Euphausia","Euphausia pacifica",50.031,-125.099
"6136358541","5e618452-d449-4290-a29c-6564b5fb3154","IOS2013012001801:19","Animalia","Arthropoda","Malacostraca","Euphausiacea","Euphausiidae","Euphausia","Euphausia pacifica",49.055,-123.389
"6136358536","5e618452-d449-4290-a29c-6564b5fb3154","IOS2013012001801:20","Animalia","Arthropoda","Malacostraca","Euphausiacea","Euphausiidae","Euphausia","Euphausia pacifica",49.055,-123.389
"6136358535","5e618452-d449-4290-a29c-6564b5fb3154","IOS2013012001801:21","Animalia","Arthropoda","Malacostraca","Euphausiacea","Euphausiidae","Euphausia","Euphausia pacifica",49.055,-123.389
"6136358534","5e618452-d449-4290-a29c-6564b5fb3154","IOS2013012001801:22","Animalia","Arthropoda","Malacostraca","Euphausiacea","Euphausiidae","Euphausia","Euphausia pacifica",49.055,-123.389
"6136358533","5e618452-d449-4290-a29c-6564b5fb3154","IOS2013012001801:23","Animalia","Arthropoda","Malacostraca","Euphausiacea","Euphausiidae","Euphausia","Euphausia pacifica",49.055,-123.389
"6136358472","5e618452-d449-4290-a29c-6564b5fb3154","IOS2015022021701:19","Animalia","Arthropoda","Malacostraca","Euphausiacea","Euphausiidae","Euphausia","Euphausia pacifica",49.146,-123.616
"6136358351","5e618452-d449-4290-a29c-6564b5fb3154","IOS2015022021701:20","Animalia","Arthropoda","Malacostraca","Euphausiacea","Euphausiidae","Euphausia","Euphausia pacifica",49.146,-123.616
"6136358349","5e618452-d449-4290-a29c-6564b5fb3154","IOS2015022021701:21","Animalia","Arthropoda","Malacostraca","Euphausiacea","Euphausiidae","Euphausia","Euphausia pacifica",49.146,-123.616
"6136358312","5e618452-d449-4290-a29c-6564b5fb3154","IOS2007029002901:20","Animalia","Arthropoda","Malacostraca","Euphausiacea","Euphausiidae","Euphausia","Euphausia pacifica",49.25,-123.75
"6136358298","5e618452-d449-4290-a29c-6564b5fb3154","IOS2018029004901:32","Animalia","Arthropoda","Malacostraca","Euphausiacea","Euphausiidae","Euphausia","Euphausia pacifica",49.03,-123.437
"6136358297","5e618452-d449-4290-a29c-6564b5fb3154","IOS2018029004901:33","Animalia","Arthropoda","Malacostraca","Euphausiacea","Euphausiidae","Euphausia","Euphausia pacifica",49.03,-123.437
"6136358295","5e618452-d449-4290-a29c-6564b5fb3154","IOS2018029004901:31","Animalia","Arthropoda","Malacostraca","Euphausiacea","Euphausiidae","Euphausia","Euphausia pacifica",49.03,-123.437
"6136358112","5e618452-d449-4290-a29c-6564b5fb3154","IOS2015022011301:36","Animalia","Arthropoda","Malacostraca","Euphausiacea","Euphausiidae","Euphausia","Euphausia pacifica",49.466,-124.498
"6136358097","5e618452-d449-4290-a29c-6564b5fb3154","IOS2015022011301:34","Animalia","Arthropoda","Malacostraca","Euphausiacea","Euphausiidae","Euphausia","Euphausia pacifica",49.466,-124.498
"6136358096","5e618452-d449-4290-a29c-6564b5fb3154","IOS2015022011301:35","Animalia","Arthropoda","Malacostraca","Euphausiacea","Euphausiidae","Euphausia","Euphausia pacifica",49.466,-124.498
"6136358034","5e618452-d449-4290-a29c-6564b5fb3154","PBS1998017000401:16","Animalia","Arthropoda","Malacostraca","Euphausiacea","Euphausiidae","Euphausia","Euphausia pacifica",49.367,-124.086
"6136358033","5e618452-d449-4290-a29c-6564b5fb3154","PBS1998017000401:17","Animalia","Arthropoda","Malacostraca","Euphausiacea","Euphausiidae","Euphausia","Euphausia pacifica",49.367,-124.086
"6136358032","5e618452-d449-4290-a29c-6564b5fb3154","PBS1998017000401:18","Animalia","Arthropoda","Malacostraca","Euphausiacea","Euphausiidae","Euphausia","Euphausia pacifica",49.367,-124.086
"6136358027","5e618452-d449-4290-a29c-6564b5fb3154","PBS1998017000401:15","Animalia","Arthropoda","Malacostraca","Euphausiacea","Euphausiidae","Euphausia","Euphausia pacifica",49.367,-124.086
"6136357932","5e618452-d449-4290-a29c-6564b5fb3154","IOS2015021015801:8","Animalia","Arthropoda","Malacostraca","Euphausiacea","Euphausiidae","Euphausia","Euphausia pacifica",49.401,-123.753
"6136357929","5e618452-d449-4290-a29c-6564b5fb3154","IOS2015021015801:9","Animalia","Arthropoda","Malacostraca","Euphausiacea","Euphausiidae","Euphausia","Euphausia pacifica",49.401,-123.753
"6136357871","5e618452-d449-4290-a29c-6564b5fb3154","IOS2016009013501:36","Animalia","Arthropoda","Malacostraca","Euphausiacea","Euphausiidae","Euphausia","Euphausia pacifica",49.671,-124.273
"6136357869","5e618452-d449-4290-a29c-6564b5fb3154","IOS2016009013501:37","Animalia","Arthropoda","Malacostraca","Euphausiacea","Euphausiidae","Euphausia","Euphausia pacifica",49.671,-124.273
"6136357754","5e618452-d449-4290-a29c-6564b5fb3154","IOS2015022018401:29","Animalia","Arthropoda","Malacostraca","Euphausiacea","Euphausiidae","Euphausia","Euphausia pacifica",49.256,-123.75
"6136357753","5e618452-d449-4290-a29c-6564b5fb3154","IOS2015022018401:30","Animalia","Arthropoda","Malacostraca","Euphausiacea","Euphausiidae","Euphausia","Euphausia pacifica",49.256,-123.75
"6136357646","5e618452-d449-4290-a29c-6564b5fb3154","IOS2017001012601:17","Animalia","Arthropoda","Malacostraca","Euphausiacea","Euphausiidae","Euphausia","Euphausia pacifica",49.467,-124.5
"6136357564","5e618452-d449-4290-a29c-6564b5fb3154","IOS2016003004701:20","Animalia","Arthropoda","Malacostraca","Euphausiacea","Euphausiidae","Euphausia","Euphausia pacifica",49.672,-124.276
"6136357563","5e618452-d449-4290-a29c-6564b5fb3154","IOS2016003004701:21","Animalia","Arthropoda","Malacostraca","Euphausiacea","Euphausiidae","Euphausia","Euphausia pacifica",49.672,-124.276
"6136357549","5e618452-d449-4290-a29c-6564b5fb3154","IOS2016007006701:23","Animalia","Arthropoda","Malacostraca","Euphausiacea","Euphausiidae","Euphausia","Euphausia pacifica",49.403,-123.755
"6136357548","5e618452-d449-4290-a29c-6564b5fb3154","IOS2016007006701:24","Animalia","Arthropoda","Malacostraca","Euphausiacea","Euphausiidae","Euphausia","Euphausia pacifica",49.403,-123.755
"6136357547","5e618452-d449-4290-a29c-6564b5fb3154","IOS2016007006701:21","Animalia","Arthropoda","Malacostraca","Euphausiacea","Euphausiidae","Euphausia","Euphausia pacifica",49.403,-123.755
"6136357546","5e618452-d449-4290-a29c-6564b5fb3154","IOS2016007006701:22","Animalia","Arthropoda","Malacostraca","Euphausiacea","Euphausiidae","Euphausia","Euphausia pacifica",49.403,-123.755
"6136357490","5e618452-d449-4290-a29c-6564b5fb3154","IOS2008005013001:21","Animalia","Arthropoda","Malacostraca","Euphausiacea","Euphausiidae","Euphausia","Euphausia pacifica",49.25,-123.75
"6136357479","5e618452-d449-4290-a29c-6564b5fb3154","IOS2008005013001:20","Animalia","Arthropoda","Malacostraca","Euphausiacea","Euphausiidae","Euphausia","Euphausia pacifica",49.25,-123.75
"6136357467","5e618452-d449-4290-a29c-6564b5fb3154","IOS2008005013001:19","Animalia","Arthropoda","Malacostraca","Euphausiacea","Euphausiidae","Euphausia","Euphausia pacifica",49.25,-123.75
"6136357291","5e618452-d449-4290-a29c-6564b5fb3154","IOS2015022003401:23","Animalia","Arthropoda","Malacostraca","Euphausiacea","Euphausiidae","Euphausia","Euphausia pacifica",49.504,-124.1
"6136357289","5e618452-d449-4290-a29c-6564b5fb3154","IOS2015022003401:24","Animalia","Arthropoda","Malacostraca","Euphausiacea","Euphausiidae","Euphausia","Euphausia pacifica",49.504,-124.1
"6136357288","5e618452-d449-4290-a29c-6564b5fb3154","IOS2015022003401:25","Animalia","Arthropoda","Malacostraca","Euphausiacea","Euphausiidae","Euphausia","Euphausia pacifica",49.504,-124.1
"6136356990","5e618452-d449-4290-a29c-6564b5fb3154","IOS2016007008701:29","Animalia","Arthropoda","Malacostraca","Euphausiacea","Euphausiidae","Euphausia","Euphausia pacifica",49.706,-124.723
"6136356983","5e618452-d449-4290-a29c-6564b5fb3154","IOS2016007008701:28","Animalia","Arthropoda","Malacostraca","Euphausiacea","Euphausiidae","Euphausia","Euphausia pacifica",49.706,-124.723
"6136356904","5e618452-d449-4290-a29c-6564b5fb3154","IOS2016007008701:30","Animalia","Arthropoda","Malacostraca","Euphausiacea","Euphausiidae","Euphausia","Euphausia pacifica",49.706,-124.723
"6136356902","5e618452-d449-4290-a29c-6564b5fb3154","IOS2016007008701:31","Animalia","Arthropoda","Malacostraca","Euphausiacea","Euphausiidae","Euphausia","Euphausia pacifica",49.706,-124.723
"6136356695","5e618452-d449-4290-a29c-6564b5fb3154","IOS2014006005201:26","Animalia","Arthropoda","Malacostraca","Euphausiacea","Euphausiidae","Euphausia","Euphausia pacifica",49.252,-123.749
"6136356684","5e618452-d449-4290-a29c-6564b5fb3154","IOS2014006005201:25","Animalia","Arthropoda","Malacostraca","Euphausiacea","Euphausiidae","Euphausia","Euphausia pacifica",49.252,-123.749
"6136356683","5e618452-d449-4290-a29c-6564b5fb3154","IOS2016009015501:29","Animalia","Arthropoda","Malacostraca","Euphausiacea","Euphausiidae","Euphausia","Euphausia pacifica",49.055,-123.372
"6136356681","5e618452-d449-4290-a29c-6564b5fb3154","IOS2016009015501:27","Animalia","Arthropoda","Malacostraca","Euphausiacea","Euphausiidae","Euphausia","Euphausia pacifica",49.055,-123.372
"6136356679","5e618452-d449-4290-a29c-6564b5fb3154","IOS2016009015501:28","Animalia","Arthropoda","Malacostraca","Euphausiacea","Euphausiidae","Euphausia","Euphausia pacifica",49.055,-123.372
"6136356542","5e618452-d449-4290-a29c-6564b5fb3154","IOS2016003003001:18","Animalia","Arthropoda","Malacostraca","Euphausiacea","Euphausiidae","Euphausia","Euphausia pacifica",49.468,-124.502
"6136356541","5e618452-d449-4290-a29c-6564b5fb3154","IOS2016003003001:19","Animalia","Arthropoda","Malacostraca","Euphausiacea","Euphausiidae","Euphausia","Euphausia pacifica",49.468,-124.502
"6136356500","5e618452-d449-4290-a29c-6564b5fb3154","PBS1998051000101:15","Animalia","Arthropoda","Malacostraca","Euphausiacea","Euphausiidae","Euphausia","Euphausia pacifica",49.25,-123.75
"6136356472","5e618452-d449-4290-a29c-6564b5fb3154","PBS1998051000101:14","Animalia","Arthropoda","Malacostraca","Euphausiacea","Euphausiidae","Euphausia","Euphausia pacifica",49.25,-123.75
"6136356465","5e618452-d449-4290-a29c-6564b5fb3154","PBS2009046006601:15","Animalia","Arthropoda","Malacostraca","Euphausiacea","Euphausiidae","Euphausia","Euphausia pacifica",49.309,-123.674
"6136356416","5e618452-d449-4290-a29c-6564b5fb3154","IOS2016009020901:24","Animalia","Arthropoda","Malacostraca","Euphausiacea","Euphausiidae","Euphausia","Euphausia pacifica",49.705,-124.718
"6136356413","5e618452-d449-4290-a29c-6564b5fb3154","IOS2016009020901:25","Animalia","Arthropoda","Malacostraca","Euphausiacea","Euphausiidae","Euphausia","Euphausia pacifica",49.705,-124.718
"6136356412","5e618452-d449-4290-a29c-6564b5fb3154","IOS2016009020901:26","Animalia","Arthropoda","Malacostraca","Euphausiacea","Euphausiidae","Euphausia","Euphausia pacifica",49.705,-124.718
"6136356411","5e618452-d449-4290-a29c-6564b5fb3154","IOS2016009020901:27","Animalia","Arthropoda","Malacostraca","Euphausiacea","Euphausiidae","Euphausia","Euphausia pacifica",49.705,-124.718
"6136356398","5e618452-d449-4290-a29c-6564b5fb3154","IOS2016009021901:17","Animalia","Arthropoda","Malacostraca","Euphausiacea","Euphausiidae","Euphausia","Euphausia pacifica",49.143,-123.611
"6136356396","5e618452-d449-4290-a29c-6564b5fb3154","IOS2016009021901:15","Animalia","Arthropoda","Malacostraca","Euphausiacea","Euphausiidae","Euphausia","Euphausia pacifica",49.143,-123.611
"6136356395","5e618452-d449-4290-a29c-6564b5fb3154","IOS2016009021901:16","Animalia","Arthropoda","Malacostraca","Euphausiacea","Euphausiidae","Euphausia","Euphausia pacifica",49.143,-123.611
"6136356194","5e618452-d449-4290-a29c-6564b5fb3154","PBS2008014035301:8","Animalia","Arthropoda","Malacostraca","Euphausiacea","Euphausiidae","Euphausia","Euphausia pacifica",49.632,-124.678
"6136356193","5e618452-d449-4290-a29c-6564b5fb3154","PBS2008014035301:9","Animalia","Arthropoda","Malacostraca","Euphausiacea","Euphausiidae","Euphausia","Euphausia pacifica",49.632,-124.678
"6136356169","5e618452-d449-4290-a29c-6564b5fb3154","IOS2016005008701:34","Animalia","Arthropoda","Malacostraca","Euphausiacea","Euphausiidae","Euphausia","Euphausia pacifica",49.882,-124.996
"6136356168","5e618452-d449-4290-a29c-6564b5fb3154","IOS2016005008701:35","Animalia","Arthropoda","Malacostraca","Euphausiacea","Euphausiidae","Euphausia","Euphausia pacifica",49.882,-124.996
"6136356165","5e618452-d449-4290-a29c-6564b5fb3154","IOS2016005008701:36","Animalia","Arthropoda","Malacostraca","Euphausiacea","Euphausiidae","Euphausia","Euphausia pacifica",49.882,-124.996
"6136356164","5e618452-d449-4290-a29c-6564b5fb3154","IOS2016005008701:37","Animalia","Arthropoda","Malacostraca","Euphausiacea","Euphausiidae","Euphausia","Euphausia pacifica",49.882,-124.996
"6136356163","5e618452-d449-4290-a29c-6564b5fb3154","IOS2016005008701:38","Animalia","Arthropoda","Malacostraca","Euphausiacea","Euphausiidae","Euphausia","Euphausia pacifica",49.882,-124.996
"6136355984","5e618452-d449-4290-a29c-6564b5fb3154","IOS2017064009301:28","Animalia","Arthropoda","Malacostraca","Euphausiacea","Euphausiidae","Euphausia","Euphausia pacifica",49.883,-124.994
"6136355983","5e618452-d449-4290-a29c-6564b5fb3154","IOS2017064009301:29","Animalia","Arthropoda","Malacostraca","Euphausiacea","Euphausiidae","Euphausia","Euphausia pacifica",49.883,-124.994
"6136355976","5e618452-d449-4290-a29c-6564b5fb3154","IOS2017064009301:27","Animalia","Arthropoda","Malacostraca","Euphausiacea","Euphausiidae","Euphausia","Euphausia pacifica",49.883,-124.994
"6136355882","5e618452-d449-4290-a29c-6564b5fb3154","IOS2016009009701:29","Animalia","Arthropoda","Malacostraca","Euphausiacea","Euphausiidae","Euphausia","Euphausia pacifica",49.707,-124.718
"6136355839","5e618452-d449-4290-a29c-6564b5fb3154","IOS2015022008501:40","Animalia","Arthropoda","Malacostraca","Euphausiacea","Euphausiidae","Euphausia","Euphausia pacifica",49.707,-124.72
"6136355799","5e618452-d449-4290-a29c-6564b5fb3154","IOS2015022008501:38","Animalia","Arthropoda","Malacostraca","Euphausiacea","Euphausiidae","Euphausia","Euphausia pacifica",49.707,-124.72
"6136355796","5e618452-d449-4290-a29c-6564b5fb3154","IOS2015022008501:39","Animalia","Arthropoda","Malacostraca","Euphausiacea","Euphausiidae","Euphausia","Euphausia pacifica",49.707,-124.72
"6136355755","5e618452-d449-4290-a29c-6564b5fb3154","PBS2010017043101:14","Animalia","Arthropoda","Malacostraca","Euphausiacea","Euphausiidae","Euphausia","Euphausia pacifica",49.017,-123.275
"6136355750","5e618452-d449-4290-a29c-6564b5fb3154","PBS2010017043101:12","Animalia","Arthropoda","Malacostraca","Euphausiacea","Euphausiidae","Euphausia","Euphausia pacifica",49.017,-123.275
"6136355748","5e618452-d449-4290-a29c-6564b5fb3154","PBS2010017043101:13","Animalia","Arthropoda","Malacostraca","Euphausiacea","Euphausiidae","Euphausia","Euphausia pacifica",49.017,-123.275
"6136355669","5e618452-d449-4290-a29c-6564b5fb3154","IOS2016009009701:30","Animalia","Arthropoda","Malacostraca","Euphausiacea","Euphausiidae","Euphausia","Euphausia pacifica",49.707,-124.718
"6136355637","5e618452-d449-4290-a29c-6564b5fb3154","IOS2016009009701:31","Animalia","Arthropoda","Malacostraca","Euphausiacea","Euphausiidae","Euphausia","Euphausia pacifica",49.707,-124.718
"6136355635","5e618452-d449-4290-a29c-6564b5fb3154","IOS2016009009701:32","Animalia","Arthropoda","Malacostraca","Euphausiacea","Euphausiidae","Euphausia","Euphausia pacifica",49.707,-124.718
"6136355633","5e618452-d449-4290-a29c-6564b5fb3154","IOS2016009009701:33","Animalia","Arthropoda","Malacostraca","Euphausiacea","Euphausiidae","Euphausia","Euphausia pacifica",49.707,-124.718
"6136355589","5e618452-d449-4290-a29c-6564b5fb3154","IOS2018036002001:31","Animalia","Arthropoda","Malacostraca","Euphausiacea","Euphausiidae","Euphausia","Euphausia pacifica",49.372,-124.088
"6136355586","5e618452-d449-4290-a29c-6564b5fb3154","IOS2018036002001:32","Animalia","Arthropoda","Malacostraca","Euphausiacea","Euphausiidae","Euphausia","Euphausia pacifica",49.372,-124.088
"6136355535","5e618452-d449-4290-a29c-6564b5fb3154","PBS2010017043101:11","Animalia","Arthropoda","Malacostraca","Euphausiacea","Euphausiidae","Euphausia","Euphausia pacifica",49.017,-123.275
"6136355299","5e618452-d449-4290-a29c-6564b5fb3154","IOS1999020006001:20","Animalia","Arthropoda","Malacostraca","Euphausiacea","Euphausiidae","Euphausia","Euphausia pacifica",49.469,-124.502
"6136355298","5e618452-d449-4290-a29c-6564b5fb3154","IOS1999020006001:21","Animalia","Arthropoda","Malacostraca","Euphausiacea","Euphausiidae","Euphausia","Euphausia pacifica",49.469,-124.502
"6136355281","5e618452-d449-4290-a29c-6564b5fb3154","IOS1999020006001:18","Animalia","Arthropoda","Malacostraca","Euphausiacea","Euphausiidae","Euphausia","Euphausia pacifica",49.469,-124.502
"6136355279","5e618452-d449-4290-a29c-6564b5fb3154","IOS1999020006001:19","Animalia","Arthropoda","Malacostraca","Euphausiacea","Euphausiidae","Euphausia","Euphausia pacifica",49.469,-124.502
"6136355270","5e618452-d449-4290-a29c-6564b5fb3154","PBS2010003009101:10","Animalia","Arthropoda","Malacostraca","Euphausiacea","Euphausiidae","Euphausia","Euphausia pacifica",49.77,-124.671
"6136355267","5e618452-d449-4290-a29c-6564b5fb3154","PBS2010003009101:11","Animalia","Arthropoda","Malacostraca","Euphausiacea","Euphausiidae","Euphausia","Euphausia pacifica",49.77,-124.671
"6136355266","5e618452-d449-4290-a29c-6564b5fb3154","PBS2010003009101:12","Animalia","Arthropoda","Malacostraca","Euphausiacea","Euphausiidae","Euphausia","Euphausia pacifica",49.77,-124.671
"6136355254","5e618452-d449-4290-a29c-6564b5fb3154","IOS2015022008501:36","Animalia","Arthropoda","Malacostraca","Euphausiacea","Euphausiidae","Euphausia","Euphausia pacifica",49.707,-124.72
"6136355253","5e618452-d449-4290-a29c-6564b5fb3154","IOS2015022008501:37","Animalia","Arthropoda","Malacostraca","Euphausiacea","Euphausiidae","Euphausia","Euphausia pacifica",49.707,-124.72
"6136355216","5e618452-d449-4290-a29c-6564b5fb3154","IOS2002006006801:12","Animalia","Arthropoda","Malacostraca","Euphausiacea","Euphausiidae","Euphausia","Euphausia pacifica",49.029,-123.423
"6136355163","5e618452-d449-4290-a29c-6564b5fb3154","IOS2015022014301:26","Animalia","Arthropoda","Malacostraca","Euphausiacea","Euphausiidae","Euphausia","Euphausia pacifica",49.147,-123.613
"6136355161","5e618452-d449-4290-a29c-6564b5fb3154","IOS2015022014301:24","Animalia","Arthropoda","Malacostraca","Euphausiacea","Euphausiidae","Euphausia","Euphausia pacifica",49.147,-123.613
"6136355160","5e618452-d449-4290-a29c-6564b5fb3154","IOS2015022014301:25","Animalia","Arthropoda","Malacostraca","Euphausiacea","Euphausiidae","Euphausia","Euphausia pacifica",49.147,-123.613
"6136355158","5e618452-d449-4290-a29c-6564b5fb3154","IOS2015022014301:23","Animalia","Arthropoda","Malacostraca","Euphausiacea","Euphausiidae","Euphausia","Euphausia pacifica",49.147,-123.613
"6136354870","5e618452-d449-4290-a29c-6564b5fb3154","IOS2015022017501:33","Animalia","Arthropoda","Malacostraca","Euphausiacea","Euphausiidae","Euphausia","Euphausia pacifica",49.051,-123.378
"6136354868","5e618452-d449-4290-a29c-6564b5fb3154","IOS2015022017501:32","Animalia","Arthropoda","Malacostraca","Euphausiacea","Euphausiidae","Euphausia","Euphausia pacifica",49.051,-123.378
"6136354762","5e618452-d449-4290-a29c-6564b5fb3154","IOS2016003001901:21","Animalia","Arthropoda","Malacostraca","Euphausiacea","Euphausiidae","Euphausia","Euphausia pacifica",49.401,-123.758
"6136354761","5e618452-d449-4290-a29c-6564b5fb3154","IOS2016003001901:20","Animalia","Arthropoda","Malacostraca","Euphausiacea","Euphausiidae","Euphausia","Euphausia pacifica",49.401,-123.758
"6136354712","5e618452-d449-4290-a29c-6564b5fb3154","IOS2016003001901:18","Animalia","Arthropoda","Malacostraca","Euphausiacea","Euphausiidae","Euphausia","Euphausia pacifica",49.401,-123.758
"6136354707","5e618452-d449-4290-a29c-6564b5fb3154","IOS2016003001901:19","Animalia","Arthropoda","Malacostraca","Euphausiacea","Euphausiidae","Euphausia","Euphausia pacifica",49.401,-123.758
"6136354616","5e618452-d449-4290-a29c-6564b5fb3154","IOS2006030001201:15","Animalia","Arthropoda","Malacostraca","Euphausiacea","Euphausiidae","Euphausia","Euphausia pacifica",48.9,-123.233
"6136354523","5e618452-d449-4290-a29c-6564b5fb3154","IOS2013014006901:16","Animalia","Arthropoda","Malacostraca","Euphausiacea","Euphausiidae","Euphausia","Euphausia pacifica",49.671,-124.276
"6136354522","5e618452-d449-4290-a29c-6564b5fb3154","IOS2013014006901:15","Animalia","Arthropoda","Malacostraca","Euphausiacea","Euphausiidae","Euphausia","Euphausia pacifica",49.671,-124.276
"6136354520","5e618452-d449-4290-a29c-6564b5fb3154","IOS2013014006901:17","Animalia","Arthropoda","Malacostraca","Euphausiacea","Euphausiidae","Euphausia","Euphausia pacifica",49.671,-124.276
"6136354490","5e618452-d449-4290-a29c-6564b5fb3154","IOS2006030001201:14","Animalia","Arthropoda","Malacostraca","Euphausiacea","Euphausiidae","Euphausia","Euphausia pacifica",48.9,-123.233
"6136354489","5e618452-d449-4290-a29c-6564b5fb3154","IOS2006030001201:13","Animalia","Arthropoda","Malacostraca","Euphausiacea","Euphausiidae","Euphausia","Euphausia pacifica",48.9,-123.233
"6136354485","5e618452-d449-4290-a29c-6564b5fb3154","IOS2016009014401:31","Animalia","Arthropoda","Malacostraca","Euphausiacea","Euphausiidae","Euphausia","Euphausia pacifica",49.146,-123.616
"6136354483","5e618452-d449-4290-a29c-6564b5fb3154","IOS2016009014401:30","Animalia","Arthropoda","Malacostraca","Euphausiacea","Euphausiidae","Euphausia","Euphausia pacifica",49.146,-123.616
"6136354479","5e618452-d449-4290-a29c-6564b5fb3154","IOS2016009014401:32","Animalia","Arthropoda","Malacostraca","Euphausiacea","Euphausiidae","Euphausia","Euphausia pacifica",49.146,-123.616
"6136354374","5e618452-d449-4290-a29c-6564b5fb3154","IOS2015022005201:19","Animalia","Arthropoda","Malacostraca","Euphausiacea","Euphausiidae","Euphausia","Euphausia pacifica",49.143,-123.612
"6136354355","5e618452-d449-4290-a29c-6564b5fb3154","IOS2015022005201:20","Animalia","Arthropoda","Malacostraca","Euphausiacea","Euphausiidae","Euphausia","Euphausia pacifica",49.143,-123.612
"6136354353","5e618452-d449-4290-a29c-6564b5fb3154","IOS2015022005201:21","Animalia","Arthropoda","Malacostraca","Euphausiacea","Euphausiidae","Euphausia","Euphausia pacifica",49.143,-123.612
"6136354196","5e618452-d449-4290-a29c-6564b5fb3154","IOS2014023004201:26","Animalia","Arthropoda","Malacostraca","Euphausiacea","Euphausiidae","Euphausia","Euphausia pacifica",49.25,-123.743
"6136354192","5e618452-d449-4290-a29c-6564b5fb3154","IOS2014023004201:23","Animalia","Arthropoda","Malacostraca","Euphausiacea","Euphausiidae","Euphausia","Euphausia pacifica",49.25,-123.743
"6136354187","5e618452-d449-4290-a29c-6564b5fb3154","IOS2014023004201:25","Animalia","Arthropoda","Malacostraca","Euphausiacea","Euphausiidae","Euphausia","Euphausia pacifica",49.25,-123.743
"6136354186","5e618452-d449-4290-a29c-6564b5fb3154","IOS2014023004201:24","Animalia","Arthropoda","Malacostraca","Euphausiacea","Euphausiidae","Euphausia","Euphausia pacifica",49.25,-123.743
"6136354169","5e618452-d449-4290-a29c-6564b5fb3154","IOS2016009012501:36","Animalia","Arthropoda","Malacostraca","Euphausiacea","Euphausiidae","Euphausia","Euphausia pacifica",49.25,-123.75
"6136353922","5e618452-d449-4290-a29c-6564b5fb3154","IOS2016009005301:25","Animalia","Arthropoda","Malacostraca","Euphausiacea","Euphausiidae","Euphausia","Euphausia pacifica",49.669,-124.272
"6136353921","5e618452-d449-4290-a29c-6564b5fb3154","IOS2016009005301:24","Animalia","Arthropoda","Malacostraca","Euphausiacea","Euphausiidae","Euphausia","Euphausia pacifica",49.669,-124.272
"6136353918","5e618452-d449-4290-a29c-6564b5fb3154","IOS2016009005301:26","Animalia","Arthropoda","Malacostraca","Euphausiacea","Euphausiidae","Euphausia","Euphausia pacifica",49.669,-124.272
"6136353915","5e618452-d449-4290-a29c-6564b5fb3154","IOS2016009005301:23","Animalia","Arthropoda","Malacostraca","Euphausiacea","Euphausiidae","Euphausia","Euphausia pacifica",49.669,-124.272
"6136353822","5e618452-d449-4290-a29c-6564b5fb3154","PBS1998052000101:15","Animalia","Arthropoda","Malacostraca","Euphausiacea","Euphausiidae","Euphausia","Euphausia pacifica",49.25,-123.75
"6136353820","5e618452-d449-4290-a29c-6564b5fb3154","PBS1998052000101:14","Animalia","Arthropoda","Malacostraca","Euphausiacea","Euphausiidae","Euphausia","Euphausia pacifica",49.25,-123.75
"6136353749","5e618452-d449-4290-a29c-6564b5fb3154","HAK2017097000801:10","Animalia","Arthropoda","Malacostraca","Euphausiacea","Euphausiidae","Euphausia","Euphausia pacifica",50.031,-125.099
"6136353556","5e618452-d449-4290-a29c-6564b5fb3154","IOS2017049002801:33","Animalia","Arthropoda","Malacostraca","Euphausiacea","Euphausiidae","Euphausia","Euphausia pacifica",49.058,-123.378
"6136353543","5e618452-d449-4290-a29c-6564b5fb3154","IOS2017049002801:35","Animalia","Arthropoda","Malacostraca","Euphausiacea","Euphausiidae","Euphausia","Euphausia pacifica",49.058,-123.378
"6136353541","5e618452-d449-4290-a29c-6564b5fb3154","IOS2017049002801:34","Animalia","Arthropoda","Malacostraca","Euphausiacea","Euphausiidae","Euphausia","Euphausia pacifica",49.058,-123.378
"6136353540","5e618452-d449-4290-a29c-6564b5fb3154","IOS2017049002801:37","Animalia","Arthropoda","Malacostraca","Euphausiacea","Euphausiidae","Euphausia","Euphausia pacifica",49.058,-123.378
"6136353538","5e618452-d449-4290-a29c-6564b5fb3154","IOS2017049002801:36","Animalia","Arthropoda","Malacostraca","Euphausiacea","Euphausiidae","Euphausia","Euphausia pacifica",49.058,-123.378
"6136353442","5e618452-d449-4290-a29c-6564b5fb3154","IOS2015022003301:18","Animalia","Arthropoda","Malacostraca","Euphausiacea","Euphausiidae","Euphausia","Euphausia pacifica",49.402,-123.752
"6136353396","5e618452-d449-4290-a29c-6564b5fb3154","IOS2015022003301:19","Animalia","Arthropoda","Malacostraca","Euphausiacea","Euphausiidae","Euphausia","Euphausia pacifica",49.402,-123.752
"6136353290","5e618452-d449-4290-a29c-6564b5fb3154","IOS2009011015101:8","Animalia","Arthropoda","Malacostraca","Euphausiacea","Euphausiidae","Euphausia","Euphausia pacifica",49.233,-123.75
"6136353157","5e618452-d449-4290-a29c-6564b5fb3154","PBS2010017000601:26","Animalia","Arthropoda","Malacostraca","Euphausiacea","Euphausiidae","Euphausia","Euphausia pacifica",49.213,-123.338
"6136353156","5e618452-d449-4290-a29c-6564b5fb3154","PBS2010017000601:25","Animalia","Arthropoda","Malacostraca","Euphausiacea","Euphausiidae","Euphausia","Euphausia pacifica",49.213,-123.338
"6136353070","5e618452-d449-4290-a29c-6564b5fb3154","PBS2010017000601:28","Animalia","Arthropoda","Malacostraca","Euphausiacea","Euphausiidae","Euphausia","Euphausia pacifica",49.213,-123.338
"6136353069","5e618452-d449-4290-a29c-6564b5fb3154","PBS2010017000601:27","Animalia","Arthropoda","Malacostraca","Euphausiacea","Euphausiidae","Euphausia","Euphausia pacifica",49.213,-123.338
"6136352875","5e618452-d449-4290-a29c-6564b5fb3154","IOS2016009000201:16","Animalia","Arthropoda","Malacostraca","Euphausiacea","Euphausiidae","Euphausia","Euphausia pacifica",49.366,-124.084
"6136352869","5e618452-d449-4290-a29c-6564b5fb3154","IOS2016009000201:17","Animalia","Arthropoda","Malacostraca","Euphausiacea","Euphausiidae","Euphausia","Euphausia pacifica",49.366,-124.084
"6136352828","5e618452-d449-4290-a29c-6564b5fb3154","IOS2015019006101:21","Animalia","Arthropoda","Malacostraca","Euphausiacea","Euphausiidae","Euphausia","Euphausia pacifica",49.668,-124.27
"6136352826","5e618452-d449-4290-a29c-6564b5fb3154","IOS2015019006101:20","Animalia","Arthropoda","Malacostraca","Euphausiacea","Euphausiidae","Euphausia","Euphausia pacifica",49.668,-124.27
"6136352641","5e618452-d449-4290-a29c-6564b5fb3154","IOS2016071006501:19","Animalia","Arthropoda","Malacostraca","Euphausiacea","Euphausiidae","Euphausia","Euphausia pacifica",49.882,-124.987
"6136352638","5e618452-d449-4290-a29c-6564b5fb3154","IOS2016071006501:18","Animalia","Arthropoda","Malacostraca","Euphausiacea","Euphausiidae","Euphausia","Euphausia pacifica",49.882,-124.987
"6136352637","5e618452-d449-4290-a29c-6564b5fb3154","IOS2016071006501:17","Animalia","Arthropoda","Malacostraca","Euphausiacea","Euphausiidae","Euphausia","Euphausia pacifica",49.882,-124.987
"6136352410","5e618452-d449-4290-a29c-6564b5fb3154","PBS2008015033701:15","Animalia","Arthropoda","Malacostraca","Euphausiacea","Euphausiidae","Euphausia","Euphausia pacifica",49.217,-123.341
"6136352409","5e618452-d449-4290-a29c-6564b5fb3154","PBS2008015033701:14","Animalia","Arthropoda","Malacostraca","Euphausiacea","Euphausiidae","Euphausia","Euphausia pacifica",49.217,-123.341
"6136352331","5e618452-d449-4290-a29c-6564b5fb3154","IOS1998001002901:10","Animalia","Arthropoda","Malacostraca","Euphausiacea","Euphausiidae","Euphausia","Euphausia pacifica",49.25,-123.75
"6136352044","5e618452-d449-4290-a29c-6564b5fb3154","IOS2016007006101:24","Animalia","Arthropoda","Malacostraca","Euphausiacea","Euphausiidae","Euphausia","Euphausia pacifica",49.25,-123.749
"6136352041","5e618452-d449-4290-a29c-6564b5fb3154","IOS2016007006101:23","Animalia","Arthropoda","Malacostraca","Euphausiacea","Euphausiidae","Euphausia","Euphausia pacifica",49.25,-123.749
"6136352038","5e618452-d449-4290-a29c-6564b5fb3154","UVI2003031003501:20","Animalia","Arthropoda","Malacostraca","Euphausiacea","Euphausiidae","Euphausia","Euphausia pacifica",49.25,-123.748
"6136352029","5e618452-d449-4290-a29c-6564b5fb3154","IOS2016007006101:22","Animalia","Arthropoda","Malacostraca","Euphausiacea","Euphausiidae","Euphausia","Euphausia pacifica",49.25,-123.749
"6136351940","5e618452-d449-4290-a29c-6564b5fb3154","IOS2015022001301:14","Animalia","Arthropoda","Malacostraca","Euphausiacea","Euphausiidae","Euphausia","Euphausia pacifica",49.404,-123.755
"6136351933","5e618452-d449-4290-a29c-6564b5fb3154","IOS2015022001301:15","Animalia","Arthropoda","Malacostraca","Euphausiacea","Euphausiidae","Euphausia","Euphausia pacifica",49.404,-123.755
"6136351925","5e618452-d449-4290-a29c-6564b5fb3154","PBS2016046008301:13","Animalia","Arthropoda","Malacostraca","Euphausiacea","Euphausiidae","Euphausia","Euphausia pacifica",49.698,-124.791
"6136351924","5e618452-d449-4290-a29c-6564b5fb3154","PBS2016046008301:12","Animalia","Arthropoda","Malacostraca","Euphausiacea","Euphausiidae","Euphausia","Euphausia pacifica",49.698,-124.791
"6136351665","5e618452-d449-4290-a29c-6564b5fb3154","UBC9999099001901:11","Animalia","Arthropoda","Malacostraca","Euphausiacea","Euphausiidae","Euphausia","Euphausia pacifica",49.25,-123.667
"6136351658","5e618452-d449-4290-a29c-6564b5fb3154","UBC9999099001901:12","Animalia","Arthropoda","Malacostraca","Euphausiacea","Euphausiidae","Euphausia","Euphausia pacifica",49.25,-123.667
"6136351526","5e618452-d449-4290-a29c-6564b5fb3154","IOS2016009017601:14","Animalia","Arthropoda","Malacostraca","Euphausiacea","Euphausiidae","Euphausia","Euphausia pacifica",49.403,-123.758
"6136351362","5e618452-d449-4290-a29c-6564b5fb3154","IOS2016007008001:34","Animalia","Arthropoda","Malacostraca","Euphausiacea","Euphausiidae","Euphausia","Euphausia pacifica",49.467,-124.5
"6136351361","5e618452-d449-4290-a29c-6564b5fb3154","IOS2016007008001:33","Animalia","Arthropoda","Malacostraca","Euphausiacea","Euphausiidae","Euphausia","Euphausia pacifica",49.467,-124.5
"6136351360","5e618452-d449-4290-a29c-6564b5fb3154","IOS2016007008001:32","Animalia","Arthropoda","Malacostraca","Euphausiacea","Euphausiidae","Euphausia","Euphausia pacifica",49.467,-124.5
"6136351359","5e618452-d449-4290-a29c-6564b5fb3154","IOS2016007008001:31","Animalia","Arthropoda","Malacostraca","Euphausiacea","Euphausiidae","Euphausia","Euphausia pacifica",49.467,-124.5
"6136351326","5e618452-d449-4290-a29c-6564b5fb3154","IOS2015022021501:21","Animalia","Arthropoda","Malacostraca","Euphausiacea","Euphausiidae","Euphausia","Euphausia pacifica",49.199,-123.435
"6136351325","5e618452-d449-4290-a29c-6564b5fb3154","IOS2015022021501:20","Animalia","Arthropoda","Malacostraca","Euphausiacea","Euphausiidae","Euphausia","Euphausia pacifica",49.199,-123.435
"6136351299","5e618452-d449-4290-a29c-6564b5fb3154","IOS2004030000701:14","Animalia","Arthropoda","Malacostraca","Euphausiacea","Euphausiidae","Euphausia","Euphausia pacifica",49.291,-123.944
"6136351298","5e618452-d449-4290-a29c-6564b5fb3154","IOS2004030000701:13","Animalia","Arthropoda","Malacostraca","Euphausiacea","Euphausiidae","Euphausia","Euphausia pacifica",49.291,-123.944
"6136350997","5e618452-d449-4290-a29c-6564b5fb3154","IOS2018030004901:38","Animalia","Arthropoda","Malacostraca","Euphausiacea","Euphausiidae","Euphausia","Euphausia pacifica",49.029,-123.437
"6136350993","5e618452-d449-4290-a29c-6564b5fb3154","IOS2018030004901:37","Animalia","Arthropoda","Malacostraca","Euphausiacea","Euphausiidae","Euphausia","Euphausia pacifica",49.029,-123.437
"6136350990","5e618452-d449-4290-a29c-6564b5fb3154","IOS2018030004901:36","Animalia","Arthropoda","Malacostraca","Euphausiacea","Euphausiidae","Euphausia","Euphausia pacifica",49.029,-123.437
"6136350965","5e618452-d449-4290-a29c-6564b5fb3154","PBS2008014035301:10","Animalia","Arthropoda","Malacostraca","Euphausiacea","Euphausiidae","Euphausia","Euphausia pacifica",49.632,-124.678
"6136350899","5e618452-d449-4290-a29c-6564b5fb3154","IOS2017007002801:26","Animalia","Arthropoda","Malacostraca","Euphausiacea","Euphausiidae","Euphausia","Euphausia pacifica",49.197,-123.437
"6136350894","5e618452-d449-4290-a29c-6564b5fb3154","IOS2017007002801:25","Animalia","Arthropoda","Malacostraca","Euphausiacea","Euphausiidae","Euphausia","Euphausia pacifica",49.197,-123.437
"6136350854","5e618452-d449-4290-a29c-6564b5fb3154","IOS2015022022001:20","Animalia","Arthropoda","Malacostraca","Euphausiacea","Euphausiidae","Euphausia","Euphausia pacifica",49.248,-123.745
"6136350841","5e618452-d449-4290-a29c-6564b5fb3154","IOS2017063008101:28","Animalia","Arthropoda","Malacostraca","Euphausiacea","Euphausiidae","Euphausia","Euphausia pacifica",49.505,-124.1
"6136350826","5e618452-d449-4290-a29c-6564b5fb3154","IOS2015022022001:19","Animalia","Arthropoda","Malacostraca","Euphausiacea","Euphausiidae","Euphausia","Euphausia pacifica",49.248,-123.745
"6136350674","5e618452-d449-4290-a29c-6564b5fb3154","IOS2008061005901:12","Animalia","Arthropoda","Malacostraca","Euphausiacea","Euphausiidae","Euphausia","Euphausia pacifica",49.458,-124.513
"6136350662","5e618452-d449-4290-a29c-6564b5fb3154","IOS2016005005501:27","Animalia","Arthropoda","Malacostraca","Euphausiacea","Euphausiidae","Euphausia","Euphausia pacifica",49.143,-123.613
"6136350657","5e618452-d449-4290-a29c-6564b5fb3154","IOS2016005005501:29","Animalia","Arthropoda","Malacostraca","Euphausiacea","Euphausiidae","Euphausia","Euphausia pacifica",49.143,-123.613
"6136350655","5e618452-d449-4290-a29c-6564b5fb3154","IOS2016005005501:28","Animalia","Arthropoda","Malacostraca","Euphausiacea","Euphausiidae","Euphausia","Euphausia pacifica",49.143,-123.613
"6136350652","5e618452-d449-4290-a29c-6564b5fb3154","IOS2016009009901:36","Animalia","Arthropoda","Malacostraca","Euphausiacea","Euphausiidae","Euphausia","Euphausia pacifica",49.671,-124.273
"6136350649","5e618452-d449-4290-a29c-6564b5fb3154","IOS2016009009901:35","Animalia","Arthropoda","Malacostraca","Euphausiacea","Euphausiidae","Euphausia","Euphausia pacifica",49.671,-124.273
"6136350648","5e618452-d449-4290-a29c-6564b5fb3154","IOS2016009009901:34","Animalia","Arthropoda","Malacostraca","Euphausiacea","Euphausiidae","Euphausia","Euphausia pacifica",49.671,-124.273
"6136350337","5e618452-d449-4290-a29c-6564b5fb3154","IOS2018035005501:31","Animalia","Arthropoda","Malacostraca","Euphausiacea","Euphausiidae","Euphausia","Euphausia pacifica",49.366,-124.082
"6136350334","5e618452-d449-4290-a29c-6564b5fb3154","IOS2018035005501:30","Animalia","Arthropoda","Malacostraca","Euphausiacea","Euphausiidae","Euphausia","Euphausia pacifica",49.366,-124.082
"6136350193","5e618452-d449-4290-a29c-6564b5fb3154","PBS2010003006501:14","Animalia","Arthropoda","Malacostraca","Euphausiacea","Euphausiidae","Euphausia","Euphausia pacifica",49.625,-124.151
"6136350191","5e618452-d449-4290-a29c-6564b5fb3154","PBS2010003006501:13","Animalia","Arthropoda","Malacostraca","Euphausiacea","Euphausiidae","Euphausia","Euphausia pacifica",49.625,-124.151
"6136350189","5e618452-d449-4290-a29c-6564b5fb3154","PBS2010003006501:12","Animalia","Arthropoda","Malacostraca","Euphausiacea","Euphausiidae","Euphausia","Euphausia pacifica",49.625,-124.151
"6136350186","5e618452-d449-4290-a29c-6564b5fb3154","PBS2010003006501:11","Animalia","Arthropoda","Malacostraca","Euphausiacea","Euphausiidae","Euphausia","Euphausia pacifica",49.625,-124.151
"6136350157","5e618452-d449-4290-a29c-6564b5fb3154","IOS2015022009101:34","Animalia","Arthropoda","Malacostraca","Euphausiacea","Euphausiidae","Euphausia","Euphausia pacifica",49.405,-123.756
"6136350156","5e618452-d449-4290-a29c-6564b5fb3154","IOS2015022009101:33","Animalia","Arthropoda","Malacostraca","Euphausiacea","Euphausiidae","Euphausia","Euphausia pacifica",49.405,-123.756
"6136350155","5e618452-d449-4290-a29c-6564b5fb3154","IOS2015022009101:36","Animalia","Arthropoda","Malacostraca","Euphausiacea","Euphausiidae","Euphausia","Euphausia pacifica",49.405,-123.756
"6136350153","5e618452-d449-4290-a29c-6564b5fb3154","IOS2015022009101:35","Animalia","Arthropoda","Malacostraca","Euphausiacea","Euphausiidae","Euphausia","Euphausia pacifica",49.405,-123.756
"6136349893","5e618452-d449-4290-a29c-6564b5fb3154","UVI2004000000801:20","Animalia","Arthropoda","Malacostraca","Euphausiacea","Euphausiidae","Euphausia","Euphausia pacifica",49.25,-123.748
"6136349860","5e618452-d449-4290-a29c-6564b5fb3154","UVI2004000000801:19","Animalia","Arthropoda","Malacostraca","Euphausiacea","Euphausiidae","Euphausia","Euphausia pacifica",49.25,-123.748
"6136349819","5e618452-d449-4290-a29c-6564b5fb3154","IOS2016005007601:35","Animalia","Arthropoda","Malacostraca","Euphausiacea","Euphausiidae","Euphausia","Euphausia pacifica",49.466,-124.499
"6136349818","5e618452-d449-4290-a29c-6564b5fb3154","IOS2016005007601:34","Animalia","Arthropoda","Malacostraca","Euphausiacea","Euphausiidae","Euphausia","Euphausia pacifica",49.466,-124.499
"6136349817","5e618452-d449-4290-a29c-6564b5fb3154","IOS2016005007601:33","Animalia","Arthropoda","Malacostraca","Euphausiacea","Euphausiidae","Euphausia","Euphausia pacifica",49.466,-124.499
"6136349816","5e618452-d449-4290-a29c-6564b5fb3154","IOS2016005007601:32","Animalia","Arthropoda","Malacostraca","Euphausiacea","Euphausiidae","Euphausia","Euphausia pacifica",49.466,-124.499
"6136349748","5e618452-d449-4290-a29c-6564b5fb3154","IOS2017007017801:26","Animalia","Arthropoda","Malacostraca","Euphausiacea","Euphausiidae","Euphausia","Euphausia pacifica",49.25,-123.75
"6136349747","5e618452-d449-4290-a29c-6564b5fb3154","IOS2017007017801:25","Animalia","Arthropoda","Malacostraca","Euphausiacea","Euphausiidae","Euphausia","Euphausia pacifica",49.25,-123.75
"6136349472","5e618452-d449-4290-a29c-6564b5fb3154","UVI2005000002001:14","Animalia","Arthropoda","Malacostraca","Euphausiacea","Euphausiidae","Euphausia","Euphausia pacifica",49.25,-123.748
"6136349471","5e618452-d449-4290-a29c-6564b5fb3154","UVI2005000002001:13","Animalia","Arthropoda","Malacostraca","Euphausiacea","Euphausiidae","Euphausia","Euphausia pacifica",49.25,-123.748
"6136349391","5e618452-d449-4290-a29c-6564b5fb3154","IOS2012006006706:11","Animalia","Arthropoda","Malacostraca","Euphausiacea","Euphausiidae","Euphausia","Euphausia pacifica",49.458,-124.519
"6136349390","5e618452-d449-4290-a29c-6564b5fb3154","IOS2012006006706:10","Animalia","Arthropoda","Malacostraca","Euphausiacea","Euphausiidae","Euphausia","Euphausia pacifica",49.458,-124.519
"6136349113","5e618452-d449-4290-a29c-6564b5fb3154","IOS2012006007506:22","Animalia","Arthropoda","Malacostraca","Euphausiacea","Euphausiidae","Euphausia","Euphausia pacifica",49.709,-124.729
"6136349110","5e618452-d449-4290-a29c-6564b5fb3154","IOS2012006007506:21","Animalia","Arthropoda","Malacostraca","Euphausiacea","Euphausiidae","Euphausia","Euphausia pacifica",49.709,-124.729
"6136349109","5e618452-d449-4290-a29c-6564b5fb3154","IOS2012006007506:20","Animalia","Arthropoda","Malacostraca","Euphausiacea","Euphausiidae","Euphausia","Euphausia pacifica",49.709,-124.729
"6136349098","5e618452-d449-4290-a29c-6564b5fb3154","IOS1999016004901:18","Animalia","Arthropoda","Malacostraca","Euphausiacea","Euphausiidae","Euphausia","Euphausia pacifica",49.352,-124.123
"6136349092","5e618452-d449-4290-a29c-6564b5fb3154","IOS1999016004901:19","Animalia","Arthropoda","Malacostraca","Euphausiacea","Euphausiidae","Euphausia","Euphausia pacifica",49.352,-124.123
"6136349078","5e618452-d449-4290-a29c-6564b5fb3154","IOS2017063008801:28","Animalia","Arthropoda","Malacostraca","Euphausiacea","Euphausiidae","Euphausia","Euphausia pacifica",49.367,-124.085
"6136349077","5e618452-d449-4290-a29c-6564b5fb3154","IOS2017063008801:27","Animalia","Arthropoda","Malacostraca","Euphausiacea","Euphausiidae","Euphausia","Euphausia pacifica",49.367,-124.085
"6136349068","5e618452-d449-4290-a29c-6564b5fb3154","IOS2017063008801:29","Animalia","Arthropoda","Malacostraca","Euphausiacea","Euphausiidae","Euphausia","Euphausia pacifica",49.367,-124.085
"6136348947","5e618452-d449-4290-a29c-6564b5fb3154","IOS2015021014801:23","Animalia","Arthropoda","Malacostraca","Euphausiacea","Euphausiidae","Euphausia","Euphausia pacifica",49.706,-124.721
"6136348946","5e618452-d449-4290-a29c-6564b5fb3154","IOS2015021014801:22","Animalia","Arthropoda","Malacostraca","Euphausiacea","Euphausiidae","Euphausia","Euphausia pacifica",49.706,-124.721
"6136348895","5e618452-d449-4290-a29c-6564b5fb3154","IOS2016009009201:37","Animalia","Arthropoda","Malacostraca","Euphausiacea","Euphausiidae","Euphausia","Euphausia pacifica",49.462,-124.498
"6136348894","5e618452-d449-4290-a29c-6564b5fb3154","IOS2016009009201:36","Animalia","Arthropoda","Malacostraca","Euphausiacea","Euphausiidae","Euphausia","Euphausia pacifica",49.462,-124.498
"6136348893","5e618452-d449-4290-a29c-6564b5fb3154","IOS2016009009201:39","Animalia","Arthropoda","Malacostraca","Euphausiacea","Euphausiidae","Euphausia","Euphausia pacifica",49.462,-124.498
"6136348890","5e618452-d449-4290-a29c-6564b5fb3154","IOS2016009009201:38","Animalia","Arthropoda","Malacostraca","Euphausiacea","Euphausiidae","Euphausia","Euphausia pacifica",49.462,-124.498
"6136348831","5e618452-d449-4290-a29c-6564b5fb3154","IOS2016009009201:40","Animalia","Arthropoda","Malacostraca","Euphausiacea","Euphausiidae","Euphausia","Euphausia pacifica",49.462,-124.498
"6136348790","5e618452-d449-4290-a29c-6564b5fb3154","PBS2014016005201:13","Animalia","Arthropoda","Malacostraca","Euphausiacea","Euphausiidae","Euphausia","Euphausia pacifica",49.045,-123.58
"6136348422","5e618452-d449-4290-a29c-6564b5fb3154","PBS2016045006801:28","Animalia","Arthropoda","Malacostraca","Euphausiacea","Euphausiidae","Euphausia","Euphausia pacifica",49.57,-124.581
"6136348397","5e618452-d449-4290-a29c-6564b5fb3154","PBS2016045006801:27","Animalia","Arthropoda","Malacostraca","Euphausiacea","Euphausiidae","Euphausia","Euphausia pacifica",49.57,-124.581
"6136348087","5e618452-d449-4290-a29c-6564b5fb3154","IOS2018039016101:35","Animalia","Arthropoda","Malacostraca","Euphausiacea","Euphausiidae","Euphausia","Euphausia pacifica",49.708,-124.721
"6136348072","5e618452-d449-4290-a29c-6564b5fb3154","IOS2018039016101:39","Animalia","Arthropoda","Malacostraca","Euphausiacea","Euphausiidae","Euphausia","Euphausia pacifica",49.708,-124.721
"6136348067","5e618452-d449-4290-a29c-6564b5fb3154","IOS2018039016101:38","Animalia","Arthropoda","Malacostraca","Euphausiacea","Euphausiidae","Euphausia","Euphausia pacifica",49.708,-124.721
"6136348066","5e618452-d449-4290-a29c-6564b5fb3154","IOS2018039016101:37","Animalia","Arthropoda","Malacostraca","Euphausiacea","Euphausiidae","Euphausia","Euphausia pacifica",49.708,-124.721
"6136348061","5e618452-d449-4290-a29c-6564b5fb3154","IOS2018039016101:36","Animalia","Arthropoda","Malacostraca","Euphausiacea","Euphausiidae","Euphausia","Euphausia pacifica",49.708,-124.721
"6136347873","5e618452-d449-4290-a29c-6564b5fb3154","PBS2008015031101:6","Animalia","Arthropoda","Malacostraca","Euphausiacea","Euphausiidae","Euphausia","Euphausia pacifica",49.739,-124.82
"6136347853","5e618452-d449-4290-a29c-6564b5fb3154","IOS2018029009501:30","Animalia","Arthropoda","Malacostraca","Euphausiacea","Euphausiidae","Euphausia","Euphausia pacifica",49.707,-124.724
"6136347813","5e618452-d449-4290-a29c-6564b5fb3154","IOS2018029009501:29","Animalia","Arthropoda","Malacostraca","Euphausiacea","Euphausiidae","Euphausia","Euphausia pacifica",49.707,-124.724
"6136347812","5e618452-d449-4290-a29c-6564b5fb3154","IOS2018029009501:28","Animalia","Arthropoda","Malacostraca","Euphausiacea","Euphausiidae","Euphausia","Euphausia pacifica",49.707,-124.724
"6136347811","5e618452-d449-4290-a29c-6564b5fb3154","IOS2018029009501:27","Animalia","Arthropoda","Malacostraca","Euphausiacea","Euphausiidae","Euphausia","Euphausia pacifica",49.707,-124.724
"6136347653","5e618452-d449-4290-a29c-6564b5fb3154","IOS2018001009101:23","Animalia","Arthropoda","Malacostraca","Euphausiacea","Euphausiidae","Euphausia","Euphausia pacifica",49.028,-123.437
"6136347647","5e618452-d449-4290-a29c-6564b5fb3154","IOS2018001009101:25","Animalia","Arthropoda","Malacostraca","Euphausiacea","Euphausiidae","Euphausia","Euphausia pacifica",49.028,-123.437
"6136347646","5e618452-d449-4290-a29c-6564b5fb3154","IOS2018001009101:24","Animalia","Arthropoda","Malacostraca","Euphausiacea","Euphausiidae","Euphausia","Euphausia pacifica",49.028,-123.437
"6136347585","5e618452-d449-4290-a29c-6564b5fb3154","IOS2016056002201:19","Animalia","Arthropoda","Malacostraca","Euphausiacea","Euphausiidae","Euphausia","Euphausia pacifica",49.403,-123.758
"6136347563","5e618452-d449-4290-a29c-6564b5fb3154","IOS2016056002201:20","Animalia","Arthropoda","Malacostraca","Euphausiacea","Euphausiidae","Euphausia","Euphausia pacifica",49.403,-123.758
"6136347534","5e618452-d449-4290-a29c-6564b5fb3154","IOS2016056002201:18","Animalia","Arthropoda","Malacostraca","Euphausiacea","Euphausiidae","Euphausia","Euphausia pacifica",49.403,-123.758
"6136347475","5e618452-d449-4290-a29c-6564b5fb3154","IOS2016009013901:26","Animalia","Arthropoda","Malacostraca","Euphausiacea","Euphausiidae","Euphausia","Euphausia pacifica",49.402,-123.753
"6136347474","5e618452-d449-4290-a29c-6564b5fb3154","IOS2016009013901:25","Animalia","Arthropoda","Malacostraca","Euphausiacea","Euphausiidae","Euphausia","Euphausia pacifica",49.402,-123.753
"6136347366","5e618452-d449-4290-a29c-6564b5fb3154","PBS2014028009901:18","Animalia","Arthropoda","Malacostraca","Euphausiacea","Euphausiidae","Euphausia","Euphausia pacifica",49.452,-124.473
"6136347234","5e618452-d449-4290-a29c-6564b5fb3154","IOS2015022012401:32","Animalia","Arthropoda","Malacostraca","Euphausiacea","Euphausiidae","Euphausia","Euphausia pacifica",49.404,-123.76
"6136347226","5e618452-d449-4290-a29c-6564b5fb3154","IOS2015022012401:31","Animalia","Arthropoda","Malacostraca","Euphausiacea","Euphausiidae","Euphausia","Euphausia pacifica",49.404,-123.76
"6136347170","5e618452-d449-4290-a29c-6564b5fb3154","PBS2015012006301:19","Animalia","Arthropoda","Malacostraca","Euphausiacea","Euphausiidae","Euphausia","Euphausia pacifica",49.249,-123.773
"6136347167","5e618452-d449-4290-a29c-6564b5fb3154","PBS2015012006301:18","Animalia","Arthropoda","Malacostraca","Euphausiacea","Euphausiidae","Euphausia","Euphausia pacifica",49.249,-123.773
"6136346909","5e618452-d449-4290-a29c-6564b5fb3154","IOS2016009020401:25","Animalia","Arthropoda","Malacostraca","Euphausiacea","Euphausiidae","Euphausia","Euphausia pacifica",49.465,-124.493
"6136346907","5e618452-d449-4290-a29c-6564b5fb3154","IOS2016009020401:24","Animalia","Arthropoda","Malacostraca","Euphausiacea","Euphausiidae","Euphausia","Euphausia pacifica",49.465,-124.493
"6136346846","5e618452-d449-4290-a29c-6564b5fb3154","IOS2014050002101:15","Animalia","Arthropoda","Malacostraca","Euphausiacea","Euphausiidae","Euphausia","Euphausia pacifica",49.669,-124.272
"6136346840","5e618452-d449-4290-a29c-6564b5fb3154","IOS2014050002101:16","Animalia","Arthropoda","Malacostraca","Euphausiacea","Euphausiidae","Euphausia","Euphausia pacifica",49.669,-124.272
"6136346660","5e618452-d449-4290-a29c-6564b5fb3154","IOS2017065011801:22","Animalia","Arthropoda","Malacostraca","Euphausiacea","Euphausiidae","Euphausia","Euphausia pacifica",49.67,-124.271
"6136346659","5e618452-d449-4290-a29c-6564b5fb3154","IOS2017065011801:21","Animalia","Arthropoda","Malacostraca","Euphausiacea","Euphausiidae","Euphausia","Euphausia pacifica",49.67,-124.271
"6136346602","5e618452-d449-4290-a29c-6564b5fb3154","IOS2016071004401:17","Animalia","Arthropoda","Malacostraca","Euphausiacea","Euphausiidae","Euphausia","Euphausia pacifica",49.25,-123.741
"6136346600","5e618452-d449-4290-a29c-6564b5fb3154","IOS2016071004401:19","Animalia","Arthropoda","Malacostraca","Euphausiacea","Euphausiidae","Euphausia","Euphausia pacifica",49.25,-123.741
"6136346599","5e618452-d449-4290-a29c-6564b5fb3154","IOS2016071004401:18","Animalia","Arthropoda","Malacostraca","Euphausiacea","Euphausiidae","Euphausia","Euphausia pacifica",49.25,-123.741
"6136346407","5e618452-d449-4290-a29c-6564b5fb3154","IOS2015021016501:13","Animalia","Arthropoda","Malacostraca","Euphausiacea","Euphausiidae","Euphausia","Euphausia pacifica",49.056,-123.374
"6136346406","5e618452-d449-4290-a29c-6564b5fb3154","IOS2015021016501:12","Animalia","Arthropoda","Malacostraca","Euphausiacea","Euphausiidae","Euphausia","Euphausia pacifica",49.056,-123.374
"6136346404","5e618452-d449-4290-a29c-6564b5fb3154","IOS2015021016501:14","Animalia","Arthropoda","Malacostraca","Euphausiacea","Euphausiidae","Euphausia","Euphausia pacifica",49.056,-123.374
"6136346347","5e618452-d449-4290-a29c-6564b5fb3154","IOS2004006003401:18","Animalia","Arthropoda","Malacostraca","Euphausiacea","Euphausiidae","Euphausia","Euphausia pacifica",49.337,-123.664
"6136346339","5e618452-d449-4290-a29c-6564b5fb3154","IOS2004006003401:17","Animalia","Arthropoda","Malacostraca","Euphausiacea","Euphausiidae","Euphausia","Euphausia pacifica",49.337,-123.664
"6136346332","5e618452-d449-4290-a29c-6564b5fb3154","IOS2015019005501:16","Animalia","Arthropoda","Malacostraca","Euphausiacea","Euphausiidae","Euphausia","Euphausia pacifica",49.249,-123.749
"6136346327","5e618452-d449-4290-a29c-6564b5fb3154","IOS2015019005501:17","Animalia","Arthropoda","Malacostraca","Euphausiacea","Euphausiidae","Euphausia","Euphausia pacifica",49.249,-123.749
"6136346204","5e618452-d449-4290-a29c-6564b5fb3154","IOS2016009006501:24","Animalia","Arthropoda","Malacostraca","Euphausiacea","Euphausiidae","Euphausia","Euphausia pacifica",49.202,-123.439
"6136346142","5e618452-d449-4290-a29c-6564b5fb3154","IOS2016071003401:14","Animalia","Arthropoda","Malacostraca","Euphausiacea","Euphausiidae","Euphausia","Euphausia pacifica",49.054,-123.37
"6136346140","5e618452-d449-4290-a29c-6564b5fb3154","IOS2016071003401:13","Animalia","Arthropoda","Malacostraca","Euphausiacea","Euphausiidae","Euphausia","Euphausia pacifica",49.054,-123.37
"6136346035","5e618452-d449-4290-a29c-6564b5fb3154","IOS2009026007601:21","Animalia","Arthropoda","Malacostraca","Euphausiacea","Euphausiidae","Euphausia","Euphausia pacifica",49.25,-123.75
"6136346034","5e618452-d449-4290-a29c-6564b5fb3154","IOS2009026007601:20","Animalia","Arthropoda","Malacostraca","Euphausiacea","Euphausiidae","Euphausia","Euphausia pacifica",49.25,-123.75
"6136346031","5e618452-d449-4290-a29c-6564b5fb3154","IOS2009026007601:23","Animalia","Arthropoda","Malacostraca","Euphausiacea","Euphausiidae","Euphausia","Euphausia pacifica",49.25,-123.75
"6136346029","5e618452-d449-4290-a29c-6564b5fb3154","IOS2009026007601:22","Animalia","Arthropoda","Malacostraca","Euphausiacea","Euphausiidae","Euphausia","Euphausia pacifica",49.25,-123.75
"6136346024","5e618452-d449-4290-a29c-6564b5fb3154","IOS2009026007601:18","Animalia","Arthropoda","Malacostraca","Euphausiacea","Euphausiidae","Euphausia","Euphausia pacifica",49.25,-123.75
"6136346022","5e618452-d449-4290-a29c-6564b5fb3154","IOS2009026007601:19","Animalia","Arthropoda","Malacostraca","Euphausiacea","Euphausiidae","Euphausia","Euphausia pacifica",49.25,-123.75
"6136345975","5e618452-d449-4290-a29c-6564b5fb3154","IOS2017007015101:18","Animalia","Arthropoda","Malacostraca","Euphausiacea","Euphausiidae","Euphausia","Euphausia pacifica",49.704,-124.724
"6136345514","5e618452-d449-4290-a29c-6564b5fb3154","PBS1998057000201:13","Animalia","Arthropoda","Malacostraca","Euphausiacea","Euphausiidae","Euphausia","Euphausia pacifica",49.25,-123.75
"6136345491","5e618452-d449-4290-a29c-6564b5fb3154","IOS2017064005701:26","Animalia","Arthropoda","Malacostraca","Euphausiacea","Euphausiidae","Euphausia","Euphausia pacifica",49.25,-123.748
"6136345480","5e618452-d449-4290-a29c-6564b5fb3154","PBS1998057000201:15","Animalia","Arthropoda","Malacostraca","Euphausiacea","Euphausiidae","Euphausia","Euphausia pacifica",49.25,-123.75
"6136345479","5e618452-d449-4290-a29c-6564b5fb3154","PBS1998057000201:14","Animalia","Arthropoda","Malacostraca","Euphausiacea","Euphausiidae","Euphausia","Euphausia pacifica",49.25,-123.75
"6136345474","5e618452-d449-4290-a29c-6564b5fb3154","IOS2014021018001A:24","Animalia","Arthropoda","Malacostraca","Euphausiacea","Euphausiidae","Euphausia","Euphausia pacifica",49.249,-123.748
"6136345408","5e618452-d449-4290-a29c-6564b5fb3154","IOS2014023001801:35","Animalia","Arthropoda","Malacostraca","Euphausiacea","Euphausiidae","Euphausia","Euphausia pacifica",49.708,-124.724
"6136345407","5e618452-d449-4290-a29c-6564b5fb3154","IOS2014023001801:34","Animalia","Arthropoda","Malacostraca","Euphausiacea","Euphausiidae","Euphausia","Euphausia pacifica",49.708,-124.724
"6136345404","5e618452-d449-4290-a29c-6564b5fb3154","IOS2014023001801:33","Animalia","Arthropoda","Malacostraca","Euphausiacea","Euphausiidae","Euphausia","Euphausia pacifica",49.708,-124.724
"6136345403","5e618452-d449-4290-a29c-6564b5fb3154","IOS2014023001801:32","Animalia","Arthropoda","Malacostraca","Euphausiacea","Euphausiidae","Euphausia","Euphausia pacifica",49.708,-124.724
"6136345224","5e618452-d449-4290-a29c-6564b5fb3154","PBS2008012001701:10","Animalia","Arthropoda","Malacostraca","Euphausiacea","Euphausiidae","Euphausia","Euphausia pacifica",49.825,-124.567
"6136345107","5e618452-d449-4290-a29c-6564b5fb3154","PBS2008014000601:26","Animalia","Arthropoda","Malacostraca","Euphausiacea","Euphausiidae","Euphausia","Euphausia pacifica",49.217,-123.341
"6136345106","5e618452-d449-4290-a29c-6564b5fb3154","PBS2008014000601:25","Animalia","Arthropoda","Malacostraca","Euphausiacea","Euphausiidae","Euphausia","Euphausia pacifica",49.217,-123.341
"6136345105","5e618452-d449-4290-a29c-6564b5fb3154","PBS2008014000601:24","Animalia","Arthropoda","Malacostraca","Euphausiacea","Euphausiidae","Euphausia","Euphausia pacifica",49.217,-123.341
"6136345069","5e618452-d449-4290-a29c-6564b5fb3154","IOS2017047001501:33","Animalia","Arthropoda","Malacostraca","Euphausiacea","Euphausiidae","Euphausia","Euphausia pacifica",49.67,-124.271
"6136345067","5e618452-d449-4290-a29c-6564b5fb3154","IOS2017047001501:35","Animalia","Arthropoda","Malacostraca","Euphausiacea","Euphausiidae","Euphausia","Euphausia pacifica",49.67,-124.271
"6136345064","5e618452-d449-4290-a29c-6564b5fb3154","IOS2017047001501:34","Animalia","Arthropoda","Malacostraca","Euphausiacea","Euphausiidae","Euphausia","Euphausia pacifica",49.67,-124.271
"6136345060","5e618452-d449-4290-a29c-6564b5fb3154","IOS2017047001501:36","Animalia","Arthropoda","Malacostraca","Euphausiacea","Euphausiidae","Euphausia","Euphausia pacifica",49.67,-124.271
"6136345017","5e618452-d449-4290-a29c-6564b5fb3154","IOS2015022021301:18","Animalia","Arthropoda","Malacostraca","Euphausiacea","Euphausiidae","Euphausia","Euphausia pacifica",49.054,-123.377
"6136345016","5e618452-d449-4290-a29c-6564b5fb3154","IOS2015022021301:17","Animalia","Arthropoda","Malacostraca","Euphausiacea","Euphausiidae","Euphausia","Euphausia pacifica",49.054,-123.377
"6136344681","5e618452-d449-4290-a29c-6564b5fb3154","PBS2014028008401:17","Animalia","Arthropoda","Malacostraca","Euphausiacea","Euphausiidae","Euphausia","Euphausia pacifica",49.698,-124.792
"6136344680","5e618452-d449-4290-a29c-6564b5fb3154","PBS2014028008401:16","Animalia","Arthropoda","Malacostraca","Euphausiacea","Euphausiidae","Euphausia","Euphausia pacifica",49.698,-124.792
"6136344679","5e618452-d449-4290-a29c-6564b5fb3154","PBS2014028008401:15","Animalia","Arthropoda","Malacostraca","Euphausiacea","Euphausiidae","Euphausia","Euphausia pacifica",49.698,-124.792
"6136344678","5e618452-d449-4290-a29c-6564b5fb3154","PBS2014028008401:14","Animalia","Arthropoda","Malacostraca","Euphausiacea","Euphausiidae","Euphausia","Euphausia pacifica",49.698,-124.792
"6136344659","5e618452-d449-4290-a29c-6564b5fb3154","IOS2016009017101:26","Animalia","Arthropoda","Malacostraca","Euphausiacea","Euphausiidae","Euphausia","Euphausia pacifica",49.204,-123.439
"6136344656","5e618452-d449-4290-a29c-6564b5fb3154","IOS2016009017101:25","Animalia","Arthropoda","Malacostraca","Euphausiacea","Euphausiidae","Euphausia","Euphausia pacifica",49.204,-123.439
"6136344654","5e618452-d449-4290-a29c-6564b5fb3154","IOS2016009017101:28","Animalia","Arthropoda","Malacostraca","Euphausiacea","Euphausiidae","Euphausia","Euphausia pacifica",49.204,-123.439
"6136344651","5e618452-d449-4290-a29c-6564b5fb3154","IOS2016009017101:27","Animalia","Arthropoda","Malacostraca","Euphausiacea","Euphausiidae","Euphausia","Euphausia pacifica",49.204,-123.439
"6136344517","5e618452-d449-4290-a29c-6564b5fb3154","UBC9999099000501:12","Animalia","Arthropoda","Malacostraca","Euphausiacea","Euphausiidae","Euphausia","Euphausia pacifica",49.25,-123.667
"6136344515","5e618452-d449-4290-a29c-6564b5fb3154","UBC9999099000501:11","Animalia","Arthropoda","Malacostraca","Euphausiacea","Euphausiidae","Euphausia","Euphausia pacifica",49.25,-123.667
"6136344511","5e618452-d449-4290-a29c-6564b5fb3154","PBS2010017043501:22","Animalia","Arthropoda","Malacostraca","Euphausiacea","Euphausiidae","Euphausia","Euphausia pacifica",49.006,-123.489
"6136344508","5e618452-d449-4290-a29c-6564b5fb3154","PBS2010017043501:21","Animalia","Arthropoda","Malacostraca","Euphausiacea","Euphausiidae","Euphausia","Euphausia pacifica",49.006,-123.489
"6136344505","5e618452-d449-4290-a29c-6564b5fb3154","PBS2010017043501:20","Animalia","Arthropoda","Malacostraca","Euphausiacea","Euphausiidae","Euphausia","Euphausia pacifica",49.006,-123.489
"6136344213","5e618452-d449-4290-a29c-6564b5fb3154","IOS1998014003701:27","Animalia","Arthropoda","Malacostraca","Euphausiacea","Euphausiidae","Euphausia","Euphausia pacifica",49.367,-124.083
"6136344212","5e618452-d449-4290-a29c-6564b5fb3154","IOS1998014003701:26","Animalia","Arthropoda","Malacostraca","Euphausiacea","Euphausiidae","Euphausia","Euphausia pacifica",49.367,-124.083
"6136344211","5e618452-d449-4290-a29c-6564b5fb3154","IOS1998014003701:25","Animalia","Arthropoda","Malacostraca","Euphausiacea","Euphausiidae","Euphausia","Euphausia pacifica",49.367,-124.083
"6136344210","5e618452-d449-4290-a29c-6564b5fb3154","IOS1998014003701:24","Animalia","Arthropoda","Malacostraca","Euphausiacea","Euphausiidae","Euphausia","Euphausia pacifica",49.367,-124.083
"6136344102","5e618452-d449-4290-a29c-6564b5fb3154","IOS2012025014001:31","Animalia","Arthropoda","Malacostraca","Euphausiacea","Euphausiidae","Euphausia","Euphausia pacifica",49.367,-124.081
"6136344101","5e618452-d449-4290-a29c-6564b5fb3154","IOS2012025014001:30","Animalia","Arthropoda","Malacostraca","Euphausiacea","Euphausiidae","Euphausia","Euphausia pacifica",49.367,-124.081
"6136344100","5e618452-d449-4290-a29c-6564b5fb3154","IOS2012025014001:33","Animalia","Arthropoda","Malacostraca","Euphausiacea","Euphausiidae","Euphausia","Euphausia pacifica",49.367,-124.081
"6136344099","5e618452-d449-4290-a29c-6564b5fb3154","IOS2012025014001:32","Animalia","Arthropoda","Malacostraca","Euphausiacea","Euphausiidae","Euphausia","Euphausia pacifica",49.367,-124.081
"6136344022","5e618452-d449-4290-a29c-6564b5fb3154","IOS2013013006801:21","Animalia","Arthropoda","Malacostraca","Euphausiacea","Euphausiidae","Euphausia","Euphausia pacifica",49.463,-124.501
"6136344021","5e618452-d449-4290-a29c-6564b5fb3154","IOS2013013006801:20","Animalia","Arthropoda","Malacostraca","Euphausiacea","Euphausiidae","Euphausia","Euphausia pacifica",49.463,-124.501
"6136343937","5e618452-d449-4290-a29c-6564b5fb3154","IOS2015022003801:28","Animalia","Arthropoda","Malacostraca","Euphausiacea","Euphausiidae","Euphausia","Euphausia pacifica",49.706,-124.723
"6136343936","5e618452-d449-4290-a29c-6564b5fb3154","IOS2015022003801:27","Animalia","Arthropoda","Malacostraca","Euphausiacea","Euphausiidae","Euphausia","Euphausia pacifica",49.706,-124.723
"6136343935","5e618452-d449-4290-a29c-6564b5fb3154","IOS2015022003801:29","Animalia","Arthropoda","Malacostraca","Euphausiacea","Euphausiidae","Euphausia","Euphausia pacifica",49.706,-124.723
"6136343920","5e618452-d449-4290-a29c-6564b5fb3154","IOS2006016010001:25","Animalia","Arthropoda","Malacostraca","Euphausiacea","Euphausiidae","Euphausia","Euphausia pacifica",49.466,-124.501
"6136343906","5e618452-d449-4290-a29c-6564b5fb3154","IOS2006016010001:28","Animalia","Arthropoda","Malacostraca","Euphausiacea","Euphausiidae","Euphausia","Euphausia pacifica",49.466,-124.501
"6136343904","5e618452-d449-4290-a29c-6564b5fb3154","IOS2006016010001:27","Animalia","Arthropoda","Malacostraca","Euphausiacea","Euphausiidae","Euphausia","Euphausia pacifica",49.466,-124.501
"6136343903","5e618452-d449-4290-a29c-6564b5fb3154","IOS2006016010001:26","Animalia","Arthropoda","Malacostraca","Euphausiacea","Euphausiidae","Euphausia","Euphausia pacifica",49.466,-124.501
"6136343651","5e618452-d449-4290-a29c-6564b5fb3154","IOS2018030008501:33","Animalia","Arthropoda","Malacostraca","Euphausiacea","Euphausiidae","Euphausia","Euphausia pacifica",49.728,-124.684
"6136343650","5e618452-d449-4290-a29c-6564b5fb3154","IOS2018030008501:32","Animalia","Arthropoda","Malacostraca","Euphausiacea","Euphausiidae","Euphausia","Euphausia pacifica",49.728,-124.684
"6136343608","5e618452-d449-4290-a29c-6564b5fb3154","IOS2008063000401:10","Animalia","Arthropoda","Malacostraca","Euphausiacea","Euphausiidae","Euphausia","Euphausia pacifica",49.837,-124.867
"6136343419","5e618452-d449-4290-a29c-6564b5fb3154","IOS2016005006401:33","Animalia","Arthropoda","Malacostraca","Euphausiacea","Euphausiidae","Euphausia","Euphausia pacifica",49.401,-123.756
"6136343416","5e618452-d449-4290-a29c-6564b5fb3154","IOS2016005006401:32","Animalia","Arthropoda","Malacostraca","Euphausiacea","Euphausiidae","Euphausia","Euphausia pacifica",49.401,-123.756
"6136343371","5e618452-d449-4290-a29c-6564b5fb3154","IOS2001012000401:19","Animalia","Arthropoda","Malacostraca","Euphausiacea","Euphausiidae","Euphausia","Euphausia pacifica",49.465,-124.5
"6136343358","5e618452-d449-4290-a29c-6564b5fb3154","IOS2001012000401:18","Animalia","Arthropoda","Malacostraca","Euphausiacea","Euphausiidae","Euphausia","Euphausia pacifica",49.465,-124.5
"6136343245","5e618452-d449-4290-a29c-6564b5fb3154","IOS2018030008501:31","Animalia","Arthropoda","Malacostraca","Euphausiacea","Euphausiidae","Euphausia","Euphausia pacifica",49.728,-124.684
"6136343203","5e618452-d449-4290-a29c-6564b5fb3154","IOS2016009021101:19","Animalia","Arthropoda","Malacostraca","Euphausiacea","Euphausiidae","Euphausia","Euphausia pacifica",49.668,-124.263
"6136343142","5e618452-d449-4290-a29c-6564b5fb3154","IOS2017009022701:34","Animalia","Arthropoda","Malacostraca","Euphausiacea","Euphausiidae","Euphausia","Euphausia pacifica",49.053,-123.371
"6136343135","5e618452-d449-4290-a29c-6564b5fb3154","IOS2017009022701:33","Animalia","Arthropoda","Malacostraca","Euphausiacea","Euphausiidae","Euphausia","Euphausia pacifica",49.053,-123.371
"6136343133","5e618452-d449-4290-a29c-6564b5fb3154","IOS2017009022701:32","Animalia","Arthropoda","Malacostraca","Euphausiacea","Euphausiidae","Euphausia","Euphausia pacifica",49.053,-123.371
"6136343129","5e618452-d449-4290-a29c-6564b5fb3154","IOS2017009022701:31","Animalia","Arthropoda","Malacostraca","Euphausiacea","Euphausiidae","Euphausia","Euphausia pacifica",49.053,-123.371
"6136343128","5e618452-d449-4290-a29c-6564b5fb3154","IOS2015022014101:30","Animalia","Arthropoda","Malacostraca","Euphausiacea","Euphausiidae","Euphausia","Euphausia pacifica",49.203,-123.437
"6136343115","5e618452-d449-4290-a29c-6564b5fb3154","IOS2016009021101:20","Animalia","Arthropoda","Malacostraca","Euphausiacea","Euphausiidae","Euphausia","Euphausia pacifica",49.668,-124.263
"6136343112","5e618452-d449-4290-a29c-6564b5fb3154","IOS2015022014101:29","Animalia","Arthropoda","Malacostraca","Euphausiacea","Euphausiidae","Euphausia","Euphausia pacifica",49.203,-123.437
"6136343110","5e618452-d449-4290-a29c-6564b5fb3154","IOS2015022014101:28","Animalia","Arthropoda","Malacostraca","Euphausiacea","Euphausiidae","Euphausia","Euphausia pacifica",49.203,-123.437
"6136342850","5e618452-d449-4290-a29c-6564b5fb3154","IOS2000011003001:25","Animalia","Arthropoda","Malacostraca","Euphausiacea","Euphausiidae","Euphausia","Euphausia pacifica",49.465,-124.511
"6136342847","5e618452-d449-4290-a29c-6564b5fb3154","IOS2000011003001:24","Animalia","Arthropoda","Malacostraca","Euphausiacea","Euphausiidae","Euphausia","Euphausia pacifica",49.465,-124.511
"6136342697","5e618452-d449-4290-a29c-6564b5fb3154","IOS2016009017801:28","Animalia","Arthropoda","Malacostraca","Euphausiacea","Euphausiidae","Euphausia","Euphausia pacifica",49.506,-124.102
"6136342696","5e618452-d449-4290-a29c-6564b5fb3154","IOS2016009017801:27","Animalia","Arthropoda","Malacostraca","Euphausiacea","Euphausiidae","Euphausia","Euphausia pacifica",49.506,-124.102
"6136342695","5e618452-d449-4290-a29c-6564b5fb3154","IOS2016009017801:26","Animalia","Arthropoda","Malacostraca","Euphausiacea","Euphausiidae","Euphausia","Euphausia pacifica",49.506,-124.102
"6136342684","5e618452-d449-4290-a29c-6564b5fb3154","IOS1999020005401:17","Animalia","Arthropoda","Malacostraca","Euphausiacea","Euphausiidae","Euphausia","Euphausia pacifica",49.349,-124.12
"6136342683","5e618452-d449-4290-a29c-6564b5fb3154","IOS1999020005401:16","Animalia","Arthropoda","Malacostraca","Euphausiacea","Euphausiidae","Euphausia","Euphausia pacifica",49.349,-124.12
"6136342682","5e618452-d449-4290-a29c-6564b5fb3154","IOS1999020005401:15","Animalia","Arthropoda","Malacostraca","Euphausiacea","Euphausiidae","Euphausia","Euphausia pacifica",49.349,-124.12
"6136342578","5e618452-d449-4290-a29c-6564b5fb3154","PBS2009041034301:25","Animalia","Arthropoda","Malacostraca","Euphausiacea","Euphausiidae","Euphausia","Euphausia pacifica",49.019,-123.285
"6136342568","5e618452-d449-4290-a29c-6564b5fb3154","PBS2009041034301:26","Animalia","Arthropoda","Malacostraca","Euphausiacea","Euphausiidae","Euphausia","Euphausia pacifica",49.019,-123.285
"6136342479","5e618452-d449-4290-a29c-6564b5fb3154","IOS2018096002101:31","Animalia","Arthropoda","Malacostraca","Euphausiacea","Euphausiidae","Euphausia","Euphausia pacifica",49.706,-124.724
"6136342477","5e618452-d449-4290-a29c-6564b5fb3154","IOS2018096002101:30","Animalia","Arthropoda","Malacostraca","Euphausiacea","Euphausiidae","Euphausia","Euphausia pacifica",49.706,-124.724
"6136342345","5e618452-d449-4290-a29c-6564b5fb3154","IOS2016071005301:16","Animalia","Arthropoda","Malacostraca","Euphausiacea","Euphausiidae","Euphausia","Euphausia pacifica",49.402,-123.753
"6136342342","5e618452-d449-4290-a29c-6564b5fb3154","IOS2016071005301:15","Animalia","Arthropoda","Malacostraca","Euphausiacea","Euphausiidae","Euphausia","Euphausia pacifica",49.402,-123.753
"6136342340","5e618452-d449-4290-a29c-6564b5fb3154","IOS2016071005301:14","Animalia","Arthropoda","Malacostraca","Euphausiacea","Euphausiidae","Euphausia","Euphausia pacifica",49.402,-123.753
"6136342339","5e618452-d449-4290-a29c-6564b5fb3154","IOS2016071005301:13","Animalia","Arthropoda","Malacostraca","Euphausiacea","Euphausiidae","Euphausia","Euphausia pacifica",49.402,-123.753
"6136342334","5e618452-d449-4290-a29c-6564b5fb3154","IOS2016071005301:12","Animalia","Arthropoda","Malacostraca","Euphausiacea","Euphausiidae","Euphausia","Euphausia pacifica",49.402,-123.753
"6136342326","5e618452-d449-4290-a29c-6564b5fb3154","IOS2016009014201:31","Animalia","Arthropoda","Malacostraca","Euphausiacea","Euphausiidae","Euphausia","Euphausia pacifica",49.206,-123.443
"6136342322","5e618452-d449-4290-a29c-6564b5fb3154","IOS2016009014201:30","Animalia","Arthropoda","Malacostraca","Euphausiacea","Euphausiidae","Euphausia","Euphausia pacifica",49.206,-123.443
"6136342303","5e618452-d449-4290-a29c-6564b5fb3154","IOS2018031008101:17","Animalia","Arthropoda","Malacostraca","Euphausiacea","Euphausiidae","Euphausia","Euphausia pacifica",49.727,-124.678
"6136342302","5e618452-d449-4290-a29c-6564b5fb3154","IOS2018031008101:16","Animalia","Arthropoda","Malacostraca","Euphausiacea","Euphausiidae","Euphausia","Euphausia pacifica",49.727,-124.678
"6136342300","5e618452-d449-4290-a29c-6564b5fb3154","IOS2018031008101:15","Animalia","Arthropoda","Malacostraca","Euphausiacea","Euphausiidae","Euphausia","Euphausia pacifica",49.727,-124.678
"6136342228","5e618452-d449-4290-a29c-6564b5fb3154","IOS2018096002801:18","Animalia","Arthropoda","Malacostraca","Euphausiacea","Euphausiidae","Euphausia","Euphausia pacifica",49.67,-124.272
"6136342227","5e618452-d449-4290-a29c-6564b5fb3154","IOS2018096002801:17","Animalia","Arthropoda","Malacostraca","Euphausiacea","Euphausiidae","Euphausia","Euphausia pacifica",49.67,-124.272
"6136342196","5e618452-d449-4290-a29c-6564b5fb3154","IOS2018096002801:19","Animalia","Arthropoda","Malacostraca","Euphausiacea","Euphausiidae","Euphausia","Euphausia pacifica",49.67,-124.272
"6136342188","5e618452-d449-4290-a29c-6564b5fb3154","IOS2016009014201:29","Animalia","Arthropoda","Malacostraca","Euphausiacea","Euphausiidae","Euphausia","Euphausia pacifica",49.206,-123.443
"6136342174","5e618452-d449-4290-a29c-6564b5fb3154","IOS2018096002801:20","Animalia","Arthropoda","Malacostraca","Euphausiacea","Euphausiidae","Euphausia","Euphausia pacifica",49.67,-124.272
"6136342074","5e618452-d449-4290-a29c-6564b5fb3154","IOS2004006002501:9","Animalia","Arthropoda","Malacostraca","Euphausiacea","Euphausiidae","Euphausia","Euphausia pacifica",49.386,-123.967
"6136342072","5e618452-d449-4290-a29c-6564b5fb3154","IOS2004006002501:8","Animalia","Arthropoda","Malacostraca","Euphausiacea","Euphausiidae","Euphausia","Euphausia pacifica",49.386,-123.967
"6136341939","5e618452-d449-4290-a29c-6564b5fb3154","IOS2018032004501:19","Animalia","Arthropoda","Malacostraca","Euphausiacea","Euphausiidae","Euphausia","Euphausia pacifica",49.03,-123.435
"6136341938","5e618452-d449-4290-a29c-6564b5fb3154","IOS2018032004501:18","Animalia","Arthropoda","Malacostraca","Euphausiacea","Euphausiidae","Euphausia","Euphausia pacifica",49.03,-123.435
"6136341937","5e618452-d449-4290-a29c-6564b5fb3154","IOS2018032004501:17","Animalia","Arthropoda","Malacostraca","Euphausiacea","Euphausiidae","Euphausia","Euphausia pacifica",49.03,-123.435
"6136341721","5e618452-d449-4290-a29c-6564b5fb3154","IOS2015019009901:12","Animalia","Arthropoda","Malacostraca","Euphausiacea","Euphausiidae","Euphausia","Euphausia pacifica",49.142,-123.614
"6136341720","5e618452-d449-4290-a29c-6564b5fb3154","IOS2015019009901:11","Animalia","Arthropoda","Malacostraca","Euphausiacea","Euphausiidae","Euphausia","Euphausia pacifica",49.142,-123.614
"6136341598","5e618452-d449-4290-a29c-6564b5fb3154","IOS2015022004701:24","Animalia","Arthropoda","Malacostraca","Euphausiacea","Euphausiidae","Euphausia","Euphausia pacifica",49.368,-124.084
"6136341596","5e618452-d449-4290-a29c-6564b5fb3154","IOS2015022004701:23","Animalia","Arthropoda","Malacostraca","Euphausiacea","Euphausiidae","Euphausia","Euphausia pacifica",49.368,-124.084
"6136341583","5e618452-d449-4290-a29c-6564b5fb3154","IOS2015022004701:25","Animalia","Arthropoda","Malacostraca","Euphausiacea","Euphausiidae","Euphausia","Euphausia pacifica",49.368,-124.084
"6136341529","5e618452-d449-4290-a29c-6564b5fb3154","IOS2016009012701:29","Animalia","Arthropoda","Malacostraca","Euphausiacea","Euphausiidae","Euphausia","Euphausia pacifica",49.367,-124.085
"6136341478","5e618452-d449-4290-a29c-6564b5fb3154","IOS2016009012701:30","Animalia","Arthropoda","Malacostraca","Euphausiacea","Euphausiidae","Euphausia","Euphausia pacifica",49.367,-124.085
"6136341472","5e618452-d449-4290-a29c-6564b5fb3154","IOS2016009012701:33","Animalia","Arthropoda","Malacostraca","Euphausiacea","Euphausiidae","Euphausia","Euphausia pacifica",49.367,-124.085
"6136341471","5e618452-d449-4290-a29c-6564b5fb3154","IOS2016009012701:32","Animalia","Arthropoda","Malacostraca","Euphausiacea","Euphausiidae","Euphausia","Euphausia pacifica",49.367,-124.085
"6136341469","5e618452-d449-4290-a29c-6564b5fb3154","IOS2016009012701:31","Animalia","Arthropoda","Malacostraca","Euphausiacea","Euphausiidae","Euphausia","Euphausia pacifica",49.367,-124.085
"6136341437","5e618452-d449-4290-a29c-6564b5fb3154","IOS2014050003801:15","Animalia","Arthropoda","Malacostraca","Euphausiacea","Euphausiidae","Euphausia","Euphausia pacifica",49.249,-123.748
"6136341393","5e618452-d449-4290-a29c-6564b5fb3154","IOS2017064006501:28","Animalia","Arthropoda","Malacostraca","Euphausiacea","Euphausiidae","Euphausia","Euphausia pacifica",49.506,-124.101
"6136341314","5e618452-d449-4290-a29c-6564b5fb3154","PSF2015098002101:14","Animalia","Arthropoda","Malacostraca","Euphausiacea","Euphausiidae","Euphausia","Euphausia pacifica",49.485,-124.604
"6136341313","5e618452-d449-4290-a29c-6564b5fb3154","PSF2015098002101:13","Animalia","Arthropoda","Malacostraca","Euphausiacea","Euphausiidae","Euphausia","Euphausia pacifica",49.485,-124.604
"6136341308","5e618452-d449-4290-a29c-6564b5fb3154","PSF2015098002101:16","Animalia","Arthropoda","Malacostraca","Euphausiacea","Euphausiidae","Euphausia","Euphausia pacifica",49.485,-124.604
"6136341307","5e618452-d449-4290-a29c-6564b5fb3154","PSF2015098002101:15","Animalia","Arthropoda","Malacostraca","Euphausiacea","Euphausiidae","Euphausia","Euphausia pacifica",49.485,-124.604
"6136341306","5e618452-d449-4290-a29c-6564b5fb3154","UVI2004000000601:13","Animalia","Arthropoda","Malacostraca","Euphausiacea","Euphausiidae","Euphausia","Euphausia pacifica",49.25,-123.748
"6136341305","5e618452-d449-4290-a29c-6564b5fb3154","UVI2004000000601:12","Animalia","Arthropoda","Malacostraca","Euphausiacea","Euphausiidae","Euphausia","Euphausia pacifica",49.25,-123.748
"6136341143","5e618452-d449-4290-a29c-6564b5fb3154","IOS2017007003301:28","Animalia","Arthropoda","Malacostraca","Euphausiacea","Euphausiidae","Euphausia","Euphausia pacifica",49.25,-123.749
"6136341141","5e618452-d449-4290-a29c-6564b5fb3154","IOS2017007003301:29","Animalia","Arthropoda","Malacostraca","Euphausiacea","Euphausiidae","Euphausia","Euphausia pacifica",49.25,-123.749
"6136341107","5e618452-d449-4290-a29c-6564b5fb3154","PSF2015098005301:12","Animalia","Arthropoda","Malacostraca","Euphausiacea","Euphausiidae","Euphausia","Euphausia pacifica",49.691,-124.666
"6136341106","5e618452-d449-4290-a29c-6564b5fb3154","PSF2015098005301:11","Animalia","Arthropoda","Malacostraca","Euphausiacea","Euphausiidae","Euphausia","Euphausia pacifica",49.691,-124.666
"6136341030","5e618452-d449-4290-a29c-6564b5fb3154","IOS2017007003301:31","Animalia","Arthropoda","Malacostraca","Euphausiacea","Euphausiidae","Euphausia","Euphausia pacifica",49.25,-123.749
"6136341029","5e618452-d449-4290-a29c-6564b5fb3154","IOS2017007003301:30","Animalia","Arthropoda","Malacostraca","Euphausiacea","Euphausiidae","Euphausia","Euphausia pacifica",49.25,-123.749
"6136340973","5e618452-d449-4290-a29c-6564b5fb3154","IOS2015019007301:21","Animalia","Arthropoda","Malacostraca","Euphausiacea","Euphausiidae","Euphausia","Euphausia pacifica",49.707,-124.724
"6136340971","5e618452-d449-4290-a29c-6564b5fb3154","IOS2015019007301:20","Animalia","Arthropoda","Malacostraca","Euphausiacea","Euphausiidae","Euphausia","Euphausia pacifica",49.707,-124.724
"6136340599","5e618452-d449-4290-a29c-6564b5fb3154","PBS2014016021701:10","Animalia","Arthropoda","Malacostraca","Euphausiacea","Euphausiidae","Euphausia","Euphausia pacifica",49.618,-124.695
"6136340597","5e618452-d449-4290-a29c-6564b5fb3154","PBS2014016021701:12","Animalia","Arthropoda","Malacostraca","Euphausiacea","Euphausiidae","Euphausia","Euphausia pacifica",49.618,-124.695
"6136340594","5e618452-d449-4290-a29c-6564b5fb3154","PBS2014016021701:11","Animalia","Arthropoda","Malacostraca","Euphausiacea","Euphausiidae","Euphausia","Euphausia pacifica",49.618,-124.695
"6136340542","5e618452-d449-4290-a29c-6564b5fb3154","IOS2018096000201:18","Animalia","Arthropoda","Malacostraca","Euphausiacea","Euphausiidae","Euphausia","Euphausia pacifica",49.25,-123.755
"6136340527","5e618452-d449-4290-a29c-6564b5fb3154","IOS2016007005901:21","Animalia","Arthropoda","Malacostraca","Euphausiacea","Euphausiidae","Euphausia","Euphausia pacifica",49.143,-123.613
"6136340325","5e618452-d449-4290-a29c-6564b5fb3154","IOS2011009006601:21","Animalia","Arthropoda","Malacostraca","Euphausiacea","Euphausiidae","Euphausia","Euphausia pacifica",49.25,-123.75
"6136340324","5e618452-d449-4290-a29c-6564b5fb3154","IOS2011009006601:20","Animalia","Arthropoda","Malacostraca","Euphausiacea","Euphausiidae","Euphausia","Euphausia pacifica",49.25,-123.75
"6136340127","5e618452-d449-4290-a29c-6564b5fb3154","IOS2015022016101:21","Animalia","Arthropoda","Malacostraca","Euphausiacea","Euphausiidae","Euphausia","Euphausia pacifica",49.365,-124.086
"6136340120","5e618452-d449-4290-a29c-6564b5fb3154","IOS2015022016101:23","Animalia","Arthropoda","Malacostraca","Euphausiacea","Euphausiidae","Euphausia","Euphausia pacifica",49.365,-124.086
"6136340119","5e618452-d449-4290-a29c-6564b5fb3154","IOS2015022016101:22","Animalia","Arthropoda","Malacostraca","Euphausiacea","Euphausiidae","Euphausia","Euphausia pacifica",49.365,-124.086
"6136340088","5e618452-d449-4290-a29c-6564b5fb3154","IOS2015022001801:20","Animalia","Arthropoda","Malacostraca","Euphausiacea","Euphausiidae","Euphausia","Euphausia pacifica",49.145,-123.612
"6136340085","5e618452-d449-4290-a29c-6564b5fb3154","IOS2015022001801:22","Animalia","Arthropoda","Malacostraca","Euphausiacea","Euphausiidae","Euphausia","Euphausia pacifica",49.145,-123.612
"6136340084","5e618452-d449-4290-a29c-6564b5fb3154","IOS2015022001801:21","Animalia","Arthropoda","Malacostraca","Euphausiacea","Euphausiidae","Euphausia","Euphausia pacifica",49.145,-123.612
"6136339967","5e618452-d449-4290-a29c-6564b5fb3154","IOS2017063007201:30","Animalia","Arthropoda","Malacostraca","Euphausiacea","Euphausiidae","Euphausia","Euphausia pacifica",49.25,-123.747
"6136339948","5e618452-d449-4290-a29c-6564b5fb3154","IOS2017063007201:29","Animalia","Arthropoda","Malacostraca","Euphausiacea","Euphausiidae","Euphausia","Euphausia pacifica",49.25,-123.747
"6136339929","5e618452-d449-4290-a29c-6564b5fb3154","IOS2018005003501:17","Animalia","Arthropoda","Malacostraca","Euphausiacea","Euphausiidae","Euphausia","Euphausia pacifica",49.25,-123.749
"6136339928","5e618452-d449-4290-a29c-6564b5fb3154","IOS2018005003501:16","Animalia","Arthropoda","Malacostraca","Euphausiacea","Euphausiidae","Euphausia","Euphausia pacifica",49.25,-123.749
"6136339832","5e618452-d449-4290-a29c-6564b5fb3154","IOS2017063007201:31","Animalia","Arthropoda","Malacostraca","Euphausiacea","Euphausiidae","Euphausia","Euphausia pacifica",49.25,-123.747
"6136339721","5e618452-d449-4290-a29c-6564b5fb3154","IOS2016010002801:19","Animalia","Arthropoda","Malacostraca","Euphausiacea","Euphausiidae","Euphausia","Euphausia pacifica",49.459,-124.515
"6136339720","5e618452-d449-4290-a29c-6564b5fb3154","IOS2016010002801:18","Animalia","Arthropoda","Malacostraca","Euphausiacea","Euphausiidae","Euphausia","Euphausia pacifica",49.459,-124.515
"6136339685","5e618452-d449-4290-a29c-6564b5fb3154","IOS2015022008901:24","Animalia","Arthropoda","Malacostraca","Euphausiacea","Euphausiidae","Euphausia","Euphausia pacifica",49.5,-124.099
"6136339681","5e618452-d449-4290-a29c-6564b5fb3154","IOS2015022008901:26","Animalia","Arthropoda","Malacostraca","Euphausiacea","Euphausiidae","Euphausia","Euphausia pacifica",49.5,-124.099
"6136339679","5e618452-d449-4290-a29c-6564b5fb3154","IOS2015022008901:25","Animalia","Arthropoda","Malacostraca","Euphausiacea","Euphausiidae","Euphausia","Euphausia pacifica",49.5,-124.099
"6136339675","5e618452-d449-4290-a29c-6564b5fb3154","IOS2015022008901:27","Animalia","Arthropoda","Malacostraca","Euphausiacea","Euphausiidae","Euphausia","Euphausia pacifica",49.5,-124.099
"6136339468","5e618452-d449-4290-a29c-6564b5fb3154","PBS2016046009801:14","Animalia","Arthropoda","Malacostraca","Euphausiacea","Euphausiidae","Euphausia","Euphausia pacifica",49.508,-124.493
"6136339445","5e618452-d449-4290-a29c-6564b5fb3154","PBS2016045009501:30","Animalia","Arthropoda","Malacostraca","Euphausiacea","Euphausiidae","Euphausia","Euphausia pacifica",49.648,-124.719
"6136339443","5e618452-d449-4290-a29c-6564b5fb3154","PBS2016045009501:31","Animalia","Arthropoda","Malacostraca","Euphausiacea","Euphausiidae","Euphausia","Euphausia pacifica",49.648,-124.719
"6136339422","5e618452-d449-4290-a29c-6564b5fb3154","PBS2016045009501:29","Animalia","Arthropoda","Malacostraca","Euphausiacea","Euphausiidae","Euphausia","Euphausia pacifica",49.648,-124.719
"6136339421","5e618452-d449-4290-a29c-6564b5fb3154","PBS2016045009501:28","Animalia","Arthropoda","Malacostraca","Euphausiacea","Euphausiidae","Euphausia","Euphausia pacifica",49.648,-124.719
"6136339368","5e618452-d449-4290-a29c-6564b5fb3154","PBS1997059000201:23","Animalia","Arthropoda","Malacostraca","Euphausiacea","Euphausiidae","Euphausia","Euphausia pacifica",49.25,-123.75
"6136339274","5e618452-d449-4290-a29c-6564b5fb3154","IOS2016009013701:35","Animalia","Arthropoda","Malacostraca","Euphausiacea","Euphausiidae","Euphausia","Euphausia pacifica",49.504,-124.101
"6136339272","5e618452-d449-4290-a29c-6564b5fb3154","IOS2016009013701:37","Animalia","Arthropoda","Malacostraca","Euphausiacea","Euphausiidae","Euphausia","Euphausia pacifica",49.504,-124.101
"6136339271","5e618452-d449-4290-a29c-6564b5fb3154","IOS2016009013701:36","Animalia","Arthropoda","Malacostraca","Euphausiacea","Euphausiidae","Euphausia","Euphausia pacifica",49.504,-124.101
"6136339229","5e618452-d449-4290-a29c-6564b5fb3154","IOS2016009013701:38","Animalia","Arthropoda","Malacostraca","Euphausiacea","Euphausiidae","Euphausia","Euphausia pacifica",49.504,-124.101
"6136338998","5e618452-d449-4290-a29c-6564b5fb3154","IOS2016009001901:20","Animalia","Arthropoda","Malacostraca","Euphausiacea","Euphausiidae","Euphausia","Euphausia pacifica",49.252,-123.75
"6136338973","5e618452-d449-4290-a29c-6564b5fb3154","IOS2016009001901:19","Animalia","Arthropoda","Malacostraca","Euphausiacea","Euphausiidae","Euphausia","Euphausia pacifica",49.252,-123.75
"6136338922","5e618452-d449-4290-a29c-6564b5fb3154","PBS2009001005301:12","Animalia","Arthropoda","Malacostraca","Euphausiacea","Euphausiidae","Euphausia","Euphausia pacifica",49.065,-123.3
"6136338919","5e618452-d449-4290-a29c-6564b5fb3154","PBS2009001005301:11","Animalia","Arthropoda","Malacostraca","Euphausiacea","Euphausiidae","Euphausia","Euphausia pacifica",49.065,-123.3
"6136338869","5e618452-d449-4290-a29c-6564b5fb3154","PSF2015098003101:18","Animalia","Arthropoda","Malacostraca","Euphausiacea","Euphausiidae","Euphausia","Euphausia pacifica",49.485,-124.605
"6136338864","5e618452-d449-4290-a29c-6564b5fb3154","PSF2015098003101:17","Animalia","Arthropoda","Malacostraca","Euphausiacea","Euphausiidae","Euphausia","Euphausia pacifica",49.485,-124.605
"6136338863","5e618452-d449-4290-a29c-6564b5fb3154","PSF2015098003101:16","Animalia","Arthropoda","Malacostraca","Euphausiacea","Euphausiidae","Euphausia","Euphausia pacifica",49.485,-124.605
"6136338750","5e618452-d449-4290-a29c-6564b5fb3154","PBS2009046001201:12","Animalia","Arthropoda","Malacostraca","Euphausiacea","Euphausiidae","Euphausia","Euphausia pacifica",49.9,-124.941
"6136338749","5e618452-d449-4290-a29c-6564b5fb3154","PBS2009046001201:11","Animalia","Arthropoda","Malacostraca","Euphausiacea","Euphausiidae","Euphausia","Euphausia pacifica",49.9,-124.941
"6136338737","5e618452-d449-4290-a29c-6564b5fb3154","IOS2008061005401:12","Animalia","Arthropoda","Malacostraca","Euphausiacea","Euphausiidae","Euphausia","Euphausia pacifica",49.38,-124.169
"6136338736","5e618452-d449-4290-a29c-6564b5fb3154","IOS2008061005401:11","Animalia","Arthropoda","Malacostraca","Euphausiacea","Euphausiidae","Euphausia","Euphausia pacifica",49.38,-124.169
"6136338628","5e618452-d449-4290-a29c-6564b5fb3154","PBS2013010002301:18","Animalia","Arthropoda","Malacostraca","Euphausiacea","Euphausiidae","Euphausia","Euphausia pacifica",49.25,-123.75
"6136338627","5e618452-d449-4290-a29c-6564b5fb3154","PBS2013010002301:17","Animalia","Arthropoda","Malacostraca","Euphausiacea","Euphausiidae","Euphausia","Euphausia pacifica",49.25,-123.75
"6136338446","5e618452-d449-4290-a29c-6564b5fb3154","PBS2008014035801:19","Animalia","Arthropoda","Malacostraca","Euphausiacea","Euphausiidae","Euphausia","Euphausia pacifica",49.519,-124.46
"6136338444","5e618452-d449-4290-a29c-6564b5fb3154","PBS2008014035801:18","Animalia","Arthropoda","Malacostraca","Euphausiacea","Euphausiidae","Euphausia","Euphausia pacifica",49.519,-124.46
"6136338386","5e618452-d449-4290-a29c-6564b5fb3154","IOS2015022022501:19","Animalia","Arthropoda","Malacostraca","Euphausiacea","Euphausiidae","Euphausia","Euphausia pacifica",49.507,-124.099
"6136338381","5e618452-d449-4290-a29c-6564b5fb3154","IOS2015022022501:18","Animalia","Arthropoda","Malacostraca","Euphausiacea","Euphausiidae","Euphausia","Euphausia pacifica",49.507,-124.099
"6136338379","5e618452-d449-4290-a29c-6564b5fb3154","PBS2008014035801:20","Animalia","Arthropoda","Malacostraca","Euphausiacea","Euphausiidae","Euphausia","Euphausia pacifica",49.519,-124.46
"6136338323","5e618452-d449-4290-a29c-6564b5fb3154","IOS2015017005401:31","Animalia","Arthropoda","Malacostraca","Euphausiacea","Euphausiidae","Euphausia","Euphausia pacifica",49.25,-123.749
"6136338322","5e618452-d449-4290-a29c-6564b5fb3154","IOS2015017005401:30","Animalia","Arthropoda","Malacostraca","Euphausiacea","Euphausiidae","Euphausia","Euphausia pacifica",49.25,-123.749
"6136338315","5e618452-d449-4290-a29c-6564b5fb3154","IOS2015017005401:32","Animalia","Arthropoda","Malacostraca","Euphausiacea","Euphausiidae","Euphausia","Euphausia pacifica",49.25,-123.749
"6136338182","5e618452-d449-4290-a29c-6564b5fb3154","IOS2013012002601:22","Animalia","Arthropoda","Malacostraca","Euphausiacea","Euphausiidae","Euphausia","Euphausia pacifica",49.367,-124.088
"6136338181","5e618452-d449-4290-a29c-6564b5fb3154","IOS2013012002601:21","Animalia","Arthropoda","Malacostraca","Euphausiacea","Euphausiidae","Euphausia","Euphausia pacifica",49.367,-124.088
"6136338169","5e618452-d449-4290-a29c-6564b5fb3154","PSF2015098001701:15","Animalia","Arthropoda","Malacostraca","Euphausiacea","Euphausiidae","Euphausia","Euphausia pacifica",49.485,-124.605
"6136338168","5e618452-d449-4290-a29c-6564b5fb3154","PSF2015098001701:14","Animalia","Arthropoda","Malacostraca","Euphausiacea","Euphausiidae","Euphausia","Euphausia pacifica",49.485,-124.605
"6136338167","5e618452-d449-4290-a29c-6564b5fb3154","PSF2015098001701:17","Animalia","Arthropoda","Malacostraca","Euphausiacea","Euphausiidae","Euphausia","Euphausia pacifica",49.485,-124.605
"6136338166","5e618452-d449-4290-a29c-6564b5fb3154","PSF2015098001701:16","Animalia","Arthropoda","Malacostraca","Euphausiacea","Euphausiidae","Euphausia","Euphausia pacifica",49.485,-124.605
"6136338051","5e618452-d449-4290-a29c-6564b5fb3154","IOS2015022022501:20","Animalia","Arthropoda","Malacostraca","Euphausiacea","Euphausiidae","Euphausia","Euphausia pacifica",49.507,-124.099
"6136337923","5e618452-d449-4290-a29c-6564b5fb3154","HAK2017097001001:10","Animalia","Arthropoda","Malacostraca","Euphausiacea","Euphausiidae","Euphausia","Euphausia pacifica",50.031,-125.099
"6136337864","5e618452-d449-4290-a29c-6564b5fb3154","IOS2015020020401:18","Animalia","Arthropoda","Malacostraca","Euphausiacea","Euphausiidae","Euphausia","Euphausia pacifica",49.367,-124.084
"6136337856","5e618452-d449-4290-a29c-6564b5fb3154","IOS2015020020401:19","Animalia","Arthropoda","Malacostraca","Euphausiacea","Euphausiidae","Euphausia","Euphausia pacifica",49.367,-124.084
"6136337835","5e618452-d449-4290-a29c-6564b5fb3154","IOS2018029010301:30","Animalia","Arthropoda","Malacostraca","Euphausiacea","Euphausiidae","Euphausia","Euphausia pacifica",49.466,-124.499
"6136337795","5e618452-d449-4290-a29c-6564b5fb3154","IOS2018029010301:29","Animalia","Arthropoda","Malacostraca","Euphausiacea","Euphausiidae","Euphausia","Euphausia pacifica",49.466,-124.499
"6136337793","5e618452-d449-4290-a29c-6564b5fb3154","IOS2018029010301:28","Animalia","Arthropoda","Malacostraca","Euphausiacea","Euphausiidae","Euphausia","Euphausia pacifica",49.466,-124.499
"6136337791","5e618452-d449-4290-a29c-6564b5fb3154","IOS2018029010301:27","Animalia","Arthropoda","Malacostraca","Euphausiacea","Euphausiidae","Euphausia","Euphausia pacifica",49.466,-124.499
"6136337616","5e618452-d449-4290-a29c-6564b5fb3154","HAK2017097004701:18","Animalia","Arthropoda","Malacostraca","Euphausiacea","Euphausiidae","Euphausia","Euphausia pacifica",50.031,-125.099
"6136337615","5e618452-d449-4290-a29c-6564b5fb3154","HAK2017097004701:17","Animalia","Arthropoda","Malacostraca","Euphausiacea","Euphausiidae","Euphausia","Euphausia pacifica",50.031,-125.099
"6136337608","5e618452-d449-4290-a29c-6564b5fb3154","IOS2004030001201:12","Animalia","Arthropoda","Malacostraca","Euphausiacea","Euphausiidae","Euphausia","Euphausia pacifica",49.249,-123.747
"6136337607","5e618452-d449-4290-a29c-6564b5fb3154","IOS2004030001201:11","Animalia","Arthropoda","Malacostraca","Euphausiacea","Euphausiidae","Euphausia","Euphausia pacifica",49.249,-123.747
"6136337597","5e618452-d449-4290-a29c-6564b5fb3154","PBS2009046001401:7","Animalia","Arthropoda","Malacostraca","Euphausiacea","Euphausiidae","Euphausia","Euphausia pacifica",49.829,-124.937
"6136337596","5e618452-d449-4290-a29c-6564b5fb3154","PBS2009046001401:6","Animalia","Arthropoda","Malacostraca","Euphausiacea","Euphausiidae","Euphausia","Euphausia pacifica",49.829,-124.937
"6136337595","5e618452-d449-4290-a29c-6564b5fb3154","PBS2009046001401:5","Animalia","Arthropoda","Malacostraca","Euphausiacea","Euphausiidae","Euphausia","Euphausia pacifica",49.829,-124.937
"6136337496","5e618452-d449-4290-a29c-6564b5fb3154","IOS2015014003001:27","Animalia","Arthropoda","Malacostraca","Euphausiacea","Euphausiidae","Euphausia","Euphausia pacifica",49.2,-123.755
"6136337495","5e618452-d449-4290-a29c-6564b5fb3154","IOS2015014003001:26","Animalia","Arthropoda","Malacostraca","Euphausiacea","Euphausiidae","Euphausia","Euphausia pacifica",49.2,-123.755
"6136337493","5e618452-d449-4290-a29c-6564b5fb3154","IOS2015014003001:29","Animalia","Arthropoda","Malacostraca","Euphausiacea","Euphausiidae","Euphausia","Euphausia pacifica",49.2,-123.755
"6136337491","5e618452-d449-4290-a29c-6564b5fb3154","IOS2015014003001:28","Animalia","Arthropoda","Malacostraca","Euphausiacea","Euphausiidae","Euphausia","Euphausia pacifica",49.2,-123.755
"6136337488","5e618452-d449-4290-a29c-6564b5fb3154","IOS2015014003001:25","Animalia","Arthropoda","Malacostraca","Euphausiacea","Euphausiidae","Euphausia","Euphausia pacifica",49.2,-123.755
"6136337433","5e618452-d449-4290-a29c-6564b5fb3154","IOS2018035004701:36","Animalia","Arthropoda","Malacostraca","Euphausiacea","Euphausiidae","Euphausia","Euphausia pacifica",49.465,-124.5
"6136337432","5e618452-d449-4290-a29c-6564b5fb3154","IOS2018035004701:35","Animalia","Arthropoda","Malacostraca","Euphausiacea","Euphausiidae","Euphausia","Euphausia pacifica",49.465,-124.5
"6136337427","5e618452-d449-4290-a29c-6564b5fb3154","IOS2018035004701:32","Animalia","Arthropoda","Malacostraca","Euphausiacea","Euphausiidae","Euphausia","Euphausia pacifica",49.465,-124.5
"6136337426","5e618452-d449-4290-a29c-6564b5fb3154","IOS2018035004701:31","Animalia","Arthropoda","Malacostraca","Euphausiacea","Euphausiidae","Euphausia","Euphausia pacifica",49.465,-124.5
"6136337425","5e618452-d449-4290-a29c-6564b5fb3154","IOS2018035004701:34","Animalia","Arthropoda","Malacostraca","Euphausiacea","Euphausiidae","Euphausia","Euphausia pacifica",49.465,-124.5
"6136337424","5e618452-d449-4290-a29c-6564b5fb3154","IOS2018035004701:33","Animalia","Arthropoda","Malacostraca","Euphausiacea","Euphausiidae","Euphausia","Euphausia pacifica",49.465,-124.5
"6136337371","5e618452-d449-4290-a29c-6564b5fb3154","IOS2015022018701:19","Animalia","Arthropoda","Malacostraca","Euphausiacea","Euphausiidae","Euphausia","Euphausia pacifica",49.405,-123.761
"6136337303","5e618452-d449-4290-a29c-6564b5fb3154","IOS2015022018701:18","Animalia","Arthropoda","Malacostraca","Euphausiacea","Euphausiidae","Euphausia","Euphausia pacifica",49.405,-123.761
"6136337302","5e618452-d449-4290-a29c-6564b5fb3154","IOS2015022018701:17","Animalia","Arthropoda","Malacostraca","Euphausiacea","Euphausiidae","Euphausia","Euphausia pacifica",49.405,-123.761
"6136337091","5e618452-d449-4290-a29c-6564b5fb3154","IOS2016010004101:13","Animalia","Arthropoda","Malacostraca","Euphausiacea","Euphausiidae","Euphausia","Euphausia pacifica",49.402,-123.756
"6136337090","5e618452-d449-4290-a29c-6564b5fb3154","IOS2016010004101:12","Animalia","Arthropoda","Malacostraca","Euphausiacea","Euphausiidae","Euphausia","Euphausia pacifica",49.402,-123.756
"6136337082","5e618452-d449-4290-a29c-6564b5fb3154","IOS2016010004101:15","Animalia","Arthropoda","Malacostraca","Euphausiacea","Euphausiidae","Euphausia","Euphausia pacifica",49.402,-123.756
"6136337081","5e618452-d449-4290-a29c-6564b5fb3154","IOS2016010004101:14","Animalia","Arthropoda","Malacostraca","Euphausiacea","Euphausiidae","Euphausia","Euphausia pacifica",49.402,-123.756
"6136337079","5e618452-d449-4290-a29c-6564b5fb3154","IOS2016010004101:16","Animalia","Arthropoda","Malacostraca","Euphausiacea","Euphausiidae","Euphausia","Euphausia pacifica",49.402,-123.756
"6136336965","5e618452-d449-4290-a29c-6564b5fb3154","UVI2005000001201:22","Animalia","Arthropoda","Malacostraca","Euphausiacea","Euphausiidae","Euphausia","Euphausia pacifica",49.25,-123.748
"6136336964","5e618452-d449-4290-a29c-6564b5fb3154","UVI2005000001201:21","Animalia","Arthropoda","Malacostraca","Euphausiacea","Euphausiidae","Euphausia","Euphausia pacifica",49.25,-123.748
"6136336963","5e618452-d449-4290-a29c-6564b5fb3154","UVI2005000001201:24","Animalia","Arthropoda","Malacostraca","Euphausiacea","Euphausiidae","Euphausia","Euphausia pacifica",49.25,-123.748
"6136336962","5e618452-d449-4290-a29c-6564b5fb3154","UVI2005000001201:23","Animalia","Arthropoda","Malacostraca","Euphausiacea","Euphausiidae","Euphausia","Euphausia pacifica",49.25,-123.748
"6136336832","5e618452-d449-4290-a29c-6564b5fb3154","UBC9999099001001:11","Animalia","Arthropoda","Malacostraca","Euphausiacea","Euphausiidae","Euphausia","Euphausia pacifica",49.727,-124.68
"6136336615","5e618452-d449-4290-a29c-6564b5fb3154","PBS1997062000101:20","Animalia","Arthropoda","Malacostraca","Euphausiacea","Euphausiidae","Euphausia","Euphausia pacifica",49.25,-123.75
"6136336607","5e618452-d449-4290-a29c-6564b5fb3154","PBS1997062000101:21","Animalia","Arthropoda","Malacostraca","Euphausiacea","Euphausiidae","Euphausia","Euphausia pacifica",49.25,-123.75
"6136336502","5e618452-d449-4290-a29c-6564b5fb3154","IOS2017048001301:27","Animalia","Arthropoda","Malacostraca","Euphausiacea","Euphausiidae","Euphausia","Euphausia pacifica",49.666,-124.271
"6136336501","5e618452-d449-4290-a29c-6564b5fb3154","IOS2017048001301:26","Animalia","Arthropoda","Malacostraca","Euphausiacea","Euphausiidae","Euphausia","Euphausia pacifica",49.666,-124.271
"6136336351","5e618452-d449-4290-a29c-6564b5fb3154","PBS2009041032801:17","Animalia","Arthropoda","Malacostraca","Euphausiacea","Euphausiidae","Euphausia","Euphausia pacifica",49.633,-124.677
"6136336347","5e618452-d449-4290-a29c-6564b5fb3154","PBS2009041032801:16","Animalia","Arthropoda","Malacostraca","Euphausiacea","Euphausiidae","Euphausia","Euphausia pacifica",49.633,-124.677
"6136336346","5e618452-d449-4290-a29c-6564b5fb3154","PBS2009041032801:19","Animalia","Arthropoda","Malacostraca","Euphausiacea","Euphausiidae","Euphausia","Euphausia pacifica",49.633,-124.677
"6136336342","5e618452-d449-4290-a29c-6564b5fb3154","PBS2009041032801:18","Animalia","Arthropoda","Malacostraca","Euphausiacea","Euphausiidae","Euphausia","Euphausia pacifica",49.633,-124.677
"6136336323","5e618452-d449-4290-a29c-6564b5fb3154","IOS2016047018501:35","Animalia","Arthropoda","Malacostraca","Euphausiacea","Euphausiidae","Euphausia","Euphausia pacifica",49.675,-124.277
"6136336290","5e618452-d449-4290-a29c-6564b5fb3154","IOS2016009000901:26","Animalia","Arthropoda","Malacostraca","Euphausiacea","Euphausiidae","Euphausia","Euphausia pacifica",49.706,-124.729
"6136336288","5e618452-d449-4290-a29c-6564b5fb3154","IOS2016009000901:25","Animalia","Arthropoda","Malacostraca","Euphausiacea","Euphausiidae","Euphausia","Euphausia pacifica",49.706,-124.729
"6136336286","5e618452-d449-4290-a29c-6564b5fb3154","IOS2016009000901:24","Animalia","Arthropoda","Malacostraca","Euphausiacea","Euphausiidae","Euphausia","Euphausia pacifica",49.706,-124.729
"6136336228","5e618452-d449-4290-a29c-6564b5fb3154","HAK2017097002001:19","Animalia","Arthropoda","Malacostraca","Euphausiacea","Euphausiidae","Euphausia","Euphausia pacifica",50.031,-125.099
"6136336226","5e618452-d449-4290-a29c-6564b5fb3154","HAK2017097002001:18","Animalia","Arthropoda","Malacostraca","Euphausiacea","Euphausiidae","Euphausia","Euphausia pacifica",50.031,-125.099
"6136336106","5e618452-d449-4290-a29c-6564b5fb3154","IOS2016009006301:29","Animalia","Arthropoda","Malacostraca","Euphausiacea","Euphausiidae","Euphausia","Euphausia pacifica",49.141,-123.612
"6136336104","5e618452-d449-4290-a29c-6564b5fb3154","IOS2016009006301:28","Animalia","Arthropoda","Malacostraca","Euphausiacea","Euphausiidae","Euphausia","Euphausia pacifica",49.141,-123.612
"6136336102","5e618452-d449-4290-a29c-6564b5fb3154","IOS2016009006301:27","Animalia","Arthropoda","Malacostraca","Euphausiacea","Euphausiidae","Euphausia","Euphausia pacifica",49.141,-123.612
"6136336100","5e618452-d449-4290-a29c-6564b5fb3154","IOS2016009006301:26","Animalia","Arthropoda","Malacostraca","Euphausiacea","Euphausiidae","Euphausia","Euphausia pacifica",49.141,-123.612
"6136336093","5e618452-d449-4290-a29c-6564b5fb3154","IOS2016010000701:20","Animalia","Arthropoda","Malacostraca","Euphausiacea","Euphausiidae","Euphausia","Euphausia pacifica",49.669,-124.273
"6136336092","5e618452-d449-4290-a29c-6564b5fb3154","IOS2016010000701:22","Animalia","Arthropoda","Malacostraca","Euphausiacea","Euphausiidae","Euphausia","Euphausia pacifica",49.669,-124.273
"6136336091","5e618452-d449-4290-a29c-6564b5fb3154","IOS2016010000701:21","Animalia","Arthropoda","Malacostraca","Euphausiacea","Euphausiidae","Euphausia","Euphausia pacifica",49.669,-124.273
"6136336047","5e618452-d449-4290-a29c-6564b5fb3154","IOS2016010000701:19","Animalia","Arthropoda","Malacostraca","Euphausiacea","Euphausiidae","Euphausia","Euphausia pacifica",49.669,-124.273
"6136335904","5e618452-d449-4290-a29c-6564b5fb3154","IOS2016009002301:14","Animalia","Arthropoda","Malacostraca","Euphausiacea","Euphausiidae","Euphausia","Euphausia pacifica",49.142,-123.612
"6136335903","5e618452-d449-4290-a29c-6564b5fb3154","IOS2016009002301:13","Animalia","Arthropoda","Malacostraca","Euphausiacea","Euphausiidae","Euphausia","Euphausia pacifica",49.142,-123.612
"6136335900","5e618452-d449-4290-a29c-6564b5fb3154","IOS2016009002301:12","Animalia","Arthropoda","Malacostraca","Euphausiacea","Euphausiidae","Euphausia","Euphausia pacifica",49.142,-123.612
"6136335769","5e618452-d449-4290-a29c-6564b5fb3154","UVI2004000002101:14","Animalia","Arthropoda","Malacostraca","Euphausiacea","Euphausiidae","Euphausia","Euphausia pacifica",49.25,-123.748
"6136335762","5e618452-d449-4290-a29c-6564b5fb3154","UVI2004000002101:15","Animalia","Arthropoda","Malacostraca","Euphausiacea","Euphausiidae","Euphausia","Euphausia pacifica",49.25,-123.748
"6136335678","5e618452-d449-4290-a29c-6564b5fb3154","IOS2018029007001:36","Animalia","Arthropoda","Malacostraca","Euphausiacea","Euphausiidae","Euphausia","Euphausia pacifica",49.367,-124.085
"6136335676","5e618452-d449-4290-a29c-6564b5fb3154","IOS2018029007001:35","Animalia","Arthropoda","Malacostraca","Euphausiacea","Euphausiidae","Euphausia","Euphausia pacifica",49.367,-124.085
"6136335674","5e618452-d449-4290-a29c-6564b5fb3154","IOS2018029007001:34","Animalia","Arthropoda","Malacostraca","Euphausiacea","Euphausiidae","Euphausia","Euphausia pacifica",49.367,-124.085
"6136335671","5e618452-d449-4290-a29c-6564b5fb3154","IOS2018029007001:33","Animalia","Arthropoda","Malacostraca","Euphausiacea","Euphausiidae","Euphausia","Euphausia pacifica",49.367,-124.085
"6136335669","5e618452-d449-4290-a29c-6564b5fb3154","IOS2018029007001:32","Animalia","Arthropoda","Malacostraca","Euphausiacea","Euphausiidae","Euphausia","Euphausia pacifica",49.367,-124.085
"6136335596","5e618452-d449-4290-a29c-6564b5fb3154","IOS2018034016901:19","Animalia","Arthropoda","Malacostraca","Euphausiacea","Euphausiidae","Euphausia","Euphausia pacifica",49.25,-123.749
"6136335595","5e618452-d449-4290-a29c-6564b5fb3154","IOS2018034016901:18","Animalia","Arthropoda","Malacostraca","Euphausiacea","Euphausiidae","Euphausia","Euphausia pacifica",49.25,-123.749
"6136335594","5e618452-d449-4290-a29c-6564b5fb3154","IOS2018034016901:17","Animalia","Arthropoda","Malacostraca","Euphausiacea","Euphausiidae","Euphausia","Euphausia pacifica",49.25,-123.749
"6136334102","5e618452-d449-4290-a29c-6564b5fb3154","IOS2016005008401:36","Animalia","Arthropoda","Malacostraca","Euphausiacea","Euphausiidae","Euphausia","Euphausia pacifica",49.707,-124.723
"6136334101","5e618452-d449-4290-a29c-6564b5fb3154","IOS2016005008401:35","Animalia","Arthropoda","Malacostraca","Euphausiacea","Euphausiidae","Euphausia","Euphausia pacifica",49.707,-124.723
"6136334095","5e618452-d449-4290-a29c-6564b5fb3154","IOS2016005008401:37","Animalia","Arthropoda","Malacostraca","Euphausiacea","Euphausiidae","Euphausia","Euphausia pacifica",49.707,-124.723
"6136334034","5e618452-d449-4290-a29c-6564b5fb3154","IOS2015022014601:22","Animalia","Arthropoda","Malacostraca","Euphausiacea","Euphausiidae","Euphausia","Euphausia pacifica",49.402,-123.756
"6136334033","5e618452-d449-4290-a29c-6564b5fb3154","IOS2015022014601:21","Animalia","Arthropoda","Malacostraca","Euphausiacea","Euphausiidae","Euphausia","Euphausia pacifica",49.402,-123.756
"6136334032","5e618452-d449-4290-a29c-6564b5fb3154","IOS2015022014601:20","Animalia","Arthropoda","Malacostraca","Euphausiacea","Euphausiidae","Euphausia","Euphausia pacifica",49.402,-123.756
"6136333999","5e618452-d449-4290-a29c-6564b5fb3154","IOS2015099000201:18","Animalia","Arthropoda","Malacostraca","Euphausiacea","Euphausiidae","Euphausia","Euphausia pacifica",49.252,-123.748
"6136333997","5e618452-d449-4290-a29c-6564b5fb3154","IOS2015099000201:19","Animalia","Arthropoda","Malacostraca","Euphausiacea","Euphausiidae","Euphausia","Euphausia pacifica",49.252,-123.748
"6136333921","5e618452-d449-4290-a29c-6564b5fb3154","PBS2010018028801:9","Animalia","Arthropoda","Malacostraca","Euphausiacea","Euphausiidae","Euphausia","Euphausia pacifica",49.549,-124.581
"6136333878","5e618452-d449-4290-a29c-6564b5fb3154","PBS2009001003001:9","Animalia","Arthropoda","Malacostraca","Euphausiacea","Euphausiidae","Euphausia","Euphausia pacifica",49.784,-124.66
"6136333861","5e618452-d449-4290-a29c-6564b5fb3154","IOS2016010002101:16","Animalia","Arthropoda","Malacostraca","Euphausiacea","Euphausiidae","Euphausia","Euphausia pacifica",49.707,-124.727
"6136333735","5e618452-d449-4290-a29c-6564b5fb3154","IOS2015022008201:27","Animalia","Arthropoda","Malacostraca","Euphausiacea","Euphausiidae","Euphausia","Euphausia pacifica",49.465,-124.498
"6136333734","5e618452-d449-4290-a29c-6564b5fb3154","IOS2015022008201:26","Animalia","Arthropoda","Malacostraca","Euphausiacea","Euphausiidae","Euphausia","Euphausia pacifica",49.465,-124.498
"6136333733","5e618452-d449-4290-a29c-6564b5fb3154","IOS2015022008201:25","Animalia","Arthropoda","Malacostraca","Euphausiacea","Euphausiidae","Euphausia","Euphausia pacifica",49.465,-124.498
"6136333731","5e618452-d449-4290-a29c-6564b5fb3154","IOS2015022008201:24","Animalia","Arthropoda","Malacostraca","Euphausiacea","Euphausiidae","Euphausia","Euphausia pacifica",49.465,-124.498
"6136333722","5e618452-d449-4290-a29c-6564b5fb3154","IOS2015022008201:28","Animalia","Arthropoda","Malacostraca","Euphausiacea","Euphausiidae","Euphausia","Euphausia pacifica",49.465,-124.498
"6136333536","5e618452-d449-4290-a29c-6564b5fb3154","IOS2016009015801:29","Animalia","Arthropoda","Malacostraca","Euphausiacea","Euphausiidae","Euphausia","Euphausia pacifica",49.251,-123.755
"6136333534","5e618452-d449-4290-a29c-6564b5fb3154","IOS2016009015801:28","Animalia","Arthropoda","Malacostraca","Euphausiacea","Euphausiidae","Euphausia","Euphausia pacifica",49.251,-123.755
"6136333501","5e618452-d449-4290-a29c-6564b5fb3154","IOS2016009015801:30","Animalia","Arthropoda","Malacostraca","Euphausiacea","Euphausiidae","Euphausia","Euphausia pacifica",49.251,-123.755
"6136333412","5e618452-d449-4290-a29c-6564b5fb3154","PBS2009001003301:14","Animalia","Arthropoda","Malacostraca","Euphausiacea","Euphausiidae","Euphausia","Euphausia pacifica",49.683,-124.549
"6136333411","5e618452-d449-4290-a29c-6564b5fb3154","PBS2009001003301:13","Animalia","Arthropoda","Malacostraca","Euphausiacea","Euphausiidae","Euphausia","Euphausia pacifica",49.683,-124.549
"6136333409","5e618452-d449-4290-a29c-6564b5fb3154","PBS2009001003301:15","Animalia","Arthropoda","Malacostraca","Euphausiacea","Euphausiidae","Euphausia","Euphausia pacifica",49.683,-124.549
"6136333342","5e618452-d449-4290-a29c-6564b5fb3154","PBS2016046009101:16","Animalia","Arthropoda","Malacostraca","Euphausiacea","Euphausiidae","Euphausia","Euphausia pacifica",49.455,-124.586
"6136333341","5e618452-d449-4290-a29c-6564b5fb3154","PBS2016046009101:15","Animalia","Arthropoda","Malacostraca","Euphausiacea","Euphausiidae","Euphausia","Euphausia pacifica",49.455,-124.586
"6136333340","5e618452-d449-4290-a29c-6564b5fb3154","PBS2016046009101:14","Animalia","Arthropoda","Malacostraca","Euphausiacea","Euphausiidae","Euphausia","Euphausia pacifica",49.455,-124.586
"6136333339","5e618452-d449-4290-a29c-6564b5fb3154","PBS2016046009101:13","Animalia","Arthropoda","Malacostraca","Euphausiacea","Euphausiidae","Euphausia","Euphausia pacifica",49.455,-124.586
"6136333332","5e618452-d449-4290-a29c-6564b5fb3154","PBS2014028005701:15","Animalia","Arthropoda","Malacostraca","Euphausiacea","Euphausiidae","Euphausia","Euphausia pacifica",49.455,-124.585
"6136333331","5e618452-d449-4290-a29c-6564b5fb3154","PBS2014028005701:14","Animalia","Arthropoda","Malacostraca","Euphausiacea","Euphausiidae","Euphausia","Euphausia pacifica",49.455,-124.585
"6136333330","5e618452-d449-4290-a29c-6564b5fb3154","PBS2014028005701:13","Animalia","Arthropoda","Malacostraca","Euphausiacea","Euphausiidae","Euphausia","Euphausia pacifica",49.455,-124.585
"6136333323","5e618452-d449-4290-a29c-6564b5fb3154","PBS2014028005701:16","Animalia","Arthropoda","Malacostraca","Euphausiacea","Euphausiidae","Euphausia","Euphausia pacifica",49.455,-124.585
"6136332252","5e618452-d449-4290-a29c-6564b5fb3154","PBS1997065000101:11","Animalia","Arthropoda","Malacostraca","Euphausiacea","Euphausiidae","Euphausia","Euphausia pacifica",49.25,-123.75
"6136332168","5e618452-d449-4290-a29c-6564b5fb3154","HAK2016096000901:11","Animalia","Arthropoda","Malacostraca","Euphausiacea","Euphausiidae","Euphausia","Euphausia pacifica",50.031,-125.099
"6136332019","5e618452-d449-4290-a29c-6564b5fb3154","PBS2009041000501:27","Animalia","Arthropoda","Malacostraca","Euphausiacea","Euphausiidae","Euphausia","Euphausia pacifica",49.213,-123.34
"6136332016","5e618452-d449-4290-a29c-6564b5fb3154","PBS2009041000501:26","Animalia","Arthropoda","Malacostraca","Euphausiacea","Euphausiidae","Euphausia","Euphausia pacifica",49.213,-123.34
"6136332015","5e618452-d449-4290-a29c-6564b5fb3154","PBS2009041000501:25","Animalia","Arthropoda","Malacostraca","Euphausiacea","Euphausiidae","Euphausia","Euphausia pacifica",49.213,-123.34
"6136332013","5e618452-d449-4290-a29c-6564b5fb3154","PBS2009041000501:24","Animalia","Arthropoda","Malacostraca","Euphausiacea","Euphausiidae","Euphausia","Euphausia pacifica",49.213,-123.34
"6136331941","5e618452-d449-4290-a29c-6564b5fb3154","IOS2016056003201:29","Animalia","Arthropoda","Malacostraca","Euphausiacea","Euphausiidae","Euphausia","Euphausia pacifica",49.471,-124.509
"6136331692","5e618452-d449-4290-a29c-6564b5fb3154","PBS2008014001401:22","Animalia","Arthropoda","Malacostraca","Euphausiacea","Euphausiidae","Euphausia","Euphausia pacifica",49.014,-123.279
"6136331690","5e618452-d449-4290-a29c-6564b5fb3154","PBS2008014001401:21","Animalia","Arthropoda","Malacostraca","Euphausiacea","Euphausiidae","Euphausia","Euphausia pacifica",49.014,-123.279
"6136331686","5e618452-d449-4290-a29c-6564b5fb3154","PBS2008014001401:20","Animalia","Arthropoda","Malacostraca","Euphausiacea","Euphausiidae","Euphausia","Euphausia pacifica",49.014,-123.279
"6136331394","5e618452-d449-4290-a29c-6564b5fb3154","IOS2018039017801:25","Animalia","Arthropoda","Malacostraca","Euphausiacea","Euphausiidae","Euphausia","Euphausia pacifica",49.256,-123.751
"6136331392","5e618452-d449-4290-a29c-6564b5fb3154","IOS2018039017801:24","Animalia","Arthropoda","Malacostraca","Euphausiacea","Euphausiidae","Euphausia","Euphausia pacifica",49.256,-123.751
"6136331384","5e618452-d449-4290-a29c-6564b5fb3154","IOS2018039017801:23","Animalia","Arthropoda","Malacostraca","Euphausiacea","Euphausiidae","Euphausia","Euphausia pacifica",49.256,-123.751
"6136330155","5e618452-d449-4290-a29c-6564b5fb3154","IOS2017049001201:27","Animalia","Arthropoda","Malacostraca","Euphausiacea","Euphausiidae","Euphausia","Euphausia pacifica",49.672,-124.273
"6136330152","5e618452-d449-4290-a29c-6564b5fb3154","IOS2017049001201:26","Animalia","Arthropoda","Malacostraca","Euphausiacea","Euphausiidae","Euphausia","Euphausia pacifica",49.672,-124.273
"6136330148","5e618452-d449-4290-a29c-6564b5fb3154","IOS2017049001201:29","Animalia","Arthropoda","Malacostraca","Euphausiacea","Euphausiidae","Euphausia","Euphausia pacifica",49.672,-124.273
"6136330144","5e618452-d449-4290-a29c-6564b5fb3154","IOS2017049001201:28","Animalia","Arthropoda","Malacostraca","Euphausiacea","Euphausiidae","Euphausia","Euphausia pacifica",49.672,-124.273
"6136330135","5e618452-d449-4290-a29c-6564b5fb3154","IOS2017049001201:25","Animalia","Arthropoda","Malacostraca","Euphausiacea","Euphausiidae","Euphausia","Euphausia pacifica",49.672,-124.273
"6136330095","5e618452-d449-4290-a29c-6564b5fb3154","HAK2017097006901:12","Animalia","Arthropoda","Malacostraca","Euphausiacea","Euphausiidae","Euphausia","Euphausia pacifica",50.031,-125.099
"6136330050","5e618452-d449-4290-a29c-6564b5fb3154","IOS2008001007601:12","Animalia","Arthropoda","Malacostraca","Euphausiacea","Euphausiidae","Euphausia","Euphausia pacifica",49.25,-123.75
"6136330039","5e618452-d449-4290-a29c-6564b5fb3154","IOS2008001007601:13","Animalia","Arthropoda","Malacostraca","Euphausiacea","Euphausiidae","Euphausia","Euphausia pacifica",49.25,-123.75
"6136329914","5e618452-d449-4290-a29c-6564b5fb3154","IOS2018039016501:35","Animalia","Arthropoda","Malacostraca","Euphausiacea","Euphausiidae","Euphausia","Euphausia pacifica",49.467,-124.499
"6136329913","5e618452-d449-4290-a29c-6564b5fb3154","IOS2018039016501:34","Animalia","Arthropoda","Malacostraca","Euphausiacea","Euphausiidae","Euphausia","Euphausia pacifica",49.467,-124.499
"6136329911","5e618452-d449-4290-a29c-6564b5fb3154","IOS2018039016501:33","Animalia","Arthropoda","Malacostraca","Euphausiacea","Euphausiidae","Euphausia","Euphausia pacifica",49.467,-124.499
"6136329910","5e618452-d449-4290-a29c-6564b5fb3154","IOS2018039016501:32","Animalia","Arthropoda","Malacostraca","Euphausiacea","Euphausiidae","Euphausia","Euphausia pacifica",49.467,-124.499
"6136329855","5e618452-d449-4290-a29c-6564b5fb3154","IOS2017009021901:26","Animalia","Arthropoda","Malacostraca","Euphausiacea","Euphausiidae","Euphausia","Euphausia pacifica",49.247,-123.745
"6136329849","5e618452-d449-4290-a29c-6564b5fb3154","IOS2017009021901:27","Animalia","Arthropoda","Malacostraca","Euphausiacea","Euphausiidae","Euphausia","Euphausia pacifica",49.247,-123.745
"6136329806","5e618452-d449-4290-a29c-6564b5fb3154","IOS2014050003001:18","Animalia","Arthropoda","Malacostraca","Euphausiacea","Euphausiidae","Euphausia","Euphausia pacifica",49.727,-124.681
"6136329805","5e618452-d449-4290-a29c-6564b5fb3154","IOS2014050003001:17","Animalia","Arthropoda","Malacostraca","Euphausiacea","Euphausiidae","Euphausia","Euphausia pacifica",49.727,-124.681
"6136329804","5e618452-d449-4290-a29c-6564b5fb3154","IOS2014050003001:16","Animalia","Arthropoda","Malacostraca","Euphausiacea","Euphausiidae","Euphausia","Euphausia pacifica",49.727,-124.681
"6136329716","5e618452-d449-4290-a29c-6564b5fb3154","IOS2017009021201:21","Animalia","Arthropoda","Malacostraca","Euphausiacea","Euphausiidae","Euphausia","Euphausia pacifica",49.67,-124.273
"6136329715","5e618452-d449-4290-a29c-6564b5fb3154","IOS2017009021201:20","Animalia","Arthropoda","Malacostraca","Euphausiacea","Euphausiidae","Euphausia","Euphausia pacifica",49.67,-124.273
"6136329713","5e618452-d449-4290-a29c-6564b5fb3154","IOS2017009021201:22","Animalia","Arthropoda","Malacostraca","Euphausiacea","Euphausiidae","Euphausia","Euphausia pacifica",49.67,-124.273
"6136329551","5e618452-d449-4290-a29c-6564b5fb3154","PBS2009046002401:13","Animalia","Arthropoda","Malacostraca","Euphausiacea","Euphausiidae","Euphausia","Euphausia pacifica",49.73,-124.348
"6136329548","5e618452-d449-4290-a29c-6564b5fb3154","PBS2009046002401:12","Animalia","Arthropoda","Malacostraca","Euphausiacea","Euphausiidae","Euphausia","Euphausia pacifica",49.73,-124.348
"6136329447","5e618452-d449-4290-a29c-6564b5fb3154","IOS2016056005101:19","Animalia","Arthropoda","Malacostraca","Euphausiacea","Euphausiidae","Euphausia","Euphausia pacifica",49.669,-124.272
"6136329433","5e618452-d449-4290-a29c-6564b5fb3154","IOS2016056005101:21","Animalia","Arthropoda","Malacostraca","Euphausiacea","Euphausiidae","Euphausia","Euphausia pacifica",49.669,-124.272
"6136329429","5e618452-d449-4290-a29c-6564b5fb3154","IOS2016056005101:20","Animalia","Arthropoda","Malacostraca","Euphausiacea","Euphausiidae","Euphausia","Euphausia pacifica",49.669,-124.272
"6136328276","5e618452-d449-4290-a29c-6564b5fb3154","IOS2016010001601:21","Animalia","Arthropoda","Malacostraca","Euphausiacea","Euphausiidae","Euphausia","Euphausia pacifica",49.883,-124.994
"6136328275","5e618452-d449-4290-a29c-6564b5fb3154","IOS2016010001601:20","Animalia","Arthropoda","Malacostraca","Euphausiacea","Euphausiidae","Euphausia","Euphausia pacifica",49.883,-124.994
"6136328274","5e618452-d449-4290-a29c-6564b5fb3154","IOS2016010001601:19","Animalia","Arthropoda","Malacostraca","Euphausiacea","Euphausiidae","Euphausia","Euphausia pacifica",49.883,-124.994
"6136328053","5e618452-d449-4290-a29c-6564b5fb3154","PBS2010003006101:13","Animalia","Arthropoda","Malacostraca","Euphausiacea","Euphausiidae","Euphausia","Euphausia pacifica",49.472,-124.026
"6136328043","5e618452-d449-4290-a29c-6564b5fb3154","PBS2010003006101:15","Animalia","Arthropoda","Malacostraca","Euphausiacea","Euphausiidae","Euphausia","Euphausia pacifica",49.472,-124.026
"6136328041","5e618452-d449-4290-a29c-6564b5fb3154","PBS2010003006101:14","Animalia","Arthropoda","Malacostraca","Euphausiacea","Euphausiidae","Euphausia","Euphausia pacifica",49.472,-124.026
"6136328033","5e618452-d449-4290-a29c-6564b5fb3154","IOS2015022012701:28","Animalia","Arthropoda","Malacostraca","Euphausiacea","Euphausiidae","Euphausia","Euphausia pacifica",49.2,-123.44
"6136328030","5e618452-d449-4290-a29c-6564b5fb3154","IOS2015022012701:27","Animalia","Arthropoda","Malacostraca","Euphausiacea","Euphausiidae","Euphausia","Euphausia pacifica",49.2,-123.44
"6136328028","5e618452-d449-4290-a29c-6564b5fb3154","IOS2015022012701:26","Animalia","Arthropoda","Malacostraca","Euphausiacea","Euphausiidae","Euphausia","Euphausia pacifica",49.2,-123.44
"6136327988","5e618452-d449-4290-a29c-6564b5fb3154","IOS2015022012001:28","Animalia","Arthropoda","Malacostraca","Euphausiacea","Euphausiidae","Euphausia","Euphausia pacifica",49.67,-124.274
"6136327985","5e618452-d449-4290-a29c-6564b5fb3154","IOS2015022012001:29","Animalia","Arthropoda","Malacostraca","Euphausiacea","Euphausiidae","Euphausia","Euphausia pacifica",49.67,-124.274
"6136327965","5e618452-d449-4290-a29c-6564b5fb3154","IOS2015022012001:31","Animalia","Arthropoda","Malacostraca","Euphausiacea","Euphausiidae","Euphausia","Euphausia pacifica",49.67,-124.274
"6136327964","5e618452-d449-4290-a29c-6564b5fb3154","IOS2015022012001:30","Animalia","Arthropoda","Malacostraca","Euphausiacea","Euphausiidae","Euphausia","Euphausia pacifica",49.67,-124.274
"6136327912","5e618452-d449-4290-a29c-6564b5fb3154","PBS2014016022901:9","Animalia","Arthropoda","Malacostraca","Euphausiacea","Euphausiidae","Euphausia","Euphausia pacifica",49.504,-124.436
"6136327909","5e618452-d449-4290-a29c-6564b5fb3154","PBS2014016022901:8","Animalia","Arthropoda","Malacostraca","Euphausiacea","Euphausiidae","Euphausia","Euphausia pacifica",49.504,-124.436
"6136327782","5e618452-d449-4290-a29c-6564b5fb3154","IOS2016010004801:19","Animalia","Arthropoda","Malacostraca","Euphausiacea","Euphausiidae","Euphausia","Euphausia pacifica",49.251,-123.743
"6136327500","5e618452-d449-4290-a29c-6564b5fb3154","IOS2016047018101:39","Animalia","Arthropoda","Malacostraca","Euphausiacea","Euphausiidae","Euphausia","Euphausia pacifica",49.467,-124.499
"6136327499","5e618452-d449-4290-a29c-6564b5fb3154","IOS2016047018101:38","Animalia","Arthropoda","Malacostraca","Euphausiacea","Euphausiidae","Euphausia","Euphausia pacifica",49.467,-124.499
"6136327498","5e618452-d449-4290-a29c-6564b5fb3154","IOS2016047018101:37","Animalia","Arthropoda","Malacostraca","Euphausiacea","Euphausiidae","Euphausia","Euphausia pacifica",49.467,-124.499
"6136327494","5e618452-d449-4290-a29c-6564b5fb3154","IOS2016047018101:40","Animalia","Arthropoda","Malacostraca","Euphausiacea","Euphausiidae","Euphausia","Euphausia pacifica",49.467,-124.499
"6136326136","5e618452-d449-4290-a29c-6564b5fb3154","IOS2001027003901:13","Animalia","Arthropoda","Malacostraca","Euphausiacea","Euphausiidae","Euphausia","Euphausia pacifica",49.464,-124.502
"6136325963","5e618452-d449-4290-a29c-6564b5fb3154","PBS2009046006201:15","Animalia","Arthropoda","Malacostraca","Euphausiacea","Euphausiidae","Euphausia","Euphausia pacifica",49.215,-123.33
"6136325923","5e618452-d449-4290-a29c-6564b5fb3154","IOS2016009008901:33","Animalia","Arthropoda","Malacostraca","Euphausiacea","Euphausiidae","Euphausia","Euphausia pacifica",49.364,-124.077
"6136325917","5e618452-d449-4290-a29c-6564b5fb3154","IOS2016009008901:35","Animalia","Arthropoda","Malacostraca","Euphausiacea","Euphausiidae","Euphausia","Euphausia pacifica",49.364,-124.077
"6136325916","5e618452-d449-4290-a29c-6564b5fb3154","IOS2016009008901:34","Animalia","Arthropoda","Malacostraca","Euphausiacea","Euphausiidae","Euphausia","Euphausia pacifica",49.364,-124.077
"6136325864","5e618452-d449-4290-a29c-6564b5fb3154","PBS2013043005701:8","Animalia","Arthropoda","Malacostraca","Euphausiacea","Euphausiidae","Euphausia","Euphausia pacifica",49.484,-124.569
"6136325862","5e618452-d449-4290-a29c-6564b5fb3154","PBS2013043005701:9","Animalia","Arthropoda","Malacostraca","Euphausiacea","Euphausiidae","Euphausia","Euphausia pacifica",49.484,-124.569
"6136325746","5e618452-d449-4290-a29c-6564b5fb3154","IOS2012025014201:26","Animalia","Arthropoda","Malacostraca","Euphausiacea","Euphausiidae","Euphausia","Euphausia pacifica",49.25,-123.751
"6136325745","5e618452-d449-4290-a29c-6564b5fb3154","IOS2012025014201:25","Animalia","Arthropoda","Malacostraca","Euphausiacea","Euphausiidae","Euphausia","Euphausia pacifica",49.25,-123.751
"6136325737","5e618452-d449-4290-a29c-6564b5fb3154","IOS2012025014201:29","Animalia","Arthropoda","Malacostraca","Euphausiacea","Euphausiidae","Euphausia","Euphausia pacifica",49.25,-123.751
"6136325736","5e618452-d449-4290-a29c-6564b5fb3154","IOS2012025014201:28","Animalia","Arthropoda","Malacostraca","Euphausiacea","Euphausiidae","Euphausia","Euphausia pacifica",49.25,-123.751
"6136325733","5e618452-d449-4290-a29c-6564b5fb3154","IOS2012025014201:27","Animalia","Arthropoda","Malacostraca","Euphausiacea","Euphausiidae","Euphausia","Euphausia pacifica",49.25,-123.751
"6136325705","5e618452-d449-4290-a29c-6564b5fb3154","IOS2017005018101:35","Animalia","Arthropoda","Malacostraca","Euphausiacea","Euphausiidae","Euphausia","Euphausia pacifica",49.2,-123.442
"6136325704","5e618452-d449-4290-a29c-6564b5fb3154","IOS2017005018101:34","Animalia","Arthropoda","Malacostraca","Euphausiacea","Euphausiidae","Euphausia","Euphausia pacifica",49.2,-123.442
"6136325699","5e618452-d449-4290-a29c-6564b5fb3154","IOS2017005018101:33","Animalia","Arthropoda","Malacostraca","Euphausiacea","Euphausiidae","Euphausia","Euphausia pacifica",49.2,-123.442
"6136325698","5e618452-d449-4290-a29c-6564b5fb3154","IOS2017005018101:32","Animalia","Arthropoda","Malacostraca","Euphausiacea","Euphausiidae","Euphausia","Euphausia pacifica",49.2,-123.442
"6136325667","5e618452-d449-4290-a29c-6564b5fb3154","IOS2012025014201:30","Animalia","Arthropoda","Malacostraca","Euphausiacea","Euphausiidae","Euphausia","Euphausia pacifica",49.25,-123.751
"6136325623","5e618452-d449-4290-a29c-6564b5fb3154","PBS2008014034401:25","Animalia","Arthropoda","Malacostraca","Euphausiacea","Euphausiidae","Euphausia","Euphausia pacifica",49.815,-124.714
"6136325622","5e618452-d449-4290-a29c-6564b5fb3154","PBS2008014034401:24","Animalia","Arthropoda","Malacostraca","Euphausiacea","Euphausiidae","Euphausia","Euphausia pacifica",49.815,-124.714
"6136325617","5e618452-d449-4290-a29c-6564b5fb3154","PBS2008014034401:23","Animalia","Arthropoda","Malacostraca","Euphausiacea","Euphausiidae","Euphausia","Euphausia pacifica",49.815,-124.714
"6136325616","5e618452-d449-4290-a29c-6564b5fb3154","PBS2008014034401:22","Animalia","Arthropoda","Malacostraca","Euphausiacea","Euphausiidae","Euphausia","Euphausia pacifica",49.815,-124.714
"6136325557","5e618452-d449-4290-a29c-6564b5fb3154","IOS2016009017301:19","Animalia","Arthropoda","Malacostraca","Euphausiacea","Euphausiidae","Euphausia","Euphausia pacifica",49.144,-123.612
"6136325295","5e618452-d449-4290-a29c-6564b5fb3154","PBS1996051000201:15","Animalia","Arthropoda","Malacostraca","Euphausiacea","Euphausiidae","Euphausia","Euphausia pacifica",49.25,-123.748
"6136325292","5e618452-d449-4290-a29c-6564b5fb3154","PBS1996051000201:17","Animalia","Arthropoda","Malacostraca","Euphausiacea","Euphausiidae","Euphausia","Euphausia pacifica",49.25,-123.748
"6136325290","5e618452-d449-4290-a29c-6564b5fb3154","PBS1996051000201:16","Animalia","Arthropoda","Malacostraca","Euphausiacea","Euphausiidae","Euphausia","Euphausia pacifica",49.25,-123.748
"6136325277","5e618452-d449-4290-a29c-6564b5fb3154","IOS2016009017301:21","Animalia","Arthropoda","Malacostraca","Euphausiacea","Euphausiidae","Euphausia","Euphausia pacifica",49.144,-123.612
"6136325275","5e618452-d449-4290-a29c-6564b5fb3154","IOS2016009017301:20","Animalia","Arthropoda","Malacostraca","Euphausiacea","Euphausiidae","Euphausia","Euphausia pacifica",49.144,-123.612
"6136325128","5e618452-d449-4290-a29c-6564b5fb3154","IOS2012006004506:20","Animalia","Arthropoda","Malacostraca","Euphausiacea","Euphausiidae","Euphausia","Euphausia pacifica",49.034,-123.439
"6136325119","5e618452-d449-4290-a29c-6564b5fb3154","IOS2012006004506:19","Animalia","Arthropoda","Malacostraca","Euphausiacea","Euphausiidae","Euphausia","Euphausia pacifica",49.034,-123.439
"6136325090","5e618452-d449-4290-a29c-6564b5fb3154","IOS2016003000201:16","Animalia","Arthropoda","Malacostraca","Euphausiacea","Euphausiidae","Euphausia","Euphausia pacifica",49.25,-123.747
"6136325089","5e618452-d449-4290-a29c-6564b5fb3154","IOS2016003000201:15","Animalia","Arthropoda","Malacostraca","Euphausiacea","Euphausiidae","Euphausia","Euphausia pacifica",49.25,-123.747
"6136325087","5e618452-d449-4290-a29c-6564b5fb3154","IOS2016003000201:17","Animalia","Arthropoda","Malacostraca","Euphausiacea","Euphausiidae","Euphausia","Euphausia pacifica",49.25,-123.747
"6136325009","5e618452-d449-4290-a29c-6564b5fb3154","PBS2010003007301:13","Animalia","Arthropoda","Malacostraca","Euphausiacea","Euphausiidae","Euphausia","Euphausia pacifica",49.829,-124.766
"6136325008","5e618452-d449-4290-a29c-6564b5fb3154","PBS2010003007301:12","Animalia","Arthropoda","Malacostraca","Euphausiacea","Euphausiidae","Euphausia","Euphausia pacifica",49.829,-124.766
"6136325007","5e618452-d449-4290-a29c-6564b5fb3154","PBS2010003007301:11","Animalia","Arthropoda","Malacostraca","Euphausiacea","Euphausiidae","Euphausia","Euphausia pacifica",49.829,-124.766
"6136324839","5e618452-d449-4290-a29c-6564b5fb3154","IOS2016009005701:18","Animalia","Arthropoda","Malacostraca","Euphausiacea","Euphausiidae","Euphausia","Euphausia pacifica",49.401,-123.756
"6136324838","5e618452-d449-4290-a29c-6564b5fb3154","IOS2016009005701:17","Animalia","Arthropoda","Malacostraca","Euphausiacea","Euphausiidae","Euphausia","Euphausia pacifica",49.401,-123.756
"6136324664","5e618452-d449-4290-a29c-6564b5fb3154","IOS2015017009801:20","Animalia","Arthropoda","Malacostraca","Euphausiacea","Euphausiidae","Euphausia","Euphausia pacifica",49.669,-124.269
"6136324661","5e618452-d449-4290-a29c-6564b5fb3154","IOS2015017009801:22","Animalia","Arthropoda","Malacostraca","Euphausiacea","Euphausiidae","Euphausia","Euphausia pacifica",49.669,-124.269
"6136324660","5e618452-d449-4290-a29c-6564b5fb3154","IOS2015017009801:21","Animalia","Arthropoda","Malacostraca","Euphausiacea","Euphausiidae","Euphausia","Euphausia pacifica",49.669,-124.269
"6136324602","5e618452-d449-4290-a29c-6564b5fb3154","IOS2015020021201:26","Animalia","Arthropoda","Malacostraca","Euphausiacea","Euphausiidae","Euphausia","Euphausia pacifica",49.249,-123.75
"6136324601","5e618452-d449-4290-a29c-6564b5fb3154","IOS2015020021201:25","Animalia","Arthropoda","Malacostraca","Euphausiacea","Euphausiidae","Euphausia","Euphausia pacifica",49.249,-123.75
"6136324599","5e618452-d449-4290-a29c-6564b5fb3154","IOS2015020021201:24","Animalia","Arthropoda","Malacostraca","Euphausiacea","Euphausiidae","Euphausia","Euphausia pacifica",49.249,-123.75
"6136324457","5e618452-d449-4290-a29c-6564b5fb3154","UVI2005000001701:11","Animalia","Arthropoda","Malacostraca","Euphausiacea","Euphausiidae","Euphausia","Euphausia pacifica",49.25,-123.748
"6136324398","5e618452-d449-4290-a29c-6564b5fb3154","PSF2015098004101:14","Animalia","Arthropoda","Malacostraca","Euphausiacea","Euphausiidae","Euphausia","Euphausia pacifica",49.692,-124.667
"6136324397","5e618452-d449-4290-a29c-6564b5fb3154","PSF2015098004101:13","Animalia","Arthropoda","Malacostraca","Euphausiacea","Euphausiidae","Euphausia","Euphausia pacifica",49.692,-124.667
"6136324394","5e618452-d449-4290-a29c-6564b5fb3154","PSF2015098004101:12","Animalia","Arthropoda","Malacostraca","Euphausiacea","Euphausiidae","Euphausia","Euphausia pacifica",49.692,-124.667
"6136324365","5e618452-d449-4290-a29c-6564b5fb3154","IOS2015018006901:30","Animalia","Arthropoda","Malacostraca","Euphausiacea","Euphausiidae","Euphausia","Euphausia pacifica",49.366,-124.086
"6136324360","5e618452-d449-4290-a29c-6564b5fb3154","IOS2015018006901:32","Animalia","Arthropoda","Malacostraca","Euphausiacea","Euphausiidae","Euphausia","Euphausia pacifica",49.366,-124.086
"6136324357","5e618452-d449-4290-a29c-6564b5fb3154","IOS2015018006901:31","Animalia","Arthropoda","Malacostraca","Euphausiacea","Euphausiidae","Euphausia","Euphausia pacifica",49.366,-124.086
"6136324308","5e618452-d449-4290-a29c-6564b5fb3154","IOS2016005009801:36","Animalia","Arthropoda","Malacostraca","Euphausiacea","Euphausiidae","Euphausia","Euphausia pacifica",49.67,-124.271
"6136323278","5e618452-d449-4290-a29c-6564b5fb3154","IOS2016005009801:35","Animalia","Arthropoda","Malacostraca","Euphausiacea","Euphausiidae","Euphausia","Euphausia pacifica",49.67,-124.271
"6136323238","5e618452-d449-4290-a29c-6564b5fb3154","IOS2015019005101:12","Animalia","Arthropoda","Malacostraca","Euphausiacea","Euphausiidae","Euphausia","Euphausia pacifica",49.199,-123.44
"6136323237","5e618452-d449-4290-a29c-6564b5fb3154","IOS2015019005101:11","Animalia","Arthropoda","Malacostraca","Euphausiacea","Euphausiidae","Euphausia","Euphausia pacifica",49.199,-123.44
"6136323094","5e618452-d449-4290-a29c-6564b5fb3154","PBS2016045006601:25","Animalia","Arthropoda","Malacostraca","Euphausiacea","Euphausiidae","Euphausia","Euphausia pacifica",49.509,-124.493
"6136323093","5e618452-d449-4290-a29c-6564b5fb3154","PBS2016045006601:24","Animalia","Arthropoda","Malacostraca","Euphausiacea","Euphausiidae","Euphausia","Euphausia pacifica",49.509,-124.493
"6136323018","5e618452-d449-4290-a29c-6564b5fb3154","UVI2004000001601:14","Animalia","Arthropoda","Malacostraca","Euphausiacea","Euphausiidae","Euphausia","Euphausia pacifica",49.25,-123.748
"6136323014","5e618452-d449-4290-a29c-6564b5fb3154","UVI2004000001601:16","Animalia","Arthropoda","Malacostraca","Euphausiacea","Euphausiidae","Euphausia","Euphausia pacifica",49.25,-123.748
"6136323012","5e618452-d449-4290-a29c-6564b5fb3154","PSF2015098000901:16","Animalia","Arthropoda","Malacostraca","Euphausiacea","Euphausiidae","Euphausia","Euphausia pacifica",49.485,-124.605
"6136323011","5e618452-d449-4290-a29c-6564b5fb3154","UVI2004000001601:15","Animalia","Arthropoda","Malacostraca","Euphausiacea","Euphausiidae","Euphausia","Euphausia pacifica",49.25,-123.748
"6136323003","5e618452-d449-4290-a29c-6564b5fb3154","PSF2015098000901:17","Animalia","Arthropoda","Malacostraca","Euphausiacea","Euphausiidae","Euphausia","Euphausia pacifica",49.485,-124.605
"6136322941","5e618452-d449-4290-a29c-6564b5fb3154","PBS1997060000201:21","Animalia","Arthropoda","Malacostraca","Euphausiacea","Euphausiidae","Euphausia","Euphausia pacifica",49.25,-123.75
"6136322940","5e618452-d449-4290-a29c-6564b5fb3154","PBS1997060000201:20","Animalia","Arthropoda","Malacostraca","Euphausiacea","Euphausiidae","Euphausia","Euphausia pacifica",49.25,-123.75
"6136322845","5e618452-d449-4290-a29c-6564b5fb3154","IOS2018029009201:28","Animalia","Arthropoda","Malacostraca","Euphausiacea","Euphausiidae","Euphausia","Euphausia pacifica",49.727,-124.68
"6136322843","5e618452-d449-4290-a29c-6564b5fb3154","IOS2018029009201:27","Animalia","Arthropoda","Malacostraca","Euphausiacea","Euphausiidae","Euphausia","Euphausia pacifica",49.727,-124.68
"6136322840","5e618452-d449-4290-a29c-6564b5fb3154","IOS2018029009201:29","Animalia","Arthropoda","Malacostraca","Euphausiacea","Euphausiidae","Euphausia","Euphausia pacifica",49.727,-124.68
"6136322807","5e618452-d449-4290-a29c-6564b5fb3154","PBS2008014033901:25","Animalia","Arthropoda","Malacostraca","Euphausiacea","Euphausiidae","Euphausia","Euphausia pacifica",49.901,-124.941
"6136322806","5e618452-d449-4290-a29c-6564b5fb3154","PBS2008014033901:24","Animalia","Arthropoda","Malacostraca","Euphausiacea","Euphausiidae","Euphausia","Euphausia pacifica",49.901,-124.941
"6136322800","5e618452-d449-4290-a29c-6564b5fb3154","PBS2008014033901:28","Animalia","Arthropoda","Malacostraca","Euphausiacea","Euphausiidae","Euphausia","Euphausia pacifica",49.901,-124.941
"6136322798","5e618452-d449-4290-a29c-6564b5fb3154","PBS2008014033901:27","Animalia","Arthropoda","Malacostraca","Euphausiacea","Euphausiidae","Euphausia","Euphausia pacifica",49.901,-124.941
"6136322796","5e618452-d449-4290-a29c-6564b5fb3154","PBS2008014033901:26","Animalia","Arthropoda","Malacostraca","Euphausiacea","Euphausiidae","Euphausia","Euphausia pacifica",49.901,-124.941
"6136322783","5e618452-d449-4290-a29c-6564b5fb3154","IOS2018029009201:26","Animalia","Arthropoda","Malacostraca","Euphausiacea","Euphausiidae","Euphausia","Euphausia pacifica",49.727,-124.68
"6136322728","5e618452-d449-4290-a29c-6564b5fb3154","IOS2010012015801:24","Animalia","Arthropoda","Malacostraca","Euphausiacea","Euphausiidae","Euphausia","Euphausia pacifica",49.249,-123.75
"6136322725","5e618452-d449-4290-a29c-6564b5fb3154","IOS2010012015801:23","Animalia","Arthropoda","Malacostraca","Euphausiacea","Euphausiidae","Euphausia","Euphausia pacifica",49.249,-123.75
"6136322665","5e618452-d449-4290-a29c-6564b5fb3154","IOS2015099000301:15","Animalia","Arthropoda","Malacostraca","Euphausiacea","Euphausiidae","Euphausia","Euphausia pacifica",49.705,-124.718
"6136322663","5e618452-d449-4290-a29c-6564b5fb3154","IOS2015099000301:14","Animalia","Arthropoda","Malacostraca","Euphausiacea","Euphausiidae","Euphausia","Euphausia pacifica",49.705,-124.718
"6136322521","5e618452-d449-4290-a29c-6564b5fb3154","IOS2016071007501:15","Animalia","Arthropoda","Malacostraca","Euphausiacea","Euphausiidae","Euphausia","Euphausia pacifica",49.367,-124.086
"6136322519","5e618452-d449-4290-a29c-6564b5fb3154","IOS2016071007501:17","Animalia","Arthropoda","Malacostraca","Euphausiacea","Euphausiidae","Euphausia","Euphausia pacifica",49.367,-124.086
"6136322518","5e618452-d449-4290-a29c-6564b5fb3154","IOS2016071007501:16","Animalia","Arthropoda","Malacostraca","Euphausiacea","Euphausiidae","Euphausia","Euphausia pacifica",49.367,-124.086
"6136322457","5e618452-d449-4290-a29c-6564b5fb3154","PBS2008014000701:26","Animalia","Arthropoda","Malacostraca","Euphausiacea","Euphausiidae","Euphausia","Euphausia pacifica",49.119,-123.35
"6136322456","5e618452-d449-4290-a29c-6564b5fb3154","PBS2008014000701:25","Animalia","Arthropoda","Malacostraca","Euphausiacea","Euphausiidae","Euphausia","Euphausia pacifica",49.119,-123.35
"6136322455","5e618452-d449-4290-a29c-6564b5fb3154","PBS2008014000701:24","Animalia","Arthropoda","Malacostraca","Euphausiacea","Euphausiidae","Euphausia","Euphausia pacifica",49.119,-123.35
"6136321147","5e618452-d449-4290-a29c-6564b5fb3154","IOS2015020019801:29","Animalia","Arthropoda","Malacostraca","Euphausiacea","Euphausiidae","Euphausia","Euphausia pacifica",49.884,-124.997
"6136321136","5e618452-d449-4290-a29c-6564b5fb3154","IOS2015020019801:30","Animalia","Arthropoda","Malacostraca","Euphausiacea","Euphausiidae","Euphausia","Euphausia pacifica",49.884,-124.997
"6136321133","5e618452-d449-4290-a29c-6564b5fb3154","IOS2015020019801:32","Animalia","Arthropoda","Malacostraca","Euphausiacea","Euphausiidae","Euphausia","Euphausia pacifica",49.884,-124.997
"6136321131","5e618452-d449-4290-a29c-6564b5fb3154","IOS2015020019801:31","Animalia","Arthropoda","Malacostraca","Euphausiacea","Euphausiidae","Euphausia","Euphausia pacifica",49.884,-124.997
"6136321130","5e618452-d449-4290-a29c-6564b5fb3154","IOS2015020019801:34","Animalia","Arthropoda","Malacostraca","Euphausiacea","Euphausiidae","Euphausia","Euphausia pacifica",49.884,-124.997
"6136321129","5e618452-d449-4290-a29c-6564b5fb3154","IOS2015020019801:33","Animalia","Arthropoda","Malacostraca","Euphausiacea","Euphausiidae","Euphausia","Euphausia pacifica",49.884,-124.997
"6136321128","5e618452-d449-4290-a29c-6564b5fb3154","IOS2016062019901:14","Animalia","Arthropoda","Malacostraca","Euphausiacea","Euphausiidae","Euphausia","Euphausia pacifica",49.401,-123.753
"6136321126","5e618452-d449-4290-a29c-6564b5fb3154","IOS2016062019901:13","Animalia","Arthropoda","Malacostraca","Euphausiacea","Euphausiidae","Euphausia","Euphausia pacifica",49.401,-123.753
"6136321123","5e618452-d449-4290-a29c-6564b5fb3154","IOS2016062019901:12","Animalia","Arthropoda","Malacostraca","Euphausiacea","Euphausiidae","Euphausia","Euphausia pacifica",49.401,-123.753
"6136321122","5e618452-d449-4290-a29c-6564b5fb3154","IOS2016062019901:11","Animalia","Arthropoda","Malacostraca","Euphausiacea","Euphausiidae","Euphausia","Euphausia pacifica",49.401,-123.753
"6136321115","5e618452-d449-4290-a29c-6564b5fb3154","IOS2016062019901:15","Animalia","Arthropoda","Malacostraca","Euphausiacea","Euphausiidae","Euphausia","Euphausia pacifica",49.401,-123.753
"6136321031","5e618452-d449-4290-a29c-6564b5fb3154","IOS2016062019201:20","Animalia","Arthropoda","Malacostraca","Euphausiacea","Euphausiidae","Euphausia","Euphausia pacifica",49.468,-124.501
"6136321029","5e618452-d449-4290-a29c-6564b5fb3154","IOS2016062019201:21","Animalia","Arthropoda","Malacostraca","Euphausiacea","Euphausiidae","Euphausia","Euphausia pacifica",49.468,-124.501
"6136321019","5e618452-d449-4290-a29c-6564b5fb3154","IOS2016062019201:17","Animalia","Arthropoda","Malacostraca","Euphausiacea","Euphausiidae","Euphausia","Euphausia pacifica",49.468,-124.501
"6136321017","5e618452-d449-4290-a29c-6564b5fb3154","IOS2016062019201:19","Animalia","Arthropoda","Malacostraca","Euphausiacea","Euphausiidae","Euphausia","Euphausia pacifica",49.468,-124.501
"6136321016","5e618452-d449-4290-a29c-6564b5fb3154","IOS2016062019201:18","Animalia","Arthropoda","Malacostraca","Euphausiacea","Euphausiidae","Euphausia","Euphausia pacifica",49.468,-124.501
"6136320913","5e618452-d449-4290-a29c-6564b5fb3154","IOS2003037000801:15","Animalia","Arthropoda","Malacostraca","Euphausiacea","Euphausiidae","Euphausia","Euphausia pacifica",49.463,-124.495
"6136320912","5e618452-d449-4290-a29c-6564b5fb3154","IOS2003037000801:14","Animalia","Arthropoda","Malacostraca","Euphausiacea","Euphausiidae","Euphausia","Euphausia pacifica",49.463,-124.495
"6136320911","5e618452-d449-4290-a29c-6564b5fb3154","IOS2003037000801:13","Animalia","Arthropoda","Malacostraca","Euphausiacea","Euphausiidae","Euphausia","Euphausia pacifica",49.463,-124.495
"6136320842","5e618452-d449-4290-a29c-6564b5fb3154","IOS2016009010301:28","Animalia","Arthropoda","Malacostraca","Euphausiacea","Euphausiidae","Euphausia","Euphausia pacifica",49.402,-123.76
"6136320840","5e618452-d449-4290-a29c-6564b5fb3154","IOS2016009010301:27","Animalia","Arthropoda","Malacostraca","Euphausiacea","Euphausiidae","Euphausia","Euphausia pacifica",49.402,-123.76
"6136320837","5e618452-d449-4290-a29c-6564b5fb3154","IOS2016009010301:26","Animalia","Arthropoda","Malacostraca","Euphausiacea","Euphausiidae","Euphausia","Euphausia pacifica",49.402,-123.76
"6136320828","5e618452-d449-4290-a29c-6564b5fb3154","IOS2016009010301:25","Animalia","Arthropoda","Malacostraca","Euphausiacea","Euphausiidae","Euphausia","Euphausia pacifica",49.402,-123.76
"6136320792","5e618452-d449-4290-a29c-6564b5fb3154","IOS2017007011701:23","Animalia","Arthropoda","Malacostraca","Euphausiacea","Euphausiidae","Euphausia","Euphausia pacifica",49.667,-124.27
"6136320639","5e618452-d449-4290-a29c-6564b5fb3154","IOS2012005005301:29","Animalia","Arthropoda","Malacostraca","Euphausiacea","Euphausiidae","Euphausia","Euphausia pacifica",49.03,-123.441
"6136320573","5e618452-d449-4290-a29c-6564b5fb3154","IOS2015022006901:19","Animalia","Arthropoda","Malacostraca","Euphausiacea","Euphausiidae","Euphausia","Euphausia pacifica",49.053,-123.374
"6136320572","5e618452-d449-4290-a29c-6564b5fb3154","IOS2015022006901:18","Animalia","Arthropoda","Malacostraca","Euphausiacea","Euphausiidae","Euphausia","Euphausia pacifica",49.053,-123.374
"6136320499","5e618452-d449-4290-a29c-6564b5fb3154","IOS2015022006901:20","Animalia","Arthropoda","Malacostraca","Euphausiacea","Euphausiidae","Euphausia","Euphausia pacifica",49.053,-123.374
"6136320360","5e618452-d449-4290-a29c-6564b5fb3154","IOS2016003001501:21","Animalia","Arthropoda","Malacostraca","Euphausiacea","Euphausiidae","Euphausia","Euphausia pacifica",49.194,-123.441
"6136320354","5e618452-d449-4290-a29c-6564b5fb3154","IOS2016003001501:22","Animalia","Arthropoda","Malacostraca","Euphausiacea","Euphausiidae","Euphausia","Euphausia pacifica",49.194,-123.441
"6136319277","5e618452-d449-4290-a29c-6564b5fb3154","HAK2017097002501:26","Animalia","Arthropoda","Malacostraca","Euphausiacea","Euphausiidae","Euphausia","Euphausia pacifica",50.031,-125.099
"6136319276","5e618452-d449-4290-a29c-6564b5fb3154","HAK2017097002501:25","Animalia","Arthropoda","Malacostraca","Euphausiacea","Euphausiidae","Euphausia","Euphausia pacifica",50.031,-125.099
"6136319257","5e618452-d449-4290-a29c-6564b5fb3154","IOS2015022003001:23","Animalia","Arthropoda","Malacostraca","Euphausiacea","Euphausiidae","Euphausia","Euphausia pacifica",49.2,-123.441
"6136319097","5e618452-d449-4290-a29c-6564b5fb3154","IOS2017009019801:28","Animalia","Arthropoda","Malacostraca","Euphausiacea","Euphausiidae","Euphausia","Euphausia pacifica",49.885,-124.995
"6136318777","5e618452-d449-4290-a29c-6564b5fb3154","IOS2015022023001:26","Animalia","Arthropoda","Malacostraca","Euphausiacea","Euphausiidae","Euphausia","Euphausia pacifica",49.707,-124.722
"6136318775","5e618452-d449-4290-a29c-6564b5fb3154","IOS2015022023001:25","Animalia","Arthropoda","Malacostraca","Euphausiacea","Euphausiidae","Euphausia","Euphausia pacifica",49.707,-124.722
"6136317274","5e618452-d449-4290-a29c-6564b5fb3154","IOS2015022015801:25","Animalia","Arthropoda","Malacostraca","Euphausiacea","Euphausiidae","Euphausia","Euphausia pacifica",49.466,-124.499
"6136317266","5e618452-d449-4290-a29c-6564b5fb3154","IOS2015022015801:28","Animalia","Arthropoda","Malacostraca","Euphausiacea","Euphausiidae","Euphausia","Euphausia pacifica",49.466,-124.499
"6136317265","5e618452-d449-4290-a29c-6564b5fb3154","IOS2015022015801:27","Animalia","Arthropoda","Malacostraca","Euphausiacea","Euphausiidae","Euphausia","Euphausia pacifica",49.466,-124.499
"6136317264","5e618452-d449-4290-a29c-6564b5fb3154","IOS2015022015801:26","Animalia","Arthropoda","Malacostraca","Euphausiacea","Euphausiidae","Euphausia","Euphausia pacifica",49.466,-124.499
"6136317262","5e618452-d449-4290-a29c-6564b5fb3154","UBC9999099000201:22","Animalia","Arthropoda","Malacostraca","Euphausiacea","Euphausiidae","Euphausia","Euphausia pacifica",49.25,-123.667
"6136317184","5e618452-d449-4290-a29c-6564b5fb3154","IOS2015022022301:20","Animalia","Arthropoda","Malacostraca","Euphausiacea","Euphausiidae","Euphausia","Euphausia pacifica",49.403,-123.756
"6136317181","5e618452-d449-4290-a29c-6564b5fb3154","IOS2015022022301:22","Animalia","Arthropoda","Malacostraca","Euphausiacea","Euphausiidae","Euphausia","Euphausia pacifica",49.403,-123.756
"6136317178","5e618452-d449-4290-a29c-6564b5fb3154","IOS2015022022301:21","Animalia","Arthropoda","Malacostraca","Euphausiacea","Euphausiidae","Euphausia","Euphausia pacifica",49.403,-123.756
"6136317174","5e618452-d449-4290-a29c-6564b5fb3154","IOS2015022022301:23","Animalia","Arthropoda","Malacostraca","Euphausiacea","Euphausiidae","Euphausia","Euphausia pacifica",49.403,-123.756
"6136317132","5e618452-d449-4290-a29c-6564b5fb3154","IOS2016005006501:38","Animalia","Arthropoda","Malacostraca","Euphausiacea","Euphausiidae","Euphausia","Euphausia pacifica",49.506,-124.1
"6136317130","5e618452-d449-4290-a29c-6564b5fb3154","IOS2016005006501:37","Animalia","Arthropoda","Malacostraca","Euphausiacea","Euphausiidae","Euphausia","Euphausia pacifica",49.506,-124.1
"6136317127","5e618452-d449-4290-a29c-6564b5fb3154","IOS2016005006501:36","Animalia","Arthropoda","Malacostraca","Euphausiacea","Euphausiidae","Euphausia","Euphausia pacifica",49.506,-124.1
"6136317112","5e618452-d449-4290-a29c-6564b5fb3154","IOS2016005006501:35","Animalia","Arthropoda","Malacostraca","Euphausiacea","Euphausiidae","Euphausia","Euphausia pacifica",49.506,-124.1
"6136316952","5e618452-d449-4290-a29c-6564b5fb3154","IOS2016010005301:16","Animalia","Arthropoda","Malacostraca","Euphausiacea","Euphausiidae","Euphausia","Euphausia pacifica",49.2,-123.44
"6136316951","5e618452-d449-4290-a29c-6564b5fb3154","IOS2016010005301:15","Animalia","Arthropoda","Malacostraca","Euphausiacea","Euphausiidae","Euphausia","Euphausia pacifica",49.2,-123.44
"6136316901","5e618452-d449-4290-a29c-6564b5fb3154","IOS2014060002501:14","Animalia","Arthropoda","Malacostraca","Euphausiacea","Euphausiidae","Euphausia","Euphausia pacifica",49.67,-124.272
"6136316900","5e618452-d449-4290-a29c-6564b5fb3154","IOS2014060002501:13","Animalia","Arthropoda","Malacostraca","Euphausiacea","Euphausiidae","Euphausia","Euphausia pacifica",49.67,-124.272
"6136316883","5e618452-d449-4290-a29c-6564b5fb3154","IOS2016010005301:14","Animalia","Arthropoda","Malacostraca","Euphausiacea","Euphausiidae","Euphausia","Euphausia pacifica",49.2,-123.44
"6136316700","5e618452-d449-4290-a29c-6564b5fb3154","PBS2009001001101:13","Animalia","Arthropoda","Malacostraca","Euphausiacea","Euphausiidae","Euphausia","Euphausia pacifica",49.487,-124.548
"6136316697","5e618452-d449-4290-a29c-6564b5fb3154","PBS2009001001101:12","Animalia","Arthropoda","Malacostraca","Euphausiacea","Euphausiidae","Euphausia","Euphausia pacifica",49.487,-124.548
"6136316565","5e618452-d449-4290-a29c-6564b5fb3154","PBS2008015032001:11","Animalia","Arthropoda","Malacostraca","Euphausiacea","Euphausiidae","Euphausia","Euphausia pacifica",49.731,-124.402
"6136316548","5e618452-d449-4290-a29c-6564b5fb3154","PBS2008015032001:12","Animalia","Arthropoda","Malacostraca","Euphausiacea","Euphausiidae","Euphausia","Euphausia pacifica",49.731,-124.402
"6136316426","5e618452-d449-4290-a29c-6564b5fb3154","PBS2009001006201:17","Animalia","Arthropoda","Malacostraca","Euphausiacea","Euphausiidae","Euphausia","Euphausia pacifica",48.986,-123.35
"6136316425","5e618452-d449-4290-a29c-6564b5fb3154","PBS2009001006201:16","Animalia","Arthropoda","Malacostraca","Euphausiacea","Euphausiidae","Euphausia","Euphausia pacifica",48.986,-123.35
"6136315257","5e618452-d449-4290-a29c-6564b5fb3154","IOS2009040001701:16","Animalia","Arthropoda","Malacostraca","Euphausiacea","Euphausiidae","Euphausia","Euphausia pacifica",49.25,-123.75
"6136315250","5e618452-d449-4290-a29c-6564b5fb3154","IOS2016009000401:20","Animalia","Arthropoda","Malacostraca","Euphausiacea","Euphausiidae","Euphausia","Euphausia pacifica",49.466,-124.503
"6136315244","5e618452-d449-4290-a29c-6564b5fb3154","PBS2009041032301:20","Animalia","Arthropoda","Malacostraca","Euphausiacea","Euphausiidae","Euphausia","Euphausia pacifica",49.517,-124.462
"6136315229","5e618452-d449-4290-a29c-6564b5fb3154","PBS2009041032301:19","Animalia","Arthropoda","Malacostraca","Euphausiacea","Euphausiidae","Euphausia","Euphausia pacifica",49.517,-124.462
"6136315223","5e618452-d449-4290-a29c-6564b5fb3154","IOS2009040001701:15","Animalia","Arthropoda","Malacostraca","Euphausiacea","Euphausiidae","Euphausia","Euphausia pacifica",49.25,-123.75
"6136315221","5e618452-d449-4290-a29c-6564b5fb3154","IOS2009040001701:14","Animalia","Arthropoda","Malacostraca","Euphausiacea","Euphausiidae","Euphausia","Euphausia pacifica",49.25,-123.75
"6136315190","5e618452-d449-4290-a29c-6564b5fb3154","IOS2016009012901:36","Animalia","Arthropoda","Malacostraca","Euphausiacea","Euphausiidae","Euphausia","Euphausia pacifica",49.467,-124.501
"6136315188","5e618452-d449-4290-a29c-6564b5fb3154","IOS2016009012901:35","Animalia","Arthropoda","Malacostraca","Euphausiacea","Euphausiidae","Euphausia","Euphausia pacifica",49.467,-124.501
"6136315185","5e618452-d449-4290-a29c-6564b5fb3154","IOS2016009012901:37","Animalia","Arthropoda","Malacostraca","Euphausiacea","Euphausiidae","Euphausia","Euphausia pacifica",49.467,-124.501
"6136315024","5e618452-d449-4290-a29c-6564b5fb3154","IOS2016056003201:28","Animalia","Arthropoda","Malacostraca","Euphausiacea","Euphausiidae","Euphausia","Euphausia pacifica",49.471,-124.509
"6136315023","5e618452-d449-4290-a29c-6564b5fb3154","IOS2016056003201:27","Animalia","Arthropoda","Malacostraca","Euphausiacea","Euphausiidae","Euphausia","Euphausia pacifica",49.471,-124.509
"6136315022","5e618452-d449-4290-a29c-6564b5fb3154","IOS2016056003201:26","Animalia","Arthropoda","Malacostraca","Euphausiacea","Euphausiidae","Euphausia","Euphausia pacifica",49.471,-124.509
"6136314985","5e618452-d449-4290-a29c-6564b5fb3154","IOS2016009000401:19","Animalia","Arthropoda","Malacostraca","Euphausiacea","Euphausiidae","Euphausia","Euphausia pacifica",49.466,-124.503
"6136314807","5e618452-d449-4290-a29c-6564b5fb3154","IOS2015020020001A:29","Animalia","Arthropoda","Malacostraca","Euphausiacea","Euphausiidae","Euphausia","Euphausia pacifica",49.707,-124.723
"6136314776","5e618452-d449-4290-a29c-6564b5fb3154","IOS2015020020001A:32","Animalia","Arthropoda","Malacostraca","Euphausiacea","Euphausiidae","Euphausia","Euphausia pacifica",49.707,-124.723
"6136314774","5e618452-d449-4290-a29c-6564b5fb3154","IOS2015020020001A:31","Animalia","Arthropoda","Malacostraca","Euphausiacea","Euphausiidae","Euphausia","Euphausia pacifica",49.707,-124.723
"6136314771","5e618452-d449-4290-a29c-6564b5fb3154","IOS2015020020001A:30","Animalia","Arthropoda","Malacostraca","Euphausiacea","Euphausiidae","Euphausia","Euphausia pacifica",49.707,-124.723
"6136314744","5e618452-d449-4290-a29c-6564b5fb3154","PBS2014028009601:18","Animalia","Arthropoda","Malacostraca","Euphausiacea","Euphausiidae","Euphausia","Euphausia pacifica",49.509,-124.493
"6136314743","5e618452-d449-4290-a29c-6564b5fb3154","PBS2014028009601:17","Animalia","Arthropoda","Malacostraca","Euphausiacea","Euphausiidae","Euphausia","Euphausia pacifica",49.509,-124.493
"6136314737","5e618452-d449-4290-a29c-6564b5fb3154","PBS2014028009601:19","Animalia","Arthropoda","Malacostraca","Euphausiacea","Euphausiidae","Euphausia","Euphausia pacifica",49.509,-124.493
"6136314736","5e618452-d449-4290-a29c-6564b5fb3154","IOS2018030007601:22","Animalia","Arthropoda","Malacostraca","Euphausiacea","Euphausiidae","Euphausia","Euphausia pacifica",49.459,-124.511
"6136314699","5e618452-d449-4290-a29c-6564b5fb3154","IOS2018030007601:23","Animalia","Arthropoda","Malacostraca","Euphausiacea","Euphausiidae","Euphausia","Euphausia pacifica",49.459,-124.511
"6136314551","5e618452-d449-4290-a29c-6564b5fb3154","IOS2014023002501:22","Animalia","Arthropoda","Malacostraca","Euphausiacea","Euphausiidae","Euphausia","Euphausia pacifica",49.466,-124.499
"6136314536","5e618452-d449-4290-a29c-6564b5fb3154","IOS2014023002501:24","Animalia","Arthropoda","Malacostraca","Euphausiacea","Euphausiidae","Euphausia","Euphausia pacifica",49.466,-124.499
"6136314534","5e618452-d449-4290-a29c-6564b5fb3154","IOS2014023002501:23","Animalia","Arthropoda","Malacostraca","Euphausiacea","Euphausiidae","Euphausia","Euphausia pacifica",49.466,-124.499
"6136314462","5e618452-d449-4290-a29c-6564b5fb3154","IOS2017063012201:37","Animalia","Arthropoda","Malacostraca","Euphausiacea","Euphausiidae","Euphausia","Euphausia pacifica",49.67,-124.272
"6136314433","5e618452-d449-4290-a29c-6564b5fb3154","IOS2017063012201:34","Animalia","Arthropoda","Malacostraca","Euphausiacea","Euphausiidae","Euphausia","Euphausia pacifica",49.67,-124.272
"6136314432","5e618452-d449-4290-a29c-6564b5fb3154","IOS2017063012201:33","Animalia","Arthropoda","Malacostraca","Euphausiacea","Euphausiidae","Euphausia","Euphausia pacifica",49.67,-124.272
"6136314431","5e618452-d449-4290-a29c-6564b5fb3154","IOS2017063012201:36","Animalia","Arthropoda","Malacostraca","Euphausiacea","Euphausiidae","Euphausia","Euphausia pacifica",49.67,-124.272
"6136314430","5e618452-d449-4290-a29c-6564b5fb3154","IOS2017063012201:35","Animalia","Arthropoda","Malacostraca","Euphausiacea","Euphausiidae","Euphausia","Euphausia pacifica",49.67,-124.272
"6136314344","5e618452-d449-4290-a29c-6564b5fb3154","UVI2005000001001:19","Animalia","Arthropoda","Malacostraca","Euphausiacea","Euphausiidae","Euphausia","Euphausia pacifica",49.25,-123.748
"6136314343","5e618452-d449-4290-a29c-6564b5fb3154","UVI2005000001001:18","Animalia","Arthropoda","Malacostraca","Euphausiacea","Euphausiidae","Euphausia","Euphausia pacifica",49.25,-123.748
"6136313128","5e618452-d449-4290-a29c-6564b5fb3154","IOS2016009019701:26","Animalia","Arthropoda","Malacostraca","Euphausiacea","Euphausiidae","Euphausia","Euphausia pacifica",49.056,-123.373
"6136313127","5e618452-d449-4290-a29c-6564b5fb3154","IOS2016009019701:25","Animalia","Arthropoda","Malacostraca","Euphausiacea","Euphausiidae","Euphausia","Euphausia pacifica",49.056,-123.373
"6136313124","5e618452-d449-4290-a29c-6564b5fb3154","IOS2016009019701:24","Animalia","Arthropoda","Malacostraca","Euphausiacea","Euphausiidae","Euphausia","Euphausia pacifica",49.056,-123.373
"6136313123","5e618452-d449-4290-a29c-6564b5fb3154","IOS2016009019701:23","Animalia","Arthropoda","Malacostraca","Euphausiacea","Euphausiidae","Euphausia","Euphausia pacifica",49.056,-123.373
"6136313089","5e618452-d449-4290-a29c-6564b5fb3154","IOS2015022014801:34","Animalia","Arthropoda","Malacostraca","Euphausiacea","Euphausiidae","Euphausia","Euphausia pacifica",49.505,-124.1
"6136313084","5e618452-d449-4290-a29c-6564b5fb3154","IOS2015022014801:33","Animalia","Arthropoda","Malacostraca","Euphausiacea","Euphausiidae","Euphausia","Euphausia pacifica",49.505,-124.1
"6136313083","5e618452-d449-4290-a29c-6564b5fb3154","IOS2015022014801:32","Animalia","Arthropoda","Malacostraca","Euphausiacea","Euphausiidae","Euphausia","Euphausia pacifica",49.505,-124.1
"6136312911","5e618452-d449-4290-a29c-6564b5fb3154","IOS1999009008601:17","Animalia","Arthropoda","Malacostraca","Euphausiacea","Euphausiidae","Euphausia","Euphausia pacifica",49.464,-124.503
"6136312907","5e618452-d449-4290-a29c-6564b5fb3154","IOS1999009008601:16","Animalia","Arthropoda","Malacostraca","Euphausiacea","Euphausiidae","Euphausia","Euphausia pacifica",49.464,-124.503
"6136312904","5e618452-d449-4290-a29c-6564b5fb3154","IOS2012006007906:16","Animalia","Arthropoda","Malacostraca","Euphausiacea","Euphausiidae","Euphausia","Euphausia pacifica",49.673,-124.276
"6136312903","5e618452-d449-4290-a29c-6564b5fb3154","IOS2012006007906:15","Animalia","Arthropoda","Malacostraca","Euphausiacea","Euphausiidae","Euphausia","Euphausia pacifica",49.673,-124.276
"6136312899","5e618452-d449-4290-a29c-6564b5fb3154","IOS2012006007906:17","Animalia","Arthropoda","Malacostraca","Euphausiacea","Euphausiidae","Euphausia","Euphausia pacifica",49.673,-124.276
"6136312682","5e618452-d449-4290-a29c-6564b5fb3154","IOS2017001012301A:23","Animalia","Arthropoda","Malacostraca","Euphausiacea","Euphausiidae","Euphausia","Euphausia pacifica",49.319,-123.8
"6136312679","5e618452-d449-4290-a29c-6564b5fb3154","IOS2017001012301A:22","Animalia","Arthropoda","Malacostraca","Euphausiacea","Euphausiidae","Euphausia","Euphausia pacifica",49.319,-123.8
"6136312677","5e618452-d449-4290-a29c-6564b5fb3154","IOS2017001012301A:25","Animalia","Arthropoda","Malacostraca","Euphausiacea","Euphausiidae","Euphausia","Euphausia pacifica",49.319,-123.8
"6136312675","5e618452-d449-4290-a29c-6564b5fb3154","IOS2017001012301A:24","Animalia","Arthropoda","Malacostraca","Euphausiacea","Euphausiidae","Euphausia","Euphausia pacifica",49.319,-123.8
"6136312557","5e618452-d449-4290-a29c-6564b5fb3154","IOS2015018004801:18","Animalia","Arthropoda","Malacostraca","Euphausiacea","Euphausiidae","Euphausia","Euphausia pacifica",49.03,-123.437
"6136312482","5e618452-d449-4290-a29c-6564b5fb3154","IOS2015022012201:28","Animalia","Arthropoda","Malacostraca","Euphausiacea","Euphausiidae","Euphausia","Euphausia pacifica",49.504,-124.097
"6136312480","5e618452-d449-4290-a29c-6564b5fb3154","IOS2015022012201:27","Animalia","Arthropoda","Malacostraca","Euphausiacea","Euphausiidae","Euphausia","Euphausia pacifica",49.504,-124.097
"6136312477","5e618452-d449-4290-a29c-6564b5fb3154","IOS2015022012201:26","Animalia","Arthropoda","Malacostraca","Euphausiacea","Euphausiidae","Euphausia","Euphausia pacifica",49.504,-124.097
"6136312474","5e618452-d449-4290-a29c-6564b5fb3154","IOS2015022012201:25","Animalia","Arthropoda","Malacostraca","Euphausiacea","Euphausiidae","Euphausia","Euphausia pacifica",49.504,-124.097
"6136312410","5e618452-d449-4290-a29c-6564b5fb3154","IOS2016005007001:34","Animalia","Arthropoda","Malacostraca","Euphausiacea","Euphausiidae","Euphausia","Euphausia pacifica",49.367,-124.085
"6136312405","5e618452-d449-4290-a29c-6564b5fb3154","IOS2016005007001:33","Animalia","Arthropoda","Malacostraca","Euphausiacea","Euphausiidae","Euphausia","Euphausia pacifica",49.367,-124.085
"6136312404","5e618452-d449-4290-a29c-6564b5fb3154","IOS2016005007001:32","Animalia","Arthropoda","Malacostraca","Euphausiacea","Euphausiidae","Euphausia","Euphausia pacifica",49.367,-124.085
"6136312403","5e618452-d449-4290-a29c-6564b5fb3154","IOS2016009008701:31","Animalia","Arthropoda","Malacostraca","Euphausiacea","Euphausiidae","Euphausia","Euphausia pacifica",49.25,-123.748
"6136312402","5e618452-d449-4290-a29c-6564b5fb3154","IOS2016009008701:30","Animalia","Arthropoda","Malacostraca","Euphausiacea","Euphausiidae","Euphausia","Euphausia pacifica",49.25,-123.748
"6136311126","5e618452-d449-4290-a29c-6564b5fb3154","IOS2001027004401:19","Animalia","Arthropoda","Malacostraca","Euphausiacea","Euphausiidae","Euphausia","Euphausia pacifica",49.366,-124.085
"6136311123","5e618452-d449-4290-a29c-6564b5fb3154","IOS2001027004401:18","Animalia","Arthropoda","Malacostraca","Euphausiacea","Euphausiidae","Euphausia","Euphausia pacifica",49.366,-124.085
"6136311122","5e618452-d449-4290-a29c-6564b5fb3154","IOS2001027004401:17","Animalia","Arthropoda","Malacostraca","Euphausiacea","Euphausiidae","Euphausia","Euphausia pacifica",49.366,-124.085
"6136311116","5e618452-d449-4290-a29c-6564b5fb3154","IOS2016009008701:29","Animalia","Arthropoda","Malacostraca","Euphausiacea","Euphausiidae","Euphausia","Euphausia pacifica",49.25,-123.748
"6136311115","5e618452-d449-4290-a29c-6564b5fb3154","IOS2016009008701:28","Animalia","Arthropoda","Malacostraca","Euphausiacea","Euphausiidae","Euphausia","Euphausia pacifica",49.25,-123.748
"6136311076","5e618452-d449-4290-a29c-6564b5fb3154","PSF2015098002401:19","Animalia","Arthropoda","Malacostraca","Euphausiacea","Euphausiidae","Euphausia","Euphausia pacifica",49.485,-124.605
"6136311073","5e618452-d449-4290-a29c-6564b5fb3154","PSF2015098002401:18","Animalia","Arthropoda","Malacostraca","Euphausiacea","Euphausiidae","Euphausia","Euphausia pacifica",49.485,-124.605
"6136311060","5e618452-d449-4290-a29c-6564b5fb3154","PSF2015098002401:17","Animalia","Arthropoda","Malacostraca","Euphausiacea","Euphausiidae","Euphausia","Euphausia pacifica",49.485,-124.605
"6136310909","5e618452-d449-4290-a29c-6564b5fb3154","IOS2015021015501:13","Animalia","Arthropoda","Malacostraca","Euphausiacea","Euphausiidae","Euphausia","Euphausia pacifica",49.504,-124.098
"6136310888","5e618452-d449-4290-a29c-6564b5fb3154","PBS2009041034001:28","Animalia","Arthropoda","Malacostraca","Euphausiacea","Euphausiidae","Euphausia","Euphausia pacifica",49.121,-123.354
"6136310885","5e618452-d449-4290-a29c-6564b5fb3154","PBS2009041034001:27","Animalia","Arthropoda","Malacostraca","Euphausiacea","Euphausiidae","Euphausia","Euphausia pacifica",49.121,-123.354
"6136310882","5e618452-d449-4290-a29c-6564b5fb3154","PBS2009041034001:26","Animalia","Arthropoda","Malacostraca","Euphausiacea","Euphausiidae","Euphausia","Euphausia pacifica",49.121,-123.354
"6136310877","5e618452-d449-4290-a29c-6564b5fb3154","PBS2009041034001:29","Animalia","Arthropoda","Malacostraca","Euphausiacea","Euphausiidae","Euphausia","Euphausia pacifica",49.121,-123.354
"6136310839","5e618452-d449-4290-a29c-6564b5fb3154","HAK2017097006801:8","Animalia","Arthropoda","Malacostraca","Euphausiacea","Euphausiidae","Euphausia","Euphausia pacifica",50.031,-125.099
"6136310803","5e618452-d449-4290-a29c-6564b5fb3154","HAK2016096000401:14","Animalia","Arthropoda","Malacostraca","Euphausiacea","Euphausiidae","Euphausia","Euphausia pacifica",50.031,-125.099
"6136310787","5e618452-d449-4290-a29c-6564b5fb3154","HAK2016096000401:13","Animalia","Arthropoda","Malacostraca","Euphausiacea","Euphausiidae","Euphausia","Euphausia pacifica",50.031,-125.099
"6136310786","5e618452-d449-4290-a29c-6564b5fb3154","HAK2016096000401:12","Animalia","Arthropoda","Malacostraca","Euphausiacea","Euphausiidae","Euphausia","Euphausia pacifica",50.031,-125.099
"6136310779","5e618452-d449-4290-a29c-6564b5fb3154","PBS1997055000101:15","Animalia","Arthropoda","Malacostraca","Euphausiacea","Euphausiidae","Euphausia","Euphausia pacifica",49.25,-123.75
"6136310778","5e618452-d449-4290-a29c-6564b5fb3154","PBS1997055000101:14","Animalia","Arthropoda","Malacostraca","Euphausiacea","Euphausiidae","Euphausia","Euphausia pacifica",49.25,-123.75
"6136310589","5e618452-d449-4290-a29c-6564b5fb3154","IOS2015022007601:31","Animalia","Arthropoda","Malacostraca","Euphausiacea","Euphausiidae","Euphausia","Euphausia pacifica",49.255,-123.749
"6136310563","5e618452-d449-4290-a29c-6564b5fb3154","IOS2015022007601:33","Animalia","Arthropoda","Malacostraca","Euphausiacea","Euphausiidae","Euphausia","Euphausia pacifica",49.255,-123.749
"6136310561","5e618452-d449-4290-a29c-6564b5fb3154","IOS2015022007601:32","Animalia","Arthropoda","Malacostraca","Euphausiacea","Euphausiidae","Euphausia","Euphausia pacifica",49.255,-123.749
"6136310520","5e618452-d449-4290-a29c-6564b5fb3154","IOS2018031005901:17","Animalia","Arthropoda","Malacostraca","Euphausiacea","Euphausiidae","Euphausia","Euphausia pacifica",49.25,-123.751
"6136310511","5e618452-d449-4290-a29c-6564b5fb3154","IOS2016007005601:33","Animalia","Arthropoda","Malacostraca","Euphausiacea","Euphausiidae","Euphausia","Euphausia pacifica",49.2,-123.439
"6136310507","5e618452-d449-4290-a29c-6564b5fb3154","IOS2016007005601:35","Animalia","Arthropoda","Malacostraca","Euphausiacea","Euphausiidae","Euphausia","Euphausia pacifica",49.2,-123.439
"6136310505","5e618452-d449-4290-a29c-6564b5fb3154","IOS2016007005601:34","Animalia","Arthropoda","Malacostraca","Euphausiacea","Euphausiidae","Euphausia","Euphausia pacifica",49.2,-123.439
"6136310501","5e618452-d449-4290-a29c-6564b5fb3154","IOS2016007005601:36","Animalia","Arthropoda","Malacostraca","Euphausiacea","Euphausiidae","Euphausia","Euphausia pacifica",49.2,-123.439
"6136310422","5e618452-d449-4290-a29c-6564b5fb3154","UVI2005000001501:32","Animalia","Arthropoda","Malacostraca","Euphausiacea","Euphausiidae","Euphausia","Euphausia pacifica",49.25,-123.748
"6136310421","5e618452-d449-4290-a29c-6564b5fb3154","UVI2005000001501:31","Animalia","Arthropoda","Malacostraca","Euphausiacea","Euphausiidae","Euphausia","Euphausia pacifica",49.25,-123.748
"6136310420","5e618452-d449-4290-a29c-6564b5fb3154","UVI2005000001501:30","Animalia","Arthropoda","Malacostraca","Euphausiacea","Euphausiidae","Euphausia","Euphausia pacifica",49.25,-123.748
"6136310413","5e618452-d449-4290-a29c-6564b5fb3154","UVI2005000001501:33","Animalia","Arthropoda","Malacostraca","Euphausiacea","Euphausiidae","Euphausia","Euphausia pacifica",49.25,-123.748
"6136310407","5e618452-d449-4290-a29c-6564b5fb3154","IOS2016009005501:25","Animalia","Arthropoda","Malacostraca","Euphausiacea","Euphausiidae","Euphausia","Euphausia pacifica",49.505,-124.1
"6136310405","5e618452-d449-4290-a29c-6564b5fb3154","IOS2016009005501:24","Animalia","Arthropoda","Malacostraca","Euphausiacea","Euphausiidae","Euphausia","Euphausia pacifica",49.505,-124.1
"6136310244","5e618452-d449-4290-a29c-6564b5fb3154","IOS2004030000501:12","Animalia","Arthropoda","Malacostraca","Euphausiacea","Euphausiidae","Euphausia","Euphausia pacifica",49.466,-124.501
"6136310236","5e618452-d449-4290-a29c-6564b5fb3154","IOS2004030000501:14","Animalia","Arthropoda","Malacostraca","Euphausiacea","Euphausiidae","Euphausia","Euphausia pacifica",49.466,-124.501
"6136310235","5e618452-d449-4290-a29c-6564b5fb3154","IOS2004030000501:13","Animalia","Arthropoda","Malacostraca","Euphausiacea","Euphausiidae","Euphausia","Euphausia pacifica",49.466,-124.501
"6136310092","5e618452-d449-4290-a29c-6564b5fb3154","IOS2017063006601:36","Animalia","Arthropoda","Malacostraca","Euphausiacea","Euphausiidae","Euphausia","Euphausia pacifica",49.2,-123.44
"6136310049","5e618452-d449-4290-a29c-6564b5fb3154","IOS2017063006601:33","Animalia","Arthropoda","Malacostraca","Euphausiacea","Euphausiidae","Euphausia","Euphausia pacifica",49.2,-123.44
"6136310047","5e618452-d449-4290-a29c-6564b5fb3154","IOS2017063006601:35","Animalia","Arthropoda","Malacostraca","Euphausiacea","Euphausiidae","Euphausia","Euphausia pacifica",49.2,-123.44
"6136310045","5e618452-d449-4290-a29c-6564b5fb3154","IOS2017063006601:34","Animalia","Arthropoda","Malacostraca","Euphausiacea","Euphausiidae","Euphausia","Euphausia pacifica",49.2,-123.44
"6136309972","5e618452-d449-4290-a29c-6564b5fb3154","IOS2015018010001:25","Animalia","Arthropoda","Malacostraca","Euphausiacea","Euphausiidae","Euphausia","Euphausia pacifica",49.67,-124.271
"6136309837","5e618452-d449-4290-a29c-6564b5fb3154","IOS2017048001101:29","Animalia","Arthropoda","Malacostraca","Euphausiacea","Euphausiidae","Euphausia","Euphausia pacifica",49.707,-124.725
"6136309835","5e618452-d449-4290-a29c-6564b5fb3154","IOS2017048001101:28","Animalia","Arthropoda","Malacostraca","Euphausiacea","Euphausiidae","Euphausia","Euphausia pacifica",49.707,-124.725
"6136309828","5e618452-d449-4290-a29c-6564b5fb3154","IOS2016062020401:19","Animalia","Arthropoda","Malacostraca","Euphausiacea","Euphausiidae","Euphausia","Euphausia pacifica",49.2,-123.44
"6136309826","5e618452-d449-4290-a29c-6564b5fb3154","IOS2016062020401:18","Animalia","Arthropoda","Malacostraca","Euphausiacea","Euphausiidae","Euphausia","Euphausia pacifica",49.2,-123.44
"6136309786","5e618452-d449-4290-a29c-6564b5fb3154","IOS2016062020401:22","Animalia","Arthropoda","Malacostraca","Euphausiacea","Euphausiidae","Euphausia","Euphausia pacifica",49.2,-123.44
"6136309782","5e618452-d449-4290-a29c-6564b5fb3154","IOS2016062020401:21","Animalia","Arthropoda","Malacostraca","Euphausiacea","Euphausiidae","Euphausia","Euphausia pacifica",49.2,-123.44
"6136309780","5e618452-d449-4290-a29c-6564b5fb3154","IOS2016062020401:20","Animalia","Arthropoda","Malacostraca","Euphausiacea","Euphausiidae","Euphausia","Euphausia pacifica",49.2,-123.44
"6136309774","5e618452-d449-4290-a29c-6564b5fb3154","IOS2017048001101:30","Animalia","Arthropoda","Malacostraca","Euphausiacea","Euphausiidae","Euphausia","Euphausia pacifica",49.707,-124.725
"6136309765","5e618452-d449-4290-a29c-6564b5fb3154","IOS2017048001101:32","Animalia","Arthropoda","Malacostraca","Euphausiacea","Euphausiidae","Euphausia","Euphausia pacifica",49.707,-124.725
"6136309763","5e618452-d449-4290-a29c-6564b5fb3154","IOS2017048001101:31","Animalia","Arthropoda","Malacostraca","Euphausiacea","Euphausiidae","Euphausia","Euphausia pacifica",49.707,-124.725
"6136309587","5e618452-d449-4290-a29c-6564b5fb3154","IOS2015019006001:16","Animalia","Arthropoda","Malacostraca","Euphausiacea","Euphausiidae","Euphausia","Euphausia pacifica",49.4,-123.76
"6136309585","5e618452-d449-4290-a29c-6564b5fb3154","IOS2015019006001:15","Animalia","Arthropoda","Malacostraca","Euphausiacea","Euphausiidae","Euphausia","Euphausia pacifica",49.4,-123.76
"6136309510","5e618452-d449-4290-a29c-6564b5fb3154","IOS2002006003801:11","Animalia","Arthropoda","Malacostraca","Euphausiacea","Euphausiidae","Euphausia","Euphausia pacifica",49.875,-124.975
"6136309431","5e618452-d449-4290-a29c-6564b5fb3154","IOS2006019000801:17","Animalia","Arthropoda","Malacostraca","Euphausiacea","Euphausiidae","Euphausia","Euphausia pacifica",49.466,-124.5
"6136309429","5e618452-d449-4290-a29c-6564b5fb3154","PBS2008014033601:20","Animalia","Arthropoda","Malacostraca","Euphausiacea","Euphausiidae","Euphausia","Euphausia pacifica",49.894,-125.055
"6136309428","5e618452-d449-4290-a29c-6564b5fb3154","PBS2008014033601:22","Animalia","Arthropoda","Malacostraca","Euphausiacea","Euphausiidae","Euphausia","Euphausia pacifica",49.894,-125.055
"6136309427","5e618452-d449-4290-a29c-6564b5fb3154","PBS2008014033601:21","Animalia","Arthropoda","Malacostraca","Euphausiacea","Euphausiidae","Euphausia","Euphausia pacifica",49.894,-125.055
"6136308153","5e618452-d449-4290-a29c-6564b5fb3154","IOS2018032004801:14","Animalia","Arthropoda","Malacostraca","Euphausiacea","Euphausiidae","Euphausia","Euphausia pacifica",49.055,-123.371
"6136308147","5e618452-d449-4290-a29c-6564b5fb3154","IOS2018032004801:16","Animalia","Arthropoda","Malacostraca","Euphausiacea","Euphausiidae","Euphausia","Euphausia pacifica",49.055,-123.371
"6136308145","5e618452-d449-4290-a29c-6564b5fb3154","IOS2018032004801:15","Animalia","Arthropoda","Malacostraca","Euphausiacea","Euphausiidae","Euphausia","Euphausia pacifica",49.055,-123.371
"6136308143","5e618452-d449-4290-a29c-6564b5fb3154","IOS2018032004801:17","Animalia","Arthropoda","Malacostraca","Euphausiacea","Euphausiidae","Euphausia","Euphausia pacifica",49.055,-123.371
"6136308113","5e618452-d449-4290-a29c-6564b5fb3154","PBS2014028008701:12","Animalia","Arthropoda","Malacostraca","Euphausiacea","Euphausiidae","Euphausia","Euphausia pacifica",49.648,-124.719
"6136308112","5e618452-d449-4290-a29c-6564b5fb3154","PBS2014028008701:11","Animalia","Arthropoda","Malacostraca","Euphausiacea","Euphausiidae","Euphausia","Euphausia pacifica",49.648,-124.719
"6136308086","5e618452-d449-4290-a29c-6564b5fb3154","PBS2014028008701:13","Animalia","Arthropoda","Malacostraca","Euphausiacea","Euphausiidae","Euphausia","Euphausia pacifica",49.648,-124.719
"6136308030","5e618452-d449-4290-a29c-6564b5fb3154","IOS2017005016701:35","Animalia","Arthropoda","Malacostraca","Euphausiacea","Euphausiidae","Euphausia","Euphausia pacifica",49.468,-124.501
"6136308029","5e618452-d449-4290-a29c-6564b5fb3154","IOS2017005016701:34","Animalia","Arthropoda","Malacostraca","Euphausiacea","Euphausiidae","Euphausia","Euphausia pacifica",49.468,-124.501
"6136308017","5e618452-d449-4290-a29c-6564b5fb3154","IOS2017005016701:33","Animalia","Arthropoda","Malacostraca","Euphausiacea","Euphausiidae","Euphausia","Euphausia pacifica",49.468,-124.501
"6136308015","5e618452-d449-4290-a29c-6564b5fb3154","IOS2017005016701:32","Animalia","Arthropoda","Malacostraca","Euphausiacea","Euphausiidae","Euphausia","Euphausia pacifica",49.468,-124.501
"6136307991","5e618452-d449-4290-a29c-6564b5fb3154","IOS2016056002701:29","Animalia","Arthropoda","Malacostraca","Euphausiacea","Euphausiidae","Euphausia","Euphausia pacifica",49.365,-124.095
"6136307944","5e618452-d449-4290-a29c-6564b5fb3154","PBS2016046010201:14","Animalia","Arthropoda","Malacostraca","Euphausiacea","Euphausiidae","Euphausia","Euphausia pacifica",49.57,-124.581
"6136307942","5e618452-d449-4290-a29c-6564b5fb3154","PBS2016046010201:13","Animalia","Arthropoda","Malacostraca","Euphausiacea","Euphausiidae","Euphausia","Euphausia pacifica",49.57,-124.581
"6136307923","5e618452-d449-4290-a29c-6564b5fb3154","IOS2016056002701:31","Animalia","Arthropoda","Malacostraca","Euphausiacea","Euphausiidae","Euphausia","Euphausia pacifica",49.365,-124.095
"6136307919","5e618452-d449-4290-a29c-6564b5fb3154","IOS2016056002701:30","Animalia","Arthropoda","Malacostraca","Euphausiacea","Euphausiidae","Euphausia","Euphausia pacifica",49.365,-124.095
"6136307748","5e618452-d449-4290-a29c-6564b5fb3154","IOS2011017017201:14","Animalia","Arthropoda","Malacostraca","Euphausiacea","Euphausiidae","Euphausia","Euphausia pacifica",49.467,-124.5
"6136307744","5e618452-d449-4290-a29c-6564b5fb3154","IOS2011017017201:16","Animalia","Arthropoda","Malacostraca","Euphausiacea","Euphausiidae","Euphausia","Euphausia pacifica",49.467,-124.5
"6136307742","5e618452-d449-4290-a29c-6564b5fb3154","IOS2011017017201:15","Animalia","Arthropoda","Malacostraca","Euphausiacea","Euphausiidae","Euphausia","Euphausia pacifica",49.467,-124.5
"6136307714","5e618452-d449-4290-a29c-6564b5fb3154","IOS2016003003601:22","Animalia","Arthropoda","Malacostraca","Euphausiacea","Euphausiidae","Euphausia","Euphausia pacifica",49.703,-124.722
"6136307699","5e618452-d449-4290-a29c-6564b5fb3154","IOS2016062019001:29","Animalia","Arthropoda","Malacostraca","Euphausiacea","Euphausiidae","Euphausia","Euphausia pacifica",49.703,-124.724
"6136307698","5e618452-d449-4290-a29c-6564b5fb3154","IOS2016062019001:28","Animalia","Arthropoda","Malacostraca","Euphausiacea","Euphausiidae","Euphausia","Euphausia pacifica",49.703,-124.724
"6136307697","5e618452-d449-4290-a29c-6564b5fb3154","IOS2016062019001:27","Animalia","Arthropoda","Malacostraca","Euphausiacea","Euphausiidae","Euphausia","Euphausia pacifica",49.703,-124.724
"6136307696","5e618452-d449-4290-a29c-6564b5fb3154","IOS2016062019001:26","Animalia","Arthropoda","Malacostraca","Euphausiacea","Euphausiidae","Euphausia","Euphausia pacifica",49.703,-124.724
"6136307570","5e618452-d449-4290-a29c-6564b5fb3154","IOS2007029002801:21","Animalia","Arthropoda","Malacostraca","Euphausiacea","Euphausiidae","Euphausia","Euphausia pacifica",49.25,-123.75
"6136307493","5e618452-d449-4290-a29c-6564b5fb3154","IOS2002006004101:11","Animalia","Arthropoda","Malacostraca","Euphausiacea","Euphausiidae","Euphausia","Euphausia pacifica",49.757,-124.788
"6136307477","5e618452-d449-4290-a29c-6564b5fb3154","IOS2002006004101:12","Animalia","Arthropoda","Malacostraca","Euphausiacea","Euphausiidae","Euphausia","Euphausia pacifica",49.757,-124.788
"6136306063","5e618452-d449-4290-a29c-6564b5fb3154","IOS2017007004001:24","Animalia","Arthropoda","Malacostraca","Euphausiacea","Euphausiidae","Euphausia","Euphausia pacifica",49.672,-124.273
"6136306061","5e618452-d449-4290-a29c-6564b5fb3154","IOS2017007004001:26","Animalia","Arthropoda","Malacostraca","Euphausiacea","Euphausiidae","Euphausia","Euphausia pacifica",49.672,-124.273
"6136306060","5e618452-d449-4290-a29c-6564b5fb3154","IOS2017007004001:25","Animalia","Arthropoda","Malacostraca","Euphausiacea","Euphausiidae","Euphausia","Euphausia pacifica",49.672,-124.273
"6136306058","5e618452-d449-4290-a29c-6564b5fb3154","IOS2017007004001:27","Animalia","Arthropoda","Malacostraca","Euphausiacea","Euphausiidae","Euphausia","Euphausia pacifica",49.672,-124.273
"6136306010","5e618452-d449-4290-a29c-6564b5fb3154","IOS2018039016301:28","Animalia","Arthropoda","Malacostraca","Euphausiacea","Euphausiidae","Euphausia","Euphausia pacifica",49.725,-124.68
"6136306008","5e618452-d449-4290-a29c-6564b5fb3154","IOS2018039016301:29","Animalia","Arthropoda","Malacostraca","Euphausiacea","Euphausiidae","Euphausia","Euphausia pacifica",49.725,-124.68
"6136306005","5e618452-d449-4290-a29c-6564b5fb3154","IOS2014023005001:29","Animalia","Arthropoda","Malacostraca","Euphausiacea","Euphausiidae","Euphausia","Euphausia pacifica",49.055,-123.372
"6136305944","5e618452-d449-4290-a29c-6564b5fb3154","IOS2018039016301:31","Animalia","Arthropoda","Malacostraca","Euphausiacea","Euphausiidae","Euphausia","Euphausia pacifica",49.725,-124.68
"6136305943","5e618452-d449-4290-a29c-6564b5fb3154","IOS2018039016301:30","Animalia","Arthropoda","Malacostraca","Euphausiacea","Euphausiidae","Euphausia","Euphausia pacifica",49.725,-124.68
"6136305941","5e618452-d449-4290-a29c-6564b5fb3154","IOS2018039016301:32","Animalia","Arthropoda","Malacostraca","Euphausiacea","Euphausiidae","Euphausia","Euphausia pacifica",49.725,-124.68
"6136305847","5e618452-d449-4290-a29c-6564b5fb3154","IOS2016009018001:26","Animalia","Arthropoda","Malacostraca","Euphausiacea","Euphausiidae","Euphausia","Euphausia pacifica",49.672,-124.273
"6136305846","5e618452-d449-4290-a29c-6564b5fb3154","IOS2016009018001:25","Animalia","Arthropoda","Malacostraca","Euphausiacea","Euphausiidae","Euphausia","Euphausia pacifica",49.672,-124.273
"6136305845","5e618452-d449-4290-a29c-6564b5fb3154","IOS2016009018001:24","Animalia","Arthropoda","Malacostraca","Euphausiacea","Euphausiidae","Euphausia","Euphausia pacifica",49.672,-124.273
"6136305747","5e618452-d449-4290-a29c-6564b5fb3154","UBC9999099000901:16","Animalia","Arthropoda","Malacostraca","Euphausiacea","Euphausiidae","Euphausia","Euphausia pacifica",49.25,-123.667
"6136305746","5e618452-d449-4290-a29c-6564b5fb3154","UBC9999099000901:15","Animalia","Arthropoda","Malacostraca","Euphausiacea","Euphausiidae","Euphausia","Euphausia pacifica",49.25,-123.667
"6136305651","5e618452-d449-4290-a29c-6564b5fb3154","PBS2009046000601:17","Animalia","Arthropoda","Malacostraca","Euphausiacea","Euphausiidae","Euphausia","Euphausia pacifica",49.383,-123.811
"6136305650","5e618452-d449-4290-a29c-6564b5fb3154","PBS2009046000601:16","Animalia","Arthropoda","Malacostraca","Euphausiacea","Euphausiidae","Euphausia","Euphausia pacifica",49.383,-123.811
"6136305649","5e618452-d449-4290-a29c-6564b5fb3154","PBS2009046000601:15","Animalia","Arthropoda","Malacostraca","Euphausiacea","Euphausiidae","Euphausia","Euphausia pacifica",49.383,-123.811
"6136305522","5e618452-d449-4290-a29c-6564b5fb3154","IOS2015020020201:21","Animalia","Arthropoda","Malacostraca","Euphausiacea","Euphausiidae","Euphausia","Euphausia pacifica",49.466,-124.5
"6136305519","5e618452-d449-4290-a29c-6564b5fb3154","IOS2015020020201:22","Animalia","Arthropoda","Malacostraca","Euphausiacea","Euphausiidae","Euphausia","Euphausia pacifica",49.466,-124.5
"6136305495","5e618452-d449-4290-a29c-6564b5fb3154","PBS2016045009201:19","Animalia","Arthropoda","Malacostraca","Euphausiacea","Euphausiidae","Euphausia","Euphausia pacifica",49.697,-124.792
"6136305494","5e618452-d449-4290-a29c-6564b5fb3154","PBS2016045009201:18","Animalia","Arthropoda","Malacostraca","Euphausiacea","Euphausiidae","Euphausia","Euphausia pacifica",49.697,-124.792
"6136305493","5e618452-d449-4290-a29c-6564b5fb3154","PBS2016045009201:17","Animalia","Arthropoda","Malacostraca","Euphausiacea","Euphausiidae","Euphausia","Euphausia pacifica",49.697,-124.792
"6136304147","5e618452-d449-4290-a29c-6564b5fb3154","IOS2006030000801:9","Animalia","Arthropoda","Malacostraca","Euphausiacea","Euphausiidae","Euphausia","Euphausia pacifica",49.934,-125.067
"6136304050","5e618452-d449-4290-a29c-6564b5fb3154","PBS1997051000101:15","Animalia","Arthropoda","Malacostraca","Euphausiacea","Euphausiidae","Euphausia","Euphausia pacifica",49.25,-123.75
"6136304019","5e618452-d449-4290-a29c-6564b5fb3154","IOS2016047018301:38","Animalia","Arthropoda","Malacostraca","Euphausiacea","Euphausiidae","Euphausia","Euphausia pacifica",49.366,-124.086
"6136304017","5e618452-d449-4290-a29c-6564b5fb3154","IOS2016047018301:39","Animalia","Arthropoda","Malacostraca","Euphausiacea","Euphausiidae","Euphausia","Euphausia pacifica",49.366,-124.086
"6136304015","5e618452-d449-4290-a29c-6564b5fb3154","IOS2016047018301:40","Animalia","Arthropoda","Malacostraca","Euphausiacea","Euphausiidae","Euphausia","Euphausia pacifica",49.366,-124.086
"6136304004","5e618452-d449-4290-a29c-6564b5fb3154","IOS2017001013501:17","Animalia","Arthropoda","Malacostraca","Euphausiacea","Euphausiidae","Euphausia","Euphausia pacifica",49.365,-124.085
"6136304003","5e618452-d449-4290-a29c-6564b5fb3154","IOS2017001013501:16","Animalia","Arthropoda","Malacostraca","Euphausiacea","Euphausiidae","Euphausia","Euphausia pacifica",49.365,-124.085
"6136303576","5e618452-d449-4290-a29c-6564b5fb3154","PBS2010003006901:9","Animalia","Arthropoda","Malacostraca","Euphausiacea","Euphausiidae","Euphausia","Euphausia pacifica",49.771,-124.459
"6136303566","5e618452-d449-4290-a29c-6564b5fb3154","IOS2002006004301:8","Animalia","Arthropoda","Malacostraca","Euphausiacea","Euphausiidae","Euphausia","Euphausia pacifica",49.467,-124.503
"6136303562","5e618452-d449-4290-a29c-6564b5fb3154","IOS2015020021701:30","Animalia","Arthropoda","Malacostraca","Euphausiacea","Euphausiidae","Euphausia","Euphausia pacifica",49.056,-123.372
"6136303560","5e618452-d449-4290-a29c-6564b5fb3154","IOS2002006004301:9","Animalia","Arthropoda","Malacostraca","Euphausiacea","Euphausiidae","Euphausia","Euphausia pacifica",49.467,-124.503
"6136303533","5e618452-d449-4290-a29c-6564b5fb3154","IOS2018030007101:25","Animalia","Arthropoda","Malacostraca","Euphausiacea","Euphausiidae","Euphausia","Euphausia pacifica",49.364,-124.083
"6136303531","5e618452-d449-4290-a29c-6564b5fb3154","IOS2018030007101:24","Animalia","Arthropoda","Malacostraca","Euphausiacea","Euphausiidae","Euphausia","Euphausia pacifica",49.364,-124.083
"6136303529","5e618452-d449-4290-a29c-6564b5fb3154","IOS2018030007101:23","Animalia","Arthropoda","Malacostraca","Euphausiacea","Euphausiidae","Euphausia","Euphausia pacifica",49.364,-124.083
"6136303522","5e618452-d449-4290-a29c-6564b5fb3154","IOS2015020021701:29","Animalia","Arthropoda","Malacostraca","Euphausiacea","Euphausiidae","Euphausia","Euphausia pacifica",49.056,-123.372
"6136303521","5e618452-d449-4290-a29c-6564b5fb3154","IOS2015020021701:28","Animalia","Arthropoda","Malacostraca","Euphausiacea","Euphausiidae","Euphausia","Euphausia pacifica",49.056,-123.372
"6136302282","5e618452-d449-4290-a29c-6564b5fb3154","UBC9999099000401:21","Animalia","Arthropoda","Malacostraca","Euphausiacea","Euphausiidae","Euphausia","Euphausia pacifica",49.25,-123.667
"6136302100","5e618452-d449-4290-a29c-6564b5fb3154","PBS2009046006001:14","Animalia","Arthropoda","Malacostraca","Euphausiacea","Euphausiidae","Euphausia","Euphausia pacifica",49.124,-123.353
"6136302091","5e618452-d449-4290-a29c-6564b5fb3154","PBS2009046006001:13","Animalia","Arthropoda","Malacostraca","Euphausiacea","Euphausiidae","Euphausia","Euphausia pacifica",49.124,-123.353
"6136302051","5e618452-d449-4290-a29c-6564b5fb3154","IOS2016005004701:33","Animalia","Arthropoda","Malacostraca","Euphausiacea","Euphausiidae","Euphausia","Euphausia pacifica",49.03,-123.437
"6136302045","5e618452-d449-4290-a29c-6564b5fb3154","IOS2016005004701:34","Animalia","Arthropoda","Malacostraca","Euphausiacea","Euphausiidae","Euphausia","Euphausia pacifica",49.03,-123.437
"6136301964","5e618452-d449-4290-a29c-6564b5fb3154","IOS2015022004501:28","Animalia","Arthropoda","Malacostraca","Euphausiacea","Euphausiidae","Euphausia","Euphausia pacifica",49.466,-124.502
"6136301962","5e618452-d449-4290-a29c-6564b5fb3154","IOS2015022004501:29","Animalia","Arthropoda","Malacostraca","Euphausiacea","Euphausiidae","Euphausia","Euphausia pacifica",49.466,-124.502
"6136301947","5e618452-d449-4290-a29c-6564b5fb3154","IOS2015022004501:31","Animalia","Arthropoda","Malacostraca","Euphausiacea","Euphausiidae","Euphausia","Euphausia pacifica",49.466,-124.502
"6136301946","5e618452-d449-4290-a29c-6564b5fb3154","IOS2015022004501:30","Animalia","Arthropoda","Malacostraca","Euphausiacea","Euphausiidae","Euphausia","Euphausia pacifica",49.466,-124.502
"6136301944","5e618452-d449-4290-a29c-6564b5fb3154","IOS2015022004501:32","Animalia","Arthropoda","Malacostraca","Euphausiacea","Euphausiidae","Euphausia","Euphausia pacifica",49.466,-124.502
"6136301850","5e618452-d449-4290-a29c-6564b5fb3154","PBS2009046003601:18","Animalia","Arthropoda","Malacostraca","Euphausiacea","Euphausiidae","Euphausia","Euphausia pacifica",49.519,-124.464
"6136301848","5e618452-d449-4290-a29c-6564b5fb3154","PBS2009046003601:17","Animalia","Arthropoda","Malacostraca","Euphausiacea","Euphausiidae","Euphausia","Euphausia pacifica",49.519,-124.464
"6136301845","5e618452-d449-4290-a29c-6564b5fb3154","PBS2009046003601:19","Animalia","Arthropoda","Malacostraca","Euphausiacea","Euphausiidae","Euphausia","Euphausia pacifica",49.519,-124.464
"6136301775","5e618452-d449-4290-a29c-6564b5fb3154","IOS2009040001201:19","Animalia","Arthropoda","Malacostraca","Euphausiacea","Euphausiidae","Euphausia","Euphausia pacifica",49.471,-124.503
"6136301769","5e618452-d449-4290-a29c-6564b5fb3154","IOS2018039018301:32","Animalia","Arthropoda","Malacostraca","Euphausiacea","Euphausiidae","Euphausia","Euphausia pacifica",49.054,-123.373
"6136301764","5e618452-d449-4290-a29c-6564b5fb3154","IOS2018039018301:31","Animalia","Arthropoda","Malacostraca","Euphausiacea","Euphausiidae","Euphausia","Euphausia pacifica",49.054,-123.373
"6136301760","5e618452-d449-4290-a29c-6564b5fb3154","IOS2009040001201:16","Animalia","Arthropoda","Malacostraca","Euphausiacea","Euphausiidae","Euphausia","Euphausia pacifica",49.471,-124.503
"6136301758","5e618452-d449-4290-a29c-6564b5fb3154","IOS2009040001201:18","Animalia","Arthropoda","Malacostraca","Euphausiacea","Euphausiidae","Euphausia","Euphausia pacifica",49.471,-124.503
"6136301757","5e618452-d449-4290-a29c-6564b5fb3154","IOS2009040001201:17","Animalia","Arthropoda","Malacostraca","Euphausiacea","Euphausiidae","Euphausia","Euphausia pacifica",49.471,-124.503
"6136301756","5e618452-d449-4290-a29c-6564b5fb3154","IOS2013013004601:18","Animalia","Arthropoda","Malacostraca","Euphausiacea","Euphausiidae","Euphausia","Euphausia pacifica",49.055,-123.372
"6136301754","5e618452-d449-4290-a29c-6564b5fb3154","IOS2013013004601:19","Animalia","Arthropoda","Malacostraca","Euphausiacea","Euphausiidae","Euphausia","Euphausia pacifica",49.055,-123.372
"6136301685","5e618452-d449-4290-a29c-6564b5fb3154","IOS2013013004601:20","Animalia","Arthropoda","Malacostraca","Euphausiacea","Euphausiidae","Euphausia","Euphausia pacifica",49.055,-123.372
"6136301525","5e618452-d449-4290-a29c-6564b5fb3154","IOS2015018007401:25","Animalia","Arthropoda","Malacostraca","Euphausiacea","Euphausiidae","Euphausia","Euphausia pacifica",49.467,-124.5
"6136301524","5e618452-d449-4290-a29c-6564b5fb3154","IOS2015018007401:24","Animalia","Arthropoda","Malacostraca","Euphausiacea","Euphausiidae","Euphausia","Euphausia pacifica",49.467,-124.5
"6136301523","5e618452-d449-4290-a29c-6564b5fb3154","IOS2015018007401:23","Animalia","Arthropoda","Malacostraca","Euphausiacea","Euphausiidae","Euphausia","Euphausia pacifica",49.467,-124.5
"6136301446","5e618452-d449-4290-a29c-6564b5fb3154","IOS2013012005301:23","Animalia","Arthropoda","Malacostraca","Euphausiacea","Euphausiidae","Euphausia","Euphausia pacifica",49.669,-124.27
"6136301434","5e618452-d449-4290-a29c-6564b5fb3154","IOS2013012005301:22","Animalia","Arthropoda","Malacostraca","Euphausiacea","Euphausiidae","Euphausia","Euphausia pacifica",49.669,-124.27
"6136301412","5e618452-d449-4290-a29c-6564b5fb3154","IOS2015022022701:24","Animalia","Arthropoda","Malacostraca","Euphausiacea","Euphausiidae","Euphausia","Euphausia pacifica",49.669,-124.276
"6136301411","5e618452-d449-4290-a29c-6564b5fb3154","IOS2015022022701:23","Animalia","Arthropoda","Malacostraca","Euphausiacea","Euphausiidae","Euphausia","Euphausia pacifica",49.669,-124.276
"6136300102","5e618452-d449-4290-a29c-6564b5fb3154","IOS2014006005801:23","Animalia","Arthropoda","Malacostraca","Euphausiacea","Euphausiidae","Euphausia","Euphausia pacifica",49.366,-124.085
"6136300100","5e618452-d449-4290-a29c-6564b5fb3154","IOS2014006005801:22","Animalia","Arthropoda","Malacostraca","Euphausiacea","Euphausiidae","Euphausia","Euphausia pacifica",49.366,-124.085
"6136300097","5e618452-d449-4290-a29c-6564b5fb3154","IOS2014006005801:21","Animalia","Arthropoda","Malacostraca","Euphausiacea","Euphausiidae","Euphausia","Euphausia pacifica",49.366,-124.085
"6136300096","5e618452-d449-4290-a29c-6564b5fb3154","IOS2014006005801:20","Animalia","Arthropoda","Malacostraca","Euphausiacea","Euphausiidae","Euphausia","Euphausia pacifica",49.366,-124.085
"6136300037","5e618452-d449-4290-a29c-6564b5fb3154","IOS2013012003201:28","Animalia","Arthropoda","Malacostraca","Euphausiacea","Euphausiidae","Euphausia","Euphausia pacifica",49.468,-124.498
"6136300034","5e618452-d449-4290-a29c-6564b5fb3154","IOS2013012003201:27","Animalia","Arthropoda","Malacostraca","Euphausiacea","Euphausiidae","Euphausia","Euphausia pacifica",49.468,-124.498
"6136300033","5e618452-d449-4290-a29c-6564b5fb3154","IOS2013012003201:26","Animalia","Arthropoda","Malacostraca","Euphausiacea","Euphausiidae","Euphausia","Euphausia pacifica",49.468,-124.498
"6136299797","5e618452-d449-4290-a29c-6564b5fb3154","IOS2015022010901:29","Animalia","Arthropoda","Malacostraca","Euphausiacea","Euphausiidae","Euphausia","Euphausia pacifica",49.248,-123.745
"6136299691","5e618452-d449-4290-a29c-6564b5fb3154","IOS2015022010901:30","Animalia","Arthropoda","Malacostraca","Euphausiacea","Euphausiidae","Euphausia","Euphausia pacifica",49.248,-123.745
"6136299688","5e618452-d449-4290-a29c-6564b5fb3154","IOS2015022010901:31","Animalia","Arthropoda","Malacostraca","Euphausiacea","Euphausiidae","Euphausia","Euphausia pacifica",49.248,-123.745
"6136299663","5e618452-d449-4290-a29c-6564b5fb3154","IOS2015022001401:22","Animalia","Arthropoda","Malacostraca","Euphausiacea","Euphausiidae","Euphausia","Euphausia pacifica",49.199,-123.439
"6136299568","5e618452-d449-4290-a29c-6564b5fb3154","PBS2009041033501:17","Animalia","Arthropoda","Malacostraca","Euphausiacea","Euphausiidae","Euphausia","Euphausia pacifica",49.376,-123.805
"6136299567","5e618452-d449-4290-a29c-6564b5fb3154","PBS2009041033501:16","Animalia","Arthropoda","Malacostraca","Euphausiacea","Euphausiidae","Euphausia","Euphausia pacifica",49.376,-123.805
"6136299565","5e618452-d449-4290-a29c-6564b5fb3154","PBS2009041033501:18","Animalia","Arthropoda","Malacostraca","Euphausiacea","Euphausiidae","Euphausia","Euphausia pacifica",49.376,-123.805
"6136299544","5e618452-d449-4290-a29c-6564b5fb3154","IOS2006030001101:8","Animalia","Arthropoda","Malacostraca","Euphausiacea","Euphausiidae","Euphausia","Euphausia pacifica",49.25,-123.702
"6136299534","5e618452-d449-4290-a29c-6564b5fb3154","IOS2006030001101:9","Animalia","Arthropoda","Malacostraca","Euphausiacea","Euphausiidae","Euphausia","Euphausia pacifica",49.25,-123.702
"6136299369","5e618452-d449-4290-a29c-6564b5fb3154","PBS2009001003601:20","Animalia","Arthropoda","Malacostraca","Euphausiacea","Euphausiidae","Euphausia","Euphausia pacifica",49.481,-124.029
"6136299316","5e618452-d449-4290-a29c-6564b5fb3154","PBS2009001003601:19","Animalia","Arthropoda","Malacostraca","Euphausiacea","Euphausiidae","Euphausia","Euphausia pacifica",49.481,-124.029
"6136298229","5e618452-d449-4290-a29c-6564b5fb3154","IOS2016010003401:17","Animalia","Arthropoda","Malacostraca","Euphausiacea","Euphausiidae","Euphausia","Euphausia pacifica",49.366,-124.086
"6136298228","5e618452-d449-4290-a29c-6564b5fb3154","IOS2016010003401:16","Animalia","Arthropoda","Malacostraca","Euphausiacea","Euphausiidae","Euphausia","Euphausia pacifica",49.366,-124.086
"6136298213","5e618452-d449-4290-a29c-6564b5fb3154","IOS2016010003401:18","Animalia","Arthropoda","Malacostraca","Euphausiacea","Euphausiidae","Euphausia","Euphausia pacifica",49.366,-124.086
"6136298207","5e618452-d449-4290-a29c-6564b5fb3154","PBS2009041029701:18","Animalia","Arthropoda","Malacostraca","Euphausiacea","Euphausiidae","Euphausia","Euphausia pacifica",49.901,-124.94
"6136298204","5e618452-d449-4290-a29c-6564b5fb3154","PBS2009041029701:17","Animalia","Arthropoda","Malacostraca","Euphausiacea","Euphausiidae","Euphausia","Euphausia pacifica",49.901,-124.94
"6136298203","5e618452-d449-4290-a29c-6564b5fb3154","PBS2009041029701:16","Animalia","Arthropoda","Malacostraca","Euphausiacea","Euphausiidae","Euphausia","Euphausia pacifica",49.901,-124.94
"6136298197","5e618452-d449-4290-a29c-6564b5fb3154","PBS2009041029701:19","Animalia","Arthropoda","Malacostraca","Euphausiacea","Euphausiidae","Euphausia","Euphausia pacifica",49.901,-124.94
"6136298153","5e618452-d449-4290-a29c-6564b5fb3154","PBS2009041029701:20","Animalia","Arthropoda","Malacostraca","Euphausiacea","Euphausiidae","Euphausia","Euphausia pacifica",49.901,-124.94
"6136297963","5e618452-d449-4290-a29c-6564b5fb3154","IOS2018029006301:32","Animalia","Arthropoda","Malacostraca","Euphausiacea","Euphausiidae","Euphausia","Euphausia pacifica",49.25,-123.748
"6136297960","5e618452-d449-4290-a29c-6564b5fb3154","IOS2018029006301:31","Animalia","Arthropoda","Malacostraca","Euphausiacea","Euphausiidae","Euphausia","Euphausia pacifica",49.25,-123.748
"6136297959","5e618452-d449-4290-a29c-6564b5fb3154","IOS2018029006301:30","Animalia","Arthropoda","Malacostraca","Euphausiacea","Euphausiidae","Euphausia","Euphausia pacifica",49.25,-123.748
"6136297903","5e618452-d449-4290-a29c-6564b5fb3154","IOS2015019004601:15","Animalia","Arthropoda","Malacostraca","Euphausiacea","Euphausiidae","Euphausia","Euphausia pacifica",49.03,-123.434
"6136297900","5e618452-d449-4290-a29c-6564b5fb3154","IOS2015019004601:14","Animalia","Arthropoda","Malacostraca","Euphausiacea","Euphausiidae","Euphausia","Euphausia pacifica",49.03,-123.434
"6136297875","5e618452-d449-4290-a29c-6564b5fb3154","IOS2018029006301:29","Animalia","Arthropoda","Malacostraca","Euphausiacea","Euphausiidae","Euphausia","Euphausia pacifica",49.25,-123.748
"6136297874","5e618452-d449-4290-a29c-6564b5fb3154","IOS2018029006301:28","Animalia","Arthropoda","Malacostraca","Euphausiacea","Euphausiidae","Euphausia","Euphausia pacifica",49.25,-123.748
"6136297662","5e618452-d449-4290-a29c-6564b5fb3154","IOS2011016015001:31","Animalia","Arthropoda","Malacostraca","Euphausiacea","Euphausiidae","Euphausia","Euphausia pacifica",49.468,-124.502
"6136297660","5e618452-d449-4290-a29c-6564b5fb3154","IOS2011016015001:33","Animalia","Arthropoda","Malacostraca","Euphausiacea","Euphausiidae","Euphausia","Euphausia pacifica",49.468,-124.502
"6136297659","5e618452-d449-4290-a29c-6564b5fb3154","IOS2011016015001:32","Animalia","Arthropoda","Malacostraca","Euphausiacea","Euphausiidae","Euphausia","Euphausia pacifica",49.468,-124.502
"6136297658","5e618452-d449-4290-a29c-6564b5fb3154","IOS2011016015001:35","Animalia","Arthropoda","Malacostraca","Euphausiacea","Euphausiidae","Euphausia","Euphausia pacifica",49.468,-124.502
"6136297657","5e618452-d449-4290-a29c-6564b5fb3154","IOS2011016015001:34","Animalia","Arthropoda","Malacostraca","Euphausiacea","Euphausiidae","Euphausia","Euphausia pacifica",49.468,-124.502
"6136297635","5e618452-d449-4290-a29c-6564b5fb3154","IOS2016009021301:27","Animalia","Arthropoda","Malacostraca","Euphausiacea","Euphausiidae","Euphausia","Euphausia pacifica",49.505,-124.1
"6136297634","5e618452-d449-4290-a29c-6564b5fb3154","IOS2016009021301:26","Animalia","Arthropoda","Malacostraca","Euphausiacea","Euphausiidae","Euphausia","Euphausia pacifica",49.505,-124.1
"6136297621","5e618452-d449-4290-a29c-6564b5fb3154","IOS2006030001001:12","Animalia","Arthropoda","Malacostraca","Euphausiacea","Euphausiidae","Euphausia","Euphausia pacifica",49.25,-123.702
"6136297560","5e618452-d449-4290-a29c-6564b5fb3154","IOS2006030001001:13","Animalia","Arthropoda","Malacostraca","Euphausiacea","Euphausiidae","Euphausia","Euphausia pacifica",49.25,-123.702
"6136296242","5e618452-d449-4290-a29c-6564b5fb3154","IOS2013013007601:19","Animalia","Arthropoda","Malacostraca","Euphausiacea","Euphausiidae","Euphausia","Euphausia pacifica",49.705,-124.725
"6136296241","5e618452-d449-4290-a29c-6564b5fb3154","IOS2013013007601:18","Animalia","Arthropoda","Malacostraca","Euphausiacea","Euphausiidae","Euphausia","Euphausia pacifica",49.705,-124.725
"6136296114","5e618452-d449-4290-a29c-6564b5fb3154","IOS2015018008401:32","Animalia","Arthropoda","Malacostraca","Euphausiacea","Euphausiidae","Euphausia","Euphausia pacifica",49.707,-124.724
"6136296106","5e618452-d449-4290-a29c-6564b5fb3154","IOS2015018008401:31","Animalia","Arthropoda","Malacostraca","Euphausiacea","Euphausiidae","Euphausia","Euphausia pacifica",49.707,-124.724
"6136296105","5e618452-d449-4290-a29c-6564b5fb3154","IOS2015018008401:30","Animalia","Arthropoda","Malacostraca","Euphausiacea","Euphausiidae","Euphausia","Euphausia pacifica",49.707,-124.724
"6136296103","5e618452-d449-4290-a29c-6564b5fb3154","IOS2017047000301:38","Animalia","Arthropoda","Malacostraca","Euphausiacea","Euphausiidae","Euphausia","Euphausia pacifica",49.25,-123.75
"6136296100","5e618452-d449-4290-a29c-6564b5fb3154","IOS2017047000301:37","Animalia","Arthropoda","Malacostraca","Euphausiacea","Euphausiidae","Euphausia","Euphausia pacifica",49.25,-123.75
"6136296098","5e618452-d449-4290-a29c-6564b5fb3154","IOS2017047000301:39","Animalia","Arthropoda","Malacostraca","Euphausiacea","Euphausiidae","Euphausia","Euphausia pacifica",49.25,-123.75
"6136296090","5e618452-d449-4290-a29c-6564b5fb3154","IOS2017047001301:28","Animalia","Arthropoda","Malacostraca","Euphausiacea","Euphausiidae","Euphausia","Euphausia pacifica",49.707,-124.723
"6136296087","5e618452-d449-4290-a29c-6564b5fb3154","IOS2017047001301:27","Animalia","Arthropoda","Malacostraca","Euphausiacea","Euphausiidae","Euphausia","Euphausia pacifica",49.707,-124.723
"6136296073","5e618452-d449-4290-a29c-6564b5fb3154","IOS2017047001301:29","Animalia","Arthropoda","Malacostraca","Euphausiacea","Euphausiidae","Euphausia","Euphausia pacifica",49.707,-124.723
"6136295955","5e618452-d449-4290-a29c-6564b5fb3154","IOS2015022013901:34","Animalia","Arthropoda","Malacostraca","Euphausiacea","Euphausiidae","Euphausia","Euphausia pacifica",49.055,-123.375
"6136295954","5e618452-d449-4290-a29c-6564b5fb3154","IOS2015022013901:33","Animalia","Arthropoda","Malacostraca","Euphausiacea","Euphausiidae","Euphausia","Euphausia pacifica",49.055,-123.375
"6136295806","5e618452-d449-4290-a29c-6564b5fb3154","IOS2015021015001:11","Animalia","Arthropoda","Malacostraca","Euphausiacea","Euphausiidae","Euphausia","Euphausia pacifica",49.465,-124.499
"6136295707","5e618452-d449-4290-a29c-6564b5fb3154","IOS2017047001301:30","Animalia","Arthropoda","Malacostraca","Euphausiacea","Euphausiidae","Euphausia","Euphausia pacifica",49.707,-124.723
"6136295667","5e618452-d449-4290-a29c-6564b5fb3154","UVI2004000001401:23","Animalia","Arthropoda","Malacostraca","Euphausiacea","Euphausiidae","Euphausia","Euphausia pacifica",49.25,-123.748
"6136295609","5e618452-d449-4290-a29c-6564b5fb3154","IOS2017063009601:29","Animalia","Arthropoda","Malacostraca","Euphausiacea","Euphausiidae","Euphausia","Euphausia pacifica",49.469,-124.504
"6136295608","5e618452-d449-4290-a29c-6564b5fb3154","IOS2017063009601:28","Animalia","Arthropoda","Malacostraca","Euphausiacea","Euphausiidae","Euphausia","Euphausia pacifica",49.469,-124.504
"6136295607","5e618452-d449-4290-a29c-6564b5fb3154","IOS2017063009601:27","Animalia","Arthropoda","Malacostraca","Euphausiacea","Euphausiidae","Euphausia","Euphausia pacifica",49.469,-124.504
"6136295606","5e618452-d449-4290-a29c-6564b5fb3154","IOS2017063009601:26","Animalia","Arthropoda","Malacostraca","Euphausiacea","Euphausiidae","Euphausia","Euphausia pacifica",49.469,-124.504
"6136295409","5e618452-d449-4290-a29c-6564b5fb3154","IOS2017007011501:27","Animalia","Arthropoda","Malacostraca","Euphausiacea","Euphausiidae","Euphausia","Euphausia pacifica",49.707,-124.723
"6136295408","5e618452-d449-4290-a29c-6564b5fb3154","IOS2017007011501:26","Animalia","Arthropoda","Malacostraca","Euphausiacea","Euphausiidae","Euphausia","Euphausia pacifica",49.707,-124.723
"6136295407","5e618452-d449-4290-a29c-6564b5fb3154","IOS2017007011501:25","Animalia","Arthropoda","Malacostraca","Euphausiacea","Euphausiidae","Euphausia","Euphausia pacifica",49.707,-124.723
"6136295331","5e618452-d449-4290-a29c-6564b5fb3154","PBS1997061000101:13","Animalia","Arthropoda","Malacostraca","Euphausiacea","Euphausiidae","Euphausia","Euphausia pacifica",49.25,-123.75
"6136295330","5e618452-d449-4290-a29c-6564b5fb3154","PBS1997061000101:12","Animalia","Arthropoda","Malacostraca","Euphausiacea","Euphausiidae","Euphausia","Euphausia pacifica",49.25,-123.75
"5896032521","af01e1e3-fcf3-4c55-be51-35a345b42726","9F5956F7-0E73-46B0-9724-F5CC1F7FB40C","Animalia","Arthropoda","Malacostraca","Euphausiacea","Euphausiidae","Euphausia","Euphausia pacifica",39.933333,-124.116667
"5758837127","15d678bd-774e-4717-976a-4d5e9a797398","374E3123-3ABE-44A7-8C7C-1E9DCB75870A","Animalia","Arthropoda","Malacostraca","Euphausiacea","Euphausiidae","Euphausia","Euphausia pacifica",28.3464,-115.8531
"5758837111","15d678bd-774e-4717-976a-4d5e9a797398","37139711-E2C0-4ED9-838E-23EB09C8FDD0","Animalia","Arthropoda","Malacostraca","Euphausiacea","Euphausiidae","Euphausia","Euphausia pacifica",32.6587,-118.8173
"5758836960","15d678bd-774e-4717-976a-4d5e9a797398","780DABD3-9E66-47DF-9D0B-62F12E4C2EA3","Animalia","Arthropoda","Malacostraca","Euphausiacea","Euphausiidae","Euphausia","Euphausia pacifica",31.912,-119.1244
"5758834053","15d678bd-774e-4717-976a-4d5e9a797398","8A4F579A-CE4A-4B44-8692-4C1A1D483067","Animalia","Arthropoda","Malacostraca","Euphausiacea","Euphausiidae","Euphausia","Euphausia pacifica",31.4054,-121.8368
"5758834026","15d678bd-774e-4717-976a-4d5e9a797398","6479BF40-EB72-46BF-9666-7A5327285B8B","Animalia","Arthropoda","Malacostraca","Euphausiacea","Euphausiidae","Euphausia","Euphausia pacifica",32.3079,-119.9956
"5758833413","15d678bd-774e-4717-976a-4d5e9a797398","52AE79C0-E666-4607-BFD4-E8CAACA5B403","Animalia","Arthropoda","Malacostraca","Euphausiacea","Euphausiidae","Euphausia","Euphausia pacifica",43.4567,-146.7132
"5758829995","15d678bd-774e-4717-976a-4d5e9a797398","F3133CAA-2B8A-45F8-BA1E-6B351BFBCCCA","Animalia","Arthropoda","Malacostraca","Euphausiacea","Euphausiidae","Euphausia","Euphausia pacifica",30.6845,-119.109
"5758829763","15d678bd-774e-4717-976a-4d5e9a797398","5691D942-36B0-43D7-9F8A-BAC8B90BA017","Animalia","Arthropoda","Malacostraca","Euphausiacea","Euphausiidae","Euphausia","Euphausia pacifica",31.474,-118.9457
"5758829519","15d678bd-774e-4717-976a-4d5e9a797398","CEB0B1FD-7CD3-4CFA-91BD-FB308DDB3EAA","Animalia","Arthropoda","Malacostraca","Euphausiacea","Euphausiidae","Euphausia","Euphausia pacifica",31.3619,-119.3058
"5758829501","15d678bd-774e-4717-976a-4d5e9a797398","1E1C4BFD-05A3-46FB-9122-61699B7C1D65","Animalia","Arthropoda","Malacostraca","Euphausiacea","Euphausiidae","Euphausia","Euphausia pacifica",32.2714,-119.5265
"5758826184","15d678bd-774e-4717-976a-4d5e9a797398","D7F71A8C-DEDD-4B1E-9DF4-F6A763EB1D15","Animalia","Arthropoda","Malacostraca","Euphausiacea","Euphausiidae","Euphausia","Euphausia pacifica",33.2625,-120.4525
"5758825800","15d678bd-774e-4717-976a-4d5e9a797398","C5CA843D-8DC4-4247-ADD6-8847507F5EF5","Animalia","Arthropoda","Malacostraca","Euphausiacea","Euphausiidae","Euphausia","Euphausia pacifica",31.912,-119.1244
"5758822840","15d678bd-774e-4717-976a-4d5e9a797398","C2C4B6D1-6326-4D76-B4CD-C8AE623A7A8F","Animalia","Arthropoda","Malacostraca","Euphausiacea","Euphausiidae","Euphausia","Euphausia pacifica",31.912,-119.1244
"5758822395","15d678bd-774e-4717-976a-4d5e9a797398","70BFC3A8-1961-40F5-8012-ACA9C94CF64D","Animalia","Arthropoda","Malacostraca","Euphausiacea","Euphausiidae","Euphausia","Euphausia pacifica",31.912,-119.1244
"5758822374","15d678bd-774e-4717-976a-4d5e9a797398","6A27FE1A-1A9A-4C08-9F2A-47FE0EA92287","Animalia","Arthropoda","Malacostraca","Euphausiacea","Euphausiidae","Euphausia","Euphausia pacifica",32.6278,-119.5263
"5758819648","15d678bd-774e-4717-976a-4d5e9a797398","E1130339-4812-497E-A776-D833E047FA89","Animalia","Arthropoda","Malacostraca","Euphausiacea","Euphausiidae","Euphausia","Euphausia pacifica",30.7654,-118.6777
"5758819481","15d678bd-774e-4717-976a-4d5e9a797398","F665D6FF-2EC7-4CD1-B398-B21B7560F606","Animalia","Arthropoda","Malacostraca","Euphausiacea","Euphausiidae","Euphausia","Euphausia pacifica",31.0871,-118.3321
"5758815992","15d678bd-774e-4717-976a-4d5e9a797398","93CA1B42-2E6C-4D47-8C10-FABB50139296","Animalia","Arthropoda","Malacostraca","Euphausiacea","Euphausiidae","Euphausia","Euphausia pacifica",31.3619,-119.3058
"5758815422","15d678bd-774e-4717-976a-4d5e9a797398","2DBE6123-7636-47F9-9FEE-7C8094AAF1E9","Animalia","Arthropoda","Malacostraca","Euphausiacea","Euphausiidae","Euphausia","Euphausia pacifica",32.5311,-119.9152
"5758815401","15d678bd-774e-4717-976a-4d5e9a797398","0F0B416F-59B1-4EB8-A097-8FE1CCD708D9","Animalia","Arthropoda","Malacostraca","Euphausiacea","Euphausiidae","Euphausia","Euphausia pacifica",31.0871,-118.3321
"5758810488","15d678bd-774e-4717-976a-4d5e9a797398","4545F8D8-29D4-45F9-8B77-A9AD0037742E","Animalia","Arthropoda","Malacostraca","Euphausiacea","Euphausiidae","Euphausia","Euphausia pacifica",31.0446,-118.794
"5758805087","15d678bd-774e-4717-976a-4d5e9a797398","8C9FB8FE-AD9F-48A3-A88D-B172AE06CA44","Animalia","Arthropoda","Malacostraca","Euphausiacea","Euphausiidae","Euphausia","Euphausia pacifica",34.4588,-121.4881
"5758804808","15d678bd-774e-4717-976a-4d5e9a797398","8F8314F9-93B6-4A5F-A1B9-446249FD0DF3","Animalia","Arthropoda","Malacostraca","Euphausiacea","Euphausiidae","Euphausia","Euphausia pacifica",30.2298,-119.3966
"5758804528","15d678bd-774e-4717-976a-4d5e9a797398","E6D3348D-3032-4DF4-B155-2C7A3BC2DD3F","Animalia","Arthropoda","Malacostraca","Euphausiacea","Euphausiidae","Euphausia","Euphausia pacifica",29.4576,-117.3631
"5758801086","15d678bd-774e-4717-976a-4d5e9a797398","F61C1E17-3B41-40F2-83AB-C2630A3A2386","Animalia","Arthropoda","Malacostraca","Euphausiacea","Euphausiidae","Euphausia","Euphausia pacifica",34.4588,-121.4881
"5758800732","15d678bd-774e-4717-976a-4d5e9a797398","5EAC1AC2-488B-4650-AE8C-24108948FBD8","Animalia","Arthropoda","Malacostraca","Euphausiacea","Euphausiidae","Euphausia","Euphausia pacifica",31.912,-119.1244
"5758782292","15d678bd-774e-4717-976a-4d5e9a797398","9F44EFDC-DBD2-482E-A5DF-8A6A91F83A20","Animalia","Arthropoda","Malacostraca","Euphausiacea","Euphausiidae","Euphausia","Euphausia pacifica",31.912,-119.1244
"5758782224","15d678bd-774e-4717-976a-4d5e9a797398","7A9E3A71-D19E-4539-92F3-A45D85228278","Animalia","Arthropoda","Malacostraca","Euphausiacea","Euphausiidae","Euphausia","Euphausia pacifica",32.6672,-119.8116
"5758782135","15d678bd-774e-4717-976a-4d5e9a797398","2FE35B85-FC39-4790-9044-CC92CD273626","Animalia","Arthropoda","Malacostraca","Euphausiacea","Euphausiidae","Euphausia","Euphausia pacifica",31.3619,-119.3058
"5758781880","15d678bd-774e-4717-976a-4d5e9a797398","AF361EAC-D09C-4BE3-B98C-111005E7E8D4","Animalia","Arthropoda","Malacostraca","Euphausiacea","Euphausiidae","Euphausia","Euphausia pacifica",32.2714,-119.5265
"5758781562","15d678bd-774e-4717-976a-4d5e9a797398","A73098B6-FA25-4708-93A7-59F50E214BFE","Animalia","Arthropoda","Malacostraca","Euphausiacea","Euphausiidae","Euphausia","Euphausia pacifica",32.3079,-119.9956
"5758774708","15d678bd-774e-4717-976a-4d5e9a797398","51003654-8804-4966-8D06-50D7B7651260","Animalia","Arthropoda","Malacostraca","Euphausiacea","Euphausiidae","Euphausia","Euphausia pacifica",31.2398,-118.649
"5758774335","15d678bd-774e-4717-976a-4d5e9a797398","2533D488-ACE4-4914-8687-8C2860861DDF","Animalia","Arthropoda","Malacostraca","Euphausiacea","Euphausiidae","Euphausia","Euphausia pacifica",31.474,-118.9457
"5758767489","15d678bd-774e-4717-976a-4d5e9a797398","6C026E8F-0674-411B-AA28-73F5F3C969A2","Animalia","Arthropoda","Malacostraca","Euphausiacea","Euphausiidae","Euphausia","Euphausia pacifica",31.912,-119.1244
"5758758176","15d678bd-774e-4717-976a-4d5e9a797398","E048FEA7-932E-4DC0-A1EA-07EC52C90615","Animalia","Arthropoda","Malacostraca","Euphausiacea","Euphausiidae","Euphausia","Euphausia pacifica",31.2207,-118.1998
"5758758026","15d678bd-774e-4717-976a-4d5e9a797398","8477DEC0-A802-48FD-9C5F-44C59065D72A","Animalia","Arthropoda","Malacostraca","Euphausiacea","Euphausiidae","Euphausia","Euphausia pacifica",31.3619,-119.3058
"5758757710","15d678bd-774e-4717-976a-4d5e9a797398","80F9147F-CF86-47F0-A1F7-346A17BED5B7","Animalia","Arthropoda","Malacostraca","Euphausiacea","Euphausiidae","Euphausia","Euphausia pacifica",31.0444,-118.629
"5758757699","15d678bd-774e-4717-976a-4d5e9a797398","90E32472-981C-403B-A18A-B8A7FD3765EB","Animalia","Arthropoda","Malacostraca","Euphausiacea","Euphausiidae","Euphausia","Euphausia pacifica",43.4567,-146.7132
"5758753030","15d678bd-774e-4717-976a-4d5e9a797398","AA47C5BF-CFC9-4BCD-BE1A-4F780271A159","Animalia","Arthropoda","Malacostraca","Euphausiacea","Euphausiidae","Euphausia","Euphausia pacifica",31.912,-119.1244
"5758748276","15d678bd-774e-4717-976a-4d5e9a797398","5A760DA8-7B57-4808-A4BB-A08489D98D4F","Animalia","Arthropoda","Malacostraca","Euphausiacea","Euphausiidae","Euphausia","Euphausia pacifica",32.6672,-119.8116
"5758747794","15d678bd-774e-4717-976a-4d5e9a797398","EEC995F8-1E72-4037-93D9-5B853455715A","Animalia","Arthropoda","Malacostraca","Euphausiacea","Euphausiidae","Euphausia","Euphausia pacifica",31.0871,-118.3321
"5758747683","15d678bd-774e-4717-976a-4d5e9a797398","87898C85-9416-4F22-A10E-A4DBAA330177","Animalia","Arthropoda","Malacostraca","Euphausiacea","Euphausiidae","Euphausia","Euphausia pacifica",34.9408,-122.3987
"5758741276","15d678bd-774e-4717-976a-4d5e9a797398","8BA2672F-2446-47E4-A9B7-A51C9F229EA5","Animalia","Arthropoda","Malacostraca","Euphausiacea","Euphausiidae","Euphausia","Euphausia pacifica",30.8157,-118.429
"5758740722","15d678bd-774e-4717-976a-4d5e9a797398","84EE9EAB-3E12-45CB-AB61-332852BE36D6","Animalia","Arthropoda","Malacostraca","Euphausiacea","Euphausiidae","Euphausia","Euphausia pacifica",30.6845,-119.109
"5758734156","15d678bd-774e-4717-976a-4d5e9a797398","A6BABB5E-2EC6-4116-80CA-258599793DDB","Animalia","Arthropoda","Malacostraca","Euphausiacea","Euphausiidae","Euphausia","Euphausia pacifica",31.3619,-119.3058
"5758733976","15d678bd-774e-4717-976a-4d5e9a797398","FA43F183-F6A6-4733-BCFB-673B913A6CDF","Animalia","Arthropoda","Malacostraca","Euphausiacea","Euphausiidae","Euphausia","Euphausia pacifica",30.0667,-118.0972
"5758733903","15d678bd-774e-4717-976a-4d5e9a797398","380197F8-9F9B-49F7-89C0-69C720D99DE6","Animalia","Arthropoda","Malacostraca","Euphausiacea","Euphausiidae","Euphausia","Euphausia pacifica",31.3619,-119.3058
"5758716866","15d678bd-774e-4717-976a-4d5e9a797398","A03E8B18-EE4B-4EB0-B924-6DD6DEAE95A7","Animalia","Arthropoda","Malacostraca","Euphausiacea","Euphausiidae","Euphausia","Euphausia pacifica",32.6672,-119.8116
"5758714054","15d678bd-774e-4717-976a-4d5e9a797398","05409CA4-C2E9-4C7D-B7FF-930343F2DA21","Animalia","Arthropoda","Malacostraca","Euphausiacea","Euphausiidae","Euphausia","Euphausia pacifica",31.3619,-119.3058
"5758713466","15d678bd-774e-4717-976a-4d5e9a797398","1ACBE76E-AE9C-4D73-B923-EBD390E18012","Animalia","Arthropoda","Malacostraca","Euphausiacea","Euphausiidae","Euphausia","Euphausia pacifica",29.9916,-117.6063
"5758713355","15d678bd-774e-4717-976a-4d5e9a797398","87620468-3361-4293-B059-78F71DAA538A","Animalia","Arthropoda","Malacostraca","Euphausiacea","Euphausiidae","Euphausia","Euphausia pacifica",32.2714,-119.5265
"5758709122","15d678bd-774e-4717-976a-4d5e9a797398","3D62D17B-8B6F-46EF-9D5D-F94F4CC31E19","Animalia","Arthropoda","Malacostraca","Euphausiacea","Euphausiidae","Euphausia","Euphausia pacifica",31.912,-119.1244
"5758708761","15d678bd-774e-4717-976a-4d5e9a797398","FB512C5A-8BAF-45A8-8CA4-9390F29011A9","Animalia","Arthropoda","Malacostraca","Euphausiacea","Euphausiidae","Euphausia","Euphausia pacifica",30.7654,-118.6777
"5758708693","15d678bd-774e-4717-976a-4d5e9a797398","B87D05F0-F996-44A9-9C5C-1D07F98A6345","Animalia","Arthropoda","Malacostraca","Euphausiacea","Euphausiidae","Euphausia","Euphausia pacifica",33.1507,-120.2423
"5758708509","15d678bd-774e-4717-976a-4d5e9a797398","1353824B-337E-475E-862B-5D574B204D66","Animalia","Arthropoda","Malacostraca","Euphausiacea","Euphausiidae","Euphausia","Euphausia pacifica",32.6672,-119.8116
"5758705139","15d678bd-774e-4717-976a-4d5e9a797398","90866433-7260-4EF7-B8B9-6DAA195B81A9","Animalia","Arthropoda","Malacostraca","Euphausiacea","Euphausiidae","Euphausia","Euphausia pacifica",31.0871,-118.3321
"5758705093","15d678bd-774e-4717-976a-4d5e9a797398","1401BE47-BA30-4D7E-B46B-DF1B10FF27BD","Animalia","Arthropoda","Malacostraca","Euphausiacea","Euphausiidae","Euphausia","Euphausia pacifica",31.912,-119.1244
"5758704625","15d678bd-774e-4717-976a-4d5e9a797398","A4626413-4281-4242-8D9A-589211280CD1","Animalia","Arthropoda","Malacostraca","Euphausiacea","Euphausiidae","Euphausia","Euphausia pacifica",32.1222,-119.5479
"5758704455","15d678bd-774e-4717-976a-4d5e9a797398","9314772B-0EF3-41C0-8AE3-81ABEB7C672E","Animalia","Arthropoda","Malacostraca","Euphausiacea","Euphausiidae","Euphausia","Euphausia pacifica",30.0667,-118.0972
"5758704330","15d678bd-774e-4717-976a-4d5e9a797398","8193B10B-1F41-4EE9-9624-1A37CB6F7880","Animalia","Arthropoda","Malacostraca","Euphausiacea","Euphausiidae","Euphausia","Euphausia pacifica",30.9412,-118.3519
"5758702942","15d678bd-774e-4717-976a-4d5e9a797398","2BE84F2F-7076-4501-A3C8-D047DF9C5A32","Animalia","Arthropoda","Malacostraca","Euphausiacea","Euphausiidae","Euphausia","Euphausia pacifica",32.6587,-118.8173
"5758702556","15d678bd-774e-4717-976a-4d5e9a797398","2A9506D5-2A31-4876-87C3-C9F6C2792945","Animalia","Arthropoda","Malacostraca","Euphausiacea","Euphausiidae","Euphausia","Euphausia pacifica",45.333,-124
"5758702416","15d678bd-774e-4717-976a-4d5e9a797398","EF1FC2DF-BC59-4421-B95D-4B2F92DFDEE5","Animalia","Arthropoda","Malacostraca","Euphausiacea","Euphausiidae","Euphausia","Euphausia pacifica",31.912,-119.1244
"5758702358","15d678bd-774e-4717-976a-4d5e9a797398","D11A086B-924B-4076-BDDE-898F5CB95EFF","Animalia","Arthropoda","Malacostraca","Euphausiacea","Euphausiidae","Euphausia","Euphausia pacifica",32.1222,-119.5479
"5758700177","15d678bd-774e-4717-976a-4d5e9a797398","DD462868-0947-484A-BDA2-0F46D61F04B4","Animalia","Arthropoda","Malacostraca","Euphausiacea","Euphausiidae","Euphausia","Euphausia pacifica",31.3619,-119.3058
"5758699519","15d678bd-774e-4717-976a-4d5e9a797398","7AF2C856-66DF-4A08-8DAB-AFBCF5A0805F","Animalia","Arthropoda","Malacostraca","Euphausiacea","Euphausiidae","Euphausia","Euphausia pacifica",31.3619,-119.3058
"5758699499","15d678bd-774e-4717-976a-4d5e9a797398","E8FA4138-B9FD-4C83-B2CA-B9F018B503EF","Animalia","Arthropoda","Malacostraca","Euphausiacea","Euphausiidae","Euphausia","Euphausia pacifica",33.1209,-118.2686
"5140878148","50c9509d-22c7-4a22-a47d-8c48425ef4a7","https://www.inaturalist.org/observations/275048115","Animalia","Arthropoda","Malacostraca","Euphausiacea","Euphausiidae","Euphausia","Euphausia pacifica",53.252055,-132.072651
"5140021552","50c9509d-22c7-4a22-a47d-8c48425ef4a7","https://www.inaturalist.org/observations/263234487","Animalia","Arthropoda","Malacostraca","Euphausiacea","Euphausiidae","Euphausia","Euphausia pacifica",58.372988,-134.725437
"5139980158","50c9509d-22c7-4a22-a47d-8c48425ef4a7","https://www.inaturalist.org/observations/224669898","Animalia","Arthropoda","Malacostraca","Euphausiacea","Euphausiidae","Euphausia","Euphausia pacifica",49.177967,-123.858755
"5139976978","50c9509d-22c7-4a22-a47d-8c48425ef4a7","https://www.inaturalist.org/observations/206915352","Animalia","Arthropoda","Malacostraca","Euphausiacea","Euphausiidae","Euphausia","Euphausia pacifica",48.599131,-123.388395
"5108508209","50c9509d-22c7-4a22-a47d-8c48425ef4a7","https://www.inaturalist.org/observations/267989293","Animalia","Arthropoda","Malacostraca","Euphausiacea","Euphausiidae","Euphausia","Euphausia pacifica",50.74578,-126.49927
"5071306485","310dbb60-e369-4ec2-a6d8-8e4de843b208","PBS-SMMS-23138:RAI","Animalia","Arthropoda","Malacostraca","Euphausiacea","Euphausiidae","Euphausia","Euphausia pacifica",48.78347,-125.50694
"5071302609","310dbb60-e369-4ec2-a6d8-8e4de843b208","PBS-SMMS-23137:RAI","Animalia","Arthropoda","Malacostraca","Euphausiacea","Euphausiidae","Euphausia","Euphausia pacifica",48.77065,-125.52572
"5071302405","310dbb60-e369-4ec2-a6d8-8e4de843b208","PBS-SMMS-23105:RAI","Animalia","Arthropoda","Malacostraca","Euphausiacea","Euphausiidae","Euphausia","Euphausia pacifica",49.08088,-126.56498
"5071192688","310dbb60-e369-4ec2-a6d8-8e4de843b208","PBS-SMMS-15593:RAI","Animalia","Arthropoda","Malacostraca","Euphausiacea","Euphausiidae","Euphausia","Euphausia pacifica",48.87503,-125.1022
"4936587329","50c9509d-22c7-4a22-a47d-8c48425ef4a7","https://www.inaturalist.org/observations/237370809","Animalia","Arthropoda","Malacostraca","Euphausiacea","Euphausiidae","Euphausia","Euphausia pacifica",48.297477,-123.517577
"4901369220","50c9509d-22c7-4a22-a47d-8c48425ef4a7","https://www.inaturalist.org/observations/82513983","Animalia","Arthropoda","Malacostraca","Euphausiacea","Euphausiidae","Euphausia","Euphausia pacifica",48.369256,-123.530175
"4852356422","50c9509d-22c7-4a22-a47d-8c48425ef4a7","https://www.inaturalist.org/observations/208177749","Animalia","Arthropoda","Malacostraca","Euphausiacea","Euphausiidae","Euphausia","Euphausia pacifica",49.376814,-123.273737
"4851837997","50c9509d-22c7-4a22-a47d-8c48425ef4a7","https://www.inaturalist.org/observations/170870909","Animalia","Arthropoda","Malacostraca","Euphausiacea","Euphausiidae","Euphausia","Euphausia pacifica",49.298647,-123.487079
"4601177903","96cdea48-b78a-4345-ae6d-b2c7c6e0278a","3d26923c-7f4d-45c3-b31d-3aa5d7726296","Animalia","Arthropoda","Malacostraca","Euphausiacea","Euphausiidae","Euphausia","Euphausia pacifica",37.90585,-123.4194
"4601114454","44bcde48-ac71-46f2-bf73-24fc3c008b6c","urn:catalog:CAS:IZ:15838","Animalia","Arthropoda","Malacostraca","Euphausiacea","Euphausiidae","Euphausia","Euphausia pacifica",36.766667,-121.966667
"4535675200","50c9509d-22c7-4a22-a47d-8c48425ef4a7","https://www.inaturalist.org/observations/200967875","Animalia","Arthropoda","Malacostraca","Euphausiacea","Euphausiidae","Euphausia","Euphausia pacifica",49.340094,-123.232996
"4506782984","d80c46be-b600-44d5-9758-ef5159d40002","IYS2019-Kaganovsky-16-Bongo-1-24","Animalia","Arthropoda","Malacostraca","Euphausiacea","Euphausiidae","Euphausia","Euphausia pacifica",53.666667,-147.5
"4506782983","d80c46be-b600-44d5-9758-ef5159d40002","IYS2019-Kaganovsky-16-Bongo-1-23","Animalia","Arthropoda","Malacostraca","Euphausiacea","Euphausiidae","Euphausia","Euphausia pacifica",53.666667,-147.5
"4506782928","d80c46be-b600-44d5-9758-ef5159d40002","IYS2020-Legacy-4-Bongo-1-39","Animalia","Arthropoda","Malacostraca","Euphausiacea","Euphausiidae","Euphausia","Euphausia pacifica",47.4275,-138.468167
"4506782910","d80c46be-b600-44d5-9758-ef5159d40002","IYS2020-Legacy-4-Bongo-1-41","Animalia","Arthropoda","Malacostraca","Euphausiacea","Euphausiidae","Euphausia","Euphausia pacifica",47.4275,-138.468167
"4506782909","d80c46be-b600-44d5-9758-ef5159d40002","IYS2020-Legacy-4-Bongo-1-40","Animalia","Arthropoda","Malacostraca","Euphausiacea","Euphausiidae","Euphausia","Euphausia pacifica",47.4275,-138.468167
"4506782733","d80c46be-b600-44d5-9758-ef5159d40002","IYS2020-Legacy-AL-Bongo-1-36","Animalia","Arthropoda","Malacostraca","Euphausiacea","Euphausiidae","Euphausia","Euphausia pacifica",48.366667,-140.016667
"4506782732","d80c46be-b600-44d5-9758-ef5159d40002","IYS2019-Kaganovsky-35-Bongo-1-20","Animalia","Arthropoda","Malacostraca","Euphausiacea","Euphausiidae","Euphausia","Euphausia pacifica",50.667833,-144.506667
"4506782717","d80c46be-b600-44d5-9758-ef5159d40002","IYS2020-Legacy-AL-Bongo-1-37","Animalia","Arthropoda","Malacostraca","Euphausiacea","Euphausiidae","Euphausia","Euphausia pacifica",48.366667,-140.016667
"4506782476","d80c46be-b600-44d5-9758-ef5159d40002","IYS2020-Legacy-1-Bongo-1-41","Animalia","Arthropoda","Malacostraca","Euphausiacea","Euphausiidae","Euphausia","Euphausia pacifica",48.3975,-127.996117
"4506782465","d80c46be-b600-44d5-9758-ef5159d40002","IYS2019-Kaganovsky-5-Bongo-1-23","Animalia","Arthropoda","Malacostraca","Euphausiacea","Euphausiidae","Euphausia","Euphausia pacifica",47.666667,-140
"4506782447","d80c46be-b600-44d5-9758-ef5159d40002","IYS2020-Legacy-1-Bongo-1-42","Animalia","Arthropoda","Malacostraca","Euphausiacea","Euphausiidae","Euphausia","Euphausia pacifica",48.3975,-127.996117
"4506782406","d80c46be-b600-44d5-9758-ef5159d40002","IYS2019-Kaganovsky-41-Bongo-1-17","Animalia","Arthropoda","Malacostraca","Euphausiacea","Euphausiidae","Euphausia","Euphausia pacifica",53.666667,-143
"4506782355","d80c46be-b600-44d5-9758-ef5159d40002","IYS2019-Kaganovsky-29-Bongo-1-23","Animalia","Arthropoda","Malacostraca","Euphausiacea","Euphausiidae","Euphausia","Euphausia pacifica",51.667167,-146
"4506782320","d80c46be-b600-44d5-9758-ef5159d40002","IYS2019-Kaganovsky-22-Bongo-1-23","Animalia","Arthropoda","Malacostraca","Euphausiacea","Euphausiidae","Euphausia","Euphausia pacifica",56.666667,-143
"4506782319","d80c46be-b600-44d5-9758-ef5159d40002","IYS2019-Kaganovsky-22-Bongo-1-24","Animalia","Arthropoda","Malacostraca","Euphausiacea","Euphausiidae","Euphausia","Euphausia pacifica",56.666667,-143
"4506782072","d80c46be-b600-44d5-9758-ef5159d40002","IYS2020-Legacy-AV-Bongo-1-38","Animalia","Arthropoda","Malacostraca","Euphausiacea","Euphausiidae","Euphausia","Euphausia pacifica",47.405,-135.406667
"4506781986","d80c46be-b600-44d5-9758-ef5159d40002","IYS2019-Kaganovsky-31-Bongo-1-19","Animalia","Arthropoda","Malacostraca","Euphausiacea","Euphausiidae","Euphausia","Euphausia pacifica",49.666667,-146
"4506781944","d80c46be-b600-44d5-9758-ef5159d40002","IYS2020-Legacy-10-Bongo-1-28","Animalia","Arthropoda","Malacostraca","Euphausiacea","Euphausiidae","Euphausia","Euphausia pacifica",48.421333,-145.994
"4506781849","d80c46be-b600-44d5-9758-ef5159d40002","IYS2020-Legacy-Y27-Bongo-1-28","Animalia","Arthropoda","Malacostraca","Euphausiacea","Euphausiidae","Euphausia","Euphausia pacifica",52.408167,-137.088833
"4506781843","d80c46be-b600-44d5-9758-ef5159d40002","IYS2020-Legacy-Y27-Bongo-1-29","Animalia","Arthropoda","Malacostraca","Euphausiacea","Euphausiidae","Euphausia","Euphausia pacifica",52.408167,-137.088833
"4506781789","d80c46be-b600-44d5-9758-ef5159d40002","IYS2020-Legacy-Y27-Bongo-1-30","Animalia","Arthropoda","Malacostraca","Euphausiacea","Euphausiidae","Euphausia","Euphausia pacifica",52.408167,-137.088833
"4506781617","d80c46be-b600-44d5-9758-ef5159d40002","IYS2019-Kaganovsky-26-Bongo-1-20","Animalia","Arthropoda","Malacostraca","Euphausiacea","Euphausiidae","Euphausia","Euphausia pacifica",54.669333,-145.986
"4506781560","d80c46be-b600-44d5-9758-ef5159d40002","IYS2019-Kaganovsky-2-Bongo-1-36","Animalia","Arthropoda","Malacostraca","Euphausiacea","Euphausiidae","Euphausia","Euphausia pacifica",48.183333,-129.916667
"4506781349","d80c46be-b600-44d5-9758-ef5159d40002","IYS2019-Kaganovsky-19-Bongo-1-27","Animalia","Arthropoda","Malacostraca","Euphausiacea","Euphausiidae","Euphausia","Euphausia pacifica",56.666667,-147.5
"4506781348","d80c46be-b600-44d5-9758-ef5159d40002","IYS2019-Kaganovsky-19-Bongo-1-28","Animalia","Arthropoda","Malacostraca","Euphausiacea","Euphausiidae","Euphausia","Euphausia pacifica",56.666667,-147.5
"4506781282","d80c46be-b600-44d5-9758-ef5159d40002","IYS2020-Legacy-AI-Bongo-1-34","Animalia","Arthropoda","Malacostraca","Euphausiacea","Euphausiidae","Euphausia","Euphausia pacifica",49.445,-140.001667
"4506781267","d80c46be-b600-44d5-9758-ef5159d40002","IYS2019-Kaganovsky-25-Bongo-1-25","Animalia","Arthropoda","Malacostraca","Euphausiacea","Euphausiidae","Euphausia","Euphausia pacifica",55.666667,-145.996833
"4506781262","d80c46be-b600-44d5-9758-ef5159d40002","IYS2020-Legacy-AI-Bongo-1-33","Animalia","Arthropoda","Malacostraca","Euphausiacea","Euphausiidae","Euphausia","Euphausia pacifica",49.445,-140.001667
"4506781225","d80c46be-b600-44d5-9758-ef5159d40002","IYS2019-Kaganovsky-25-Bongo-1-24","Animalia","Arthropoda","Malacostraca","Euphausiacea","Euphausiidae","Euphausia","Euphausia pacifica",55.666667,-145.996833
"4506780886","d80c46be-b600-44d5-9758-ef5159d40002","IYS2020-Legacy-AH-Bongo-1-35","Animalia","Arthropoda","Malacostraca","Euphausiacea","Euphausiidae","Euphausia","Euphausia pacifica",49.435,-141.498333
"4506780884","d80c46be-b600-44d5-9758-ef5159d40002","IYS2020-Legacy-AH-Bongo-1-36","Animalia","Arthropoda","Malacostraca","Euphausiacea","Euphausiidae","Euphausia","Euphausia pacifica",49.435,-141.498333
"4506780880","d80c46be-b600-44d5-9758-ef5159d40002","IYS2020-Legacy-AH-Bongo-1-37","Animalia","Arthropoda","Malacostraca","Euphausiacea","Euphausiidae","Euphausia","Euphausia pacifica",49.435,-141.498333
"4506780723","d80c46be-b600-44d5-9758-ef5159d40002","IYS2019-Kaganovsky-34-Bongo-1-21","Animalia","Arthropoda","Malacostraca","Euphausiacea","Euphausiidae","Euphausia","Euphausia pacifica",49.666667,-144.5
"4506780722","d80c46be-b600-44d5-9758-ef5159d40002","IYS2019-Kaganovsky-34-Bongo-1-22","Animalia","Arthropoda","Malacostraca","Euphausiacea","Euphausiidae","Euphausia","Euphausia pacifica",49.666667,-144.5
"4506780684","d80c46be-b600-44d5-9758-ef5159d40002","IYS2020-Legacy-13-Bongo-1-21","Animalia","Arthropoda","Malacostraca","Euphausiacea","Euphausiidae","Euphausia","Euphausia pacifica",50.415667,-147.512667
"4506780570","d80c46be-b600-44d5-9758-ef5159d40002","IYS2019-Kaganovsky-17-Bongo-1-23","Animalia","Arthropoda","Malacostraca","Euphausiacea","Euphausiidae","Euphausia","Euphausia pacifica",54.666667,-147.5
"4506780569","d80c46be-b600-44d5-9758-ef5159d40002","IYS2019-Kaganovsky-17-Bongo-1-22","Animalia","Arthropoda","Malacostraca","Euphausiacea","Euphausiidae","Euphausia","Euphausia pacifica",54.666667,-147.5
"4506780360","d80c46be-b600-44d5-9758-ef5159d40002","IYS2019-Kaganovsky-56-Bongo-1-26","Animalia","Arthropoda","Malacostraca","Euphausiacea","Euphausiidae","Euphausia","Euphausia pacifica",50.666667,-140.000167
"4506780359","d80c46be-b600-44d5-9758-ef5159d40002","IYS2019-Kaganovsky-56-Bongo-1-25","Animalia","Arthropoda","Malacostraca","Euphausiacea","Euphausiidae","Euphausia","Euphausia pacifica",50.666667,-140.000167
"4506780332","d80c46be-b600-44d5-9758-ef5159d40002","IYS2019-Kaganovsky-15-Bongo-1-22","Animalia","Arthropoda","Malacostraca","Euphausiacea","Euphausiidae","Euphausia","Euphausia pacifica",52.666667,-147.5
"4506780331","d80c46be-b600-44d5-9758-ef5159d40002","IYS2019-Kaganovsky-15-Bongo-1-21","Animalia","Arthropoda","Malacostraca","Euphausiacea","Euphausiidae","Euphausia","Euphausia pacifica",52.666667,-147.5
"4506780230","d80c46be-b600-44d5-9758-ef5159d40002","IYS2020-Legacy-2-Bongo-1-50","Animalia","Arthropoda","Malacostraca","Euphausiacea","Euphausiidae","Euphausia","Euphausia pacifica",48.375833,-129.513333
"4506780223","d80c46be-b600-44d5-9758-ef5159d40002","IYS2020-Legacy-AM-Bongo-1-29","Animalia","Arthropoda","Malacostraca","Euphausiacea","Euphausiidae","Euphausia","Euphausia pacifica",48.432833,-138.4125
"4506780208","d80c46be-b600-44d5-9758-ef5159d40002","IYS2020-Legacy-2-Bongo-1-49","Animalia","Arthropoda","Malacostraca","Euphausiacea","Euphausiidae","Euphausia","Euphausia pacifica",48.375833,-129.513333
"4506780206","d80c46be-b600-44d5-9758-ef5159d40002","IYS2020-Legacy-2-Bongo-1-48","Animalia","Arthropoda","Malacostraca","Euphausiacea","Euphausiidae","Euphausia","Euphausia pacifica",48.375833,-129.513333
"4506780169","d80c46be-b600-44d5-9758-ef5159d40002","IYS2020-Legacy-AM-Bongo-1-30","Animalia","Arthropoda","Malacostraca","Euphausiacea","Euphausiidae","Euphausia","Euphausia pacifica",48.432833,-138.4125
"4506779958","d80c46be-b600-44d5-9758-ef5159d40002","IYS2019-Kaganovsky-13-Bongo-1-17","Animalia","Arthropoda","Malacostraca","Euphausiacea","Euphausiidae","Euphausia","Euphausia pacifica",50.666667,-147.5
"4506779956","d80c46be-b600-44d5-9758-ef5159d40002","IYS2019-Kaganovsky-13-Bongo-1-18","Animalia","Arthropoda","Malacostraca","Euphausiacea","Euphausiidae","Euphausia","Euphausia pacifica",50.666667,-147.5
"4506779875","d80c46be-b600-44d5-9758-ef5159d40002","IYS2020-Legacy-15-Bongo-1-25","Animalia","Arthropoda","Malacostraca","Euphausiacea","Euphausiidae","Euphausia","Euphausia pacifica",51.428167,-146.016167
"4506779872","d80c46be-b600-44d5-9758-ef5159d40002","IYS2020-Legacy-15-Bongo-1-26","Animalia","Arthropoda","Malacostraca","Euphausiacea","Euphausiidae","Euphausia","Euphausia pacifica",51.428167,-146.016167
"4506779632","d80c46be-b600-44d5-9758-ef5159d40002","IYS2019-Kaganovsky-20-Bongo-1-24","Animalia","Arthropoda","Malacostraca","Euphausiacea","Euphausiidae","Euphausia","Euphausia pacifica",56.667333,-146
"4506779625","d80c46be-b600-44d5-9758-ef5159d40002","IYS2019-Kaganovsky-20-Bongo-1-23","Animalia","Arthropoda","Malacostraca","Euphausiacea","Euphausiidae","Euphausia","Euphausia pacifica",56.667333,-146
"4506779542","d80c46be-b600-44d5-9758-ef5159d40002","IYS2019-Kaganovsky-47-Bongo-1-24","Animalia","Arthropoda","Malacostraca","Euphausiacea","Euphausiidae","Euphausia","Euphausia pacifica",48.666667,-141.501333
"4506779539","d80c46be-b600-44d5-9758-ef5159d40002","IYS2019-Kaganovsky-54-Bongo-1-25","Animalia","Arthropoda","Malacostraca","Euphausiacea","Euphausiidae","Euphausia","Euphausia pacifica",52.666667,-140
"4506779538","d80c46be-b600-44d5-9758-ef5159d40002","IYS2019-Kaganovsky-54-Bongo-1-26","Animalia","Arthropoda","Malacostraca","Euphausiacea","Euphausiidae","Euphausia","Euphausia pacifica",52.666667,-140
"4506779315","d80c46be-b600-44d5-9758-ef5159d40002","IYS2019-Kaganovsky-38-Bongo-1-21","Animalia","Arthropoda","Malacostraca","Euphausiacea","Euphausiidae","Euphausia","Euphausia pacifica",53.666667,-144.5
"4506779245","d80c46be-b600-44d5-9758-ef5159d40002","IYS2019-Kaganovsky-11-Bongo-1-26","Animalia","Arthropoda","Malacostraca","Euphausiacea","Euphausiidae","Euphausia","Euphausia pacifica",48.6675,-147.500667
"4506779238","d80c46be-b600-44d5-9758-ef5159d40002","IYS2019-Kaganovsky-11-Bongo-1-25","Animalia","Arthropoda","Malacostraca","Euphausiacea","Euphausiidae","Euphausia","Euphausia pacifica",48.6675,-147.500667
"4506778967","d80c46be-b600-44d5-9758-ef5159d40002","IYS2020-Legacy-AX-Bongo-1-40","Animalia","Arthropoda","Malacostraca","Euphausiacea","Euphausiidae","Euphausia","Euphausia pacifica",47.411667,-132.506667
"4506778946","d80c46be-b600-44d5-9758-ef5159d40002","IYS2020-Legacy-AX-Bongo-1-38","Animalia","Arthropoda","Malacostraca","Euphausiacea","Euphausiidae","Euphausia","Euphausia pacifica",47.411667,-132.506667
"4506778945","d80c46be-b600-44d5-9758-ef5159d40002","IYS2020-Legacy-AX-Bongo-1-39","Animalia","Arthropoda","Malacostraca","Euphausiacea","Euphausiidae","Euphausia","Euphausia pacifica",47.411667,-132.506667
"4506778778","d80c46be-b600-44d5-9758-ef5159d40002","IYS2020-Legacy-12-Bongo-1-29","Animalia","Arthropoda","Malacostraca","Euphausiacea","Euphausiidae","Euphausia","Euphausia pacifica",49.417667,-147.534167
"4506778776","d80c46be-b600-44d5-9758-ef5159d40002","IYS2020-Legacy-12-Bongo-1-28","Animalia","Arthropoda","Malacostraca","Euphausiacea","Euphausiidae","Euphausia","Euphausia pacifica",49.417667,-147.534167
"4506778620","d80c46be-b600-44d5-9758-ef5159d40002","IYS2019-Kaganovsky-27-Bongo-1-21","Animalia","Arthropoda","Malacostraca","Euphausiacea","Euphausiidae","Euphausia","Euphausia pacifica",53.666667,-146
"4506778512","d80c46be-b600-44d5-9758-ef5159d40002","IYS2019-Kaganovsky-14-Bongo-1-14","Animalia","Arthropoda","Malacostraca","Euphausiacea","Euphausiidae","Euphausia","Euphausia pacifica",51.665667,-147.501333
"4506778421","d80c46be-b600-44d5-9758-ef5159d40002","IYS2020-Legacy-S28-Bongo-1-22","Animalia","Arthropoda","Malacostraca","Euphausiacea","Euphausiidae","Euphausia","Euphausia pacifica",53.43,-135.496667
"4506778420","d80c46be-b600-44d5-9758-ef5159d40002","IYS2020-Legacy-S28-Bongo-1-21","Animalia","Arthropoda","Malacostraca","Euphausiacea","Euphausiidae","Euphausia","Euphausia pacifica",53.43,-135.496667
"4506778390","d80c46be-b600-44d5-9758-ef5159d40002","IYS2020-Legacy-P PRIME-Bongo-1-32","Animalia","Arthropoda","Malacostraca","Euphausiacea","Euphausiidae","Euphausia","Euphausia pacifica",54.405,-134.021667
"4506778386","d80c46be-b600-44d5-9758-ef5159d40002","IYS2020-Legacy-P PRIME-Bongo-1-33","Animalia","Arthropoda","Malacostraca","Euphausiacea","Euphausiidae","Euphausia","Euphausia pacifica",54.405,-134.021667
"4506778385","d80c46be-b600-44d5-9758-ef5159d40002","IYS2020-Legacy-P PRIME-Bongo-1-34","Animalia","Arthropoda","Malacostraca","Euphausiacea","Euphausiidae","Euphausia","Euphausia pacifica",54.405,-134.021667
"4506778230","d80c46be-b600-44d5-9758-ef5159d40002","IYS2019-Kaganovsky-49-Bongo-1-22","Animalia","Arthropoda","Malacostraca","Euphausiacea","Euphausiidae","Euphausia","Euphausia pacifica",50.665833,-141.499167
"4506777855","d80c46be-b600-44d5-9758-ef5159d40002","IYS2020-Legacy-3-Bongo-1-43","Animalia","Arthropoda","Malacostraca","Euphausiacea","Euphausiidae","Euphausia","Euphausia pacifica",47.433833,-136.958
"4506777839","d80c46be-b600-44d5-9758-ef5159d40002","IYS2020-Legacy-3-Bongo-1-44","Animalia","Arthropoda","Malacostraca","Euphausiacea","Euphausiidae","Euphausia","Euphausia pacifica",47.433833,-136.958
"4506777786","d80c46be-b600-44d5-9758-ef5159d40002","IYS2019-Kaganovsky-24-Bongo-1-17","Animalia","Arthropoda","Malacostraca","Euphausiacea","Euphausiidae","Euphausia","Euphausia pacifica",55.666667,-144.5
"4506777779","d80c46be-b600-44d5-9758-ef5159d40002","IYS2019-Kaganovsky-24-Bongo-1-16","Animalia","Arthropoda","Malacostraca","Euphausiacea","Euphausiidae","Euphausia","Euphausia pacifica",55.666667,-144.5
"4506777744","d80c46be-b600-44d5-9758-ef5159d40002","IYS2020-Legacy-AK-Bongo-1-26","Animalia","Arthropoda","Malacostraca","Euphausiacea","Euphausiidae","Euphausia","Euphausia pacifica",48.405167,-141.476167
"4506777553","d80c46be-b600-44d5-9758-ef5159d40002","IYS2020-Legacy-6-Bongo-1-38","Animalia","Arthropoda","Malacostraca","Euphausiacea","Euphausiidae","Euphausia","Euphausia pacifica",47.425,-141.4795
"4506777361","d80c46be-b600-44d5-9758-ef5159d40002","IYS2019-Kaganovsky-59-Bongo-1-26","Animalia","Arthropoda","Malacostraca","Euphausiacea","Euphausiidae","Euphausia","Euphausia pacifica",48.666667,-138.5
"4506777360","d80c46be-b600-44d5-9758-ef5159d40002","IYS2019-Kaganovsky-59-Bongo-1-27","Animalia","Arthropoda","Malacostraca","Euphausiacea","Euphausiidae","Euphausia","Euphausia pacifica",48.666667,-138.5
"4506777343","d80c46be-b600-44d5-9758-ef5159d40002","IYS2020-Legacy-Q-Bongo-1-38","Animalia","Arthropoda","Malacostraca","Euphausiacea","Euphausiidae","Euphausia","Euphausia pacifica",54.404667,-132.415833
"4506777033","d80c46be-b600-44d5-9758-ef5159d40002","IYS2020-Legacy-5-Bongo-1-31","Animalia","Arthropoda","Malacostraca","Euphausiacea","Euphausiidae","Euphausia","Euphausia pacifica",47.4275,-139.992333
"4506776989","d80c46be-b600-44d5-9758-ef5159d40002","IYS2019-Kaganovsky-40-Bongo-1-22","Animalia","Arthropoda","Malacostraca","Euphausiacea","Euphausiidae","Euphausia","Euphausia pacifica",54.666667,-143
"4506776988","d80c46be-b600-44d5-9758-ef5159d40002","IYS2019-Kaganovsky-40-Bongo-1-23","Animalia","Arthropoda","Malacostraca","Euphausiacea","Euphausiidae","Euphausia","Euphausia pacifica",54.666667,-143
"4506776758","d80c46be-b600-44d5-9758-ef5159d40002","IYS2019-Kaganovsky-6-Bongo-1-23","Animalia","Arthropoda","Malacostraca","Euphausiacea","Euphausiidae","Euphausia","Euphausia pacifica",47.666167,-141.4985
"4506776727","d80c46be-b600-44d5-9758-ef5159d40002","IYS2019-Kaganovsky-10-Bongo-1-29","Animalia","Arthropoda","Malacostraca","Euphausiacea","Euphausiidae","Euphausia","Euphausia pacifica",47.666667,-147.5
"4506776726","d80c46be-b600-44d5-9758-ef5159d40002","IYS2019-Kaganovsky-10-Bongo-1-28","Animalia","Arthropoda","Malacostraca","Euphausiacea","Euphausiidae","Euphausia","Euphausia pacifica",47.666667,-147.5
"4506776725","d80c46be-b600-44d5-9758-ef5159d40002","IYS2019-Kaganovsky-10-Bongo-1-27","Animalia","Arthropoda","Malacostraca","Euphausiacea","Euphausiidae","Euphausia","Euphausia pacifica",47.666667,-147.5
"4506776596","d80c46be-b600-44d5-9758-ef5159d40002","IYS2019-Kaganovsky-23-Bongo-1-22","Animalia","Arthropoda","Malacostraca","Euphausiacea","Euphausiidae","Euphausia","Euphausia pacifica",55.666667,-142.997667
"4506776567","d80c46be-b600-44d5-9758-ef5159d40002","IYS2019-Kaganovsky-23-Bongo-1-23","Animalia","Arthropoda","Malacostraca","Euphausiacea","Euphausiidae","Euphausia","Euphausia pacifica",55.666667,-142.997667
"4506776447","d80c46be-b600-44d5-9758-ef5159d40002","IYS2019-Kaganovsky-4-Bongo-1-26","Animalia","Arthropoda","Malacostraca","Euphausiacea","Euphausiidae","Euphausia","Euphausia pacifica",47.661667,-138.5
"4506776379","d80c46be-b600-44d5-9758-ef5159d40002","IYS2020-Legacy-21-Bongo-1-27","Animalia","Arthropoda","Malacostraca","Euphausiacea","Euphausiidae","Euphausia","Euphausia pacifica",50.417333,-144.5095
"4506776377","d80c46be-b600-44d5-9758-ef5159d40002","IYS2020-Legacy-21-Bongo-1-29","Animalia","Arthropoda","Malacostraca","Euphausiacea","Euphausiidae","Euphausia","Euphausia pacifica",50.417333,-144.5095
"4506776376","d80c46be-b600-44d5-9758-ef5159d40002","IYS2020-Legacy-21-Bongo-1-28","Animalia","Arthropoda","Malacostraca","Euphausiacea","Euphausiidae","Euphausia","Euphausia pacifica",50.417333,-144.5095
"4506776134","d80c46be-b600-44d5-9758-ef5159d40002","IYS2019-Kaganovsky-37-Bongo-1-22","Animalia","Arthropoda","Malacostraca","Euphausiacea","Euphausiidae","Euphausia","Euphausia pacifica",52.666667,-144.5
"4506775791","d80c46be-b600-44d5-9758-ef5159d40002","IYS2020-Legacy-16-Bongo-1-22","Animalia","Arthropoda","Malacostraca","Euphausiacea","Euphausiidae","Euphausia","Euphausia pacifica",50.431,-146.005833
"4506775703","d80c46be-b600-44d5-9758-ef5159d40002","IYS2020-Legacy-I-Bongo-1-48","Animalia","Arthropoda","Malacostraca","Euphausiacea","Euphausiidae","Euphausia","Euphausia pacifica",46.36,-138.498333
"4506775563","d80c46be-b600-44d5-9758-ef5159d40002","IYS2020-Legacy-14-Bongo-1-21","Animalia","Arthropoda","Malacostraca","Euphausiacea","Euphausiidae","Euphausia","Euphausia pacifica",51.417333,-147.500667
"4506775558","d80c46be-b600-44d5-9758-ef5159d40002","IYS2020-Legacy-14-Bongo-1-22","Animalia","Arthropoda","Malacostraca","Euphausiacea","Euphausiidae","Euphausia","Euphausia pacifica",51.417333,-147.500667
"4506775524","d80c46be-b600-44d5-9758-ef5159d40002","IYS2019-Kaganovsky-46-Bongo-1-26","Animalia","Arthropoda","Malacostraca","Euphausiacea","Euphausiidae","Euphausia","Euphausia pacifica",48.667,-142.997
"4506775453","d80c46be-b600-44d5-9758-ef5159d40002","IYS2019-Kaganovsky-8-Bongo-1-27","Animalia","Arthropoda","Malacostraca","Euphausiacea","Euphausiidae","Euphausia","Euphausia pacifica",47.670167,-144.4955
"4506775445","d80c46be-b600-44d5-9758-ef5159d40002","IYS2019-Kaganovsky-8-Bongo-1-29","Animalia","Arthropoda","Malacostraca","Euphausiacea","Euphausiidae","Euphausia","Euphausia pacifica",47.670167,-144.4955
"4506775444","d80c46be-b600-44d5-9758-ef5159d40002","IYS2019-Kaganovsky-8-Bongo-1-28","Animalia","Arthropoda","Malacostraca","Euphausiacea","Euphausiidae","Euphausia","Euphausia pacifica",47.670167,-144.4955
"4441574252","e45afc03-4897-4bdf-ade1-bc07198674e7","IYS2022-Franklin-5-46-144-Bongo-1-64","Animalia","Arthropoda","Malacostraca","Euphausiacea","Euphausiidae","Euphausia","Euphausia pacifica",46,-144
"4441574166","e45afc03-4897-4bdf-ade1-bc07198674e7","IYS2022-Franklin-5-46-144-Bongo-1-21","Animalia","Arthropoda","Malacostraca","Euphausiacea","Euphausiidae","Euphausia","Euphausia pacifica",46,-144
"4441574164","e45afc03-4897-4bdf-ade1-bc07198674e7","IYS2022-Franklin-5-46-144-Bongo-1-23","Animalia","Arthropoda","Malacostraca","Euphausiacea","Euphausiidae","Euphausia","Euphausia pacifica",46,-144
"4441574147","e45afc03-4897-4bdf-ade1-bc07198674e7","IYS2022-Franklin-5-47-138-Bongo-1-292","Animalia","Arthropoda","Malacostraca","Euphausiacea","Euphausiidae","Euphausia","Euphausia pacifica",46,-137
"4441574062","e45afc03-4897-4bdf-ade1-bc07198674e7","IYS2022-Franklin-5-56-144-Bongo-1-2877","Animalia","Arthropoda","Malacostraca","Euphausiacea","Euphausiidae","Euphausia","Euphausia pacifica",55,-144
"4441573933","e45afc03-4897-4bdf-ade1-bc07198674e7","IYS2022-Franklin-5-53-135-Bongo-1-1861","Animalia","Arthropoda","Malacostraca","Euphausiacea","Euphausiidae","Euphausia","Euphausia pacifica",52,-134
"4441573890","e45afc03-4897-4bdf-ade1-bc07198674e7","IYS2022-Franklin-5-53-135-Bongo-1-1888","Animalia","Arthropoda","Malacostraca","Euphausiacea","Euphausiidae","Euphausia","Euphausia pacifica",52,-134
"4441573880","e45afc03-4897-4bdf-ade1-bc07198674e7","IYS2022-Franklin-5-56-144-Bongo-1-2900","Animalia","Arthropoda","Malacostraca","Euphausiacea","Euphausiidae","Euphausia","Euphausia pacifica",55,-144
"4441573864","e45afc03-4897-4bdf-ade1-bc07198674e7","IYS2022-Franklin-5-56-144-Bongo-1-2906","Animalia","Arthropoda","Malacostraca","Euphausiacea","Euphausiidae","Euphausia","Euphausia pacifica",55,-144
"4441573824","e45afc03-4897-4bdf-ade1-bc07198674e7","IYS2022-Shimada-4-16-Bongo-1-4543","Animalia","Arthropoda","Malacostraca","Euphausiacea","Euphausiidae","Euphausia","Euphausia pacifica",54.00325,-147.00655
"4441573818","e45afc03-4897-4bdf-ade1-bc07198674e7","IYS2022-Shimada-4-16-Bongo-1-4545","Animalia","Arthropoda","Malacostraca","Euphausiacea","Euphausiidae","Euphausia","Euphausia pacifica",54.00325,-147.00655
"4441573666","e45afc03-4897-4bdf-ade1-bc07198674e7","IYS2022-Franklin-5-53-138-Bongo-1-1958","Animalia","Arthropoda","Malacostraca","Euphausiacea","Euphausiidae","Euphausia","Euphausia pacifica",53,-138
"4441573665","e45afc03-4897-4bdf-ade1-bc07198674e7","IYS2022-Franklin-5-56-141-Bongo-1-2821","Animalia","Arthropoda","Malacostraca","Euphausiacea","Euphausiidae","Euphausia","Euphausia pacifica",55,-140
"4441573627","e45afc03-4897-4bdf-ade1-bc07198674e7","IYS2022-Franklin-5-56-141-Bongo-1-2839","Animalia","Arthropoda","Malacostraca","Euphausiacea","Euphausiidae","Euphausia","Euphausia pacifica",55,-140
"4441573574","e45afc03-4897-4bdf-ade1-bc07198674e7","IYS2022-Franklin-5-51-141-Bongo-1-1517","Animalia","Arthropoda","Malacostraca","Euphausiacea","Euphausiidae","Euphausia","Euphausia pacifica",50,-141
"4441573490","e45afc03-4897-4bdf-ade1-bc07198674e7","IYS2022-Franklin-5-57-144-Bongo-1-3045","Animalia","Arthropoda","Malacostraca","Euphausiacea","Euphausiidae","Euphausia","Euphausia pacifica",57,-143
"4441573480","e45afc03-4897-4bdf-ade1-bc07198674e7","IYS2022-Franklin-5-57-144-Bongo-1-3056","Animalia","Arthropoda","Malacostraca","Euphausiacea","Euphausiidae","Euphausia","Euphausia pacifica",57,-143
"4441573303","e45afc03-4897-4bdf-ade1-bc07198674e7","IYS2022-Shimada-4-12-Bongo-1-4327","Animalia","Arthropoda","Malacostraca","Euphausiacea","Euphausiidae","Euphausia","Euphausia pacifica",58.006183,-146.987533
"4441573123","e45afc03-4897-4bdf-ade1-bc07198674e7","IYS2022-Shimada-4-12-Bongo-1-4297","Animalia","Arthropoda","Malacostraca","Euphausiacea","Euphausiidae","Euphausia","Euphausia pacifica",58.006183,-146.987533
"4441573100","e45afc03-4897-4bdf-ade1-bc07198674e7","IYS2022-Shimada-4-12-Bongo-1-4282","Animalia","Arthropoda","Malacostraca","Euphausiacea","Euphausiidae","Euphausia","Euphausia pacifica",58.006183,-146.987533
"4441573009","e45afc03-4897-4bdf-ade1-bc07198674e7","IYS2022-Franklin-5-51-141-Bongo-1-1483","Animalia","Arthropoda","Malacostraca","Euphausiacea","Euphausiidae","Euphausia","Euphausia pacifica",50,-141
"4441572990","e45afc03-4897-4bdf-ade1-bc07198674e7","IYS2022-Shimada-4-19-Bongo-1-4620","Animalia","Arthropoda","Malacostraca","Euphausiacea","Euphausiidae","Euphausia","Euphausia pacifica",49.004117,-151.50275
"4441572974","e45afc03-4897-4bdf-ade1-bc07198674e7","IYS2022-Shimada-4-19-Bongo-1-4618","Animalia","Arthropoda","Malacostraca","Euphausiacea","Euphausiidae","Euphausia","Euphausia pacifica",49.004117,-151.50275
"4441572966","e45afc03-4897-4bdf-ade1-bc07198674e7","IYS2022-Franklin-5-53-144-Bongo-1-2210","Animalia","Arthropoda","Malacostraca","Euphausiacea","Euphausiidae","Euphausia","Euphausia pacifica",52,-144
"4441572854","e45afc03-4897-4bdf-ade1-bc07198674e7","IYS2022-Franklin-5-50-141-Bongo-1-1336","Animalia","Arthropoda","Malacostraca","Euphausiacea","Euphausiidae","Euphausia","Euphausia pacifica",50,-141
"4441572798","e45afc03-4897-4bdf-ade1-bc07198674e7","IYS2022-Franklin-5-53-144-Bongo-1-2164","Animalia","Arthropoda","Malacostraca","Euphausiacea","Euphausiidae","Euphausia","Euphausia pacifica",52,-144
"4441572725","e45afc03-4897-4bdf-ade1-bc07198674e7","IYS2022-Franklin-5-53-135-Bongo-1-1909","Animalia","Arthropoda","Malacostraca","Euphausiacea","Euphausiidae","Euphausia","Euphausia pacifica",52,-134
"4441572294","e45afc03-4897-4bdf-ade1-bc07198674e7","IYS2022-Shimada-4-23-Bongo-1-4864","Animalia","Arthropoda","Malacostraca","Euphausiacea","Euphausiidae","Euphausia","Euphausia pacifica",49.00025,-147.0147
"4441572249","e45afc03-4897-4bdf-ade1-bc07198674e7","IYS2022-Shimada-4-23-Bongo-1-4890","Animalia","Arthropoda","Malacostraca","Euphausiacea","Euphausiidae","Euphausia","Euphausia pacifica",49.00025,-147.0147
"4441571938","e45afc03-4897-4bdf-ade1-bc07198674e7","IYS2022-Shimada-4-11-Bongo-1-4259","Animalia","Arthropoda","Malacostraca","Euphausiacea","Euphausiidae","Euphausia","Euphausia pacifica",56.996217,-150.989633
"4441571927","e45afc03-4897-4bdf-ade1-bc07198674e7","IYS2022-Shimada-4-11-Bongo-1-4248","Animalia","Arthropoda","Malacostraca","Euphausiacea","Euphausiidae","Euphausia","Euphausia pacifica",56.996217,-150.989633
"4441571766","e45afc03-4897-4bdf-ade1-bc07198674e7","IYS2022-Shimada-4-14-Bongo-1-4413","Animalia","Arthropoda","Malacostraca","Euphausiacea","Euphausiidae","Euphausia","Euphausia pacifica",55.999167,-146.994167
"4441571760","e45afc03-4897-4bdf-ade1-bc07198674e7","IYS2022-Franklin-5-54-141-Bongo-1-2370","Animalia","Arthropoda","Malacostraca","Euphausiacea","Euphausiidae","Euphausia","Euphausia pacifica",53,-141
"4441571745","e45afc03-4897-4bdf-ade1-bc07198674e7","IYS2022-Shimada-4-14-Bongo-1-4427","Animalia","Arthropoda","Malacostraca","Euphausiacea","Euphausiidae","Euphausia","Euphausia pacifica",55.999167,-146.994167
"4441571736","e45afc03-4897-4bdf-ade1-bc07198674e7","IYS2022-Shimada-4-14-Bongo-1-4432","Animalia","Arthropoda","Malacostraca","Euphausiacea","Euphausiidae","Euphausia","Euphausia pacifica",55.999167,-146.994167
"4441571650","e45afc03-4897-4bdf-ade1-bc07198674e7","IYS2022-Franklin-5-54-138-Bongo-1-2298","Animalia","Arthropoda","Malacostraca","Euphausiacea","Euphausiidae","Euphausia","Euphausia pacifica",53,-138
"4441571642","e45afc03-4897-4bdf-ade1-bc07198674e7","IYS2022-Franklin-5-54-138-Bongo-1-2293","Animalia","Arthropoda","Malacostraca","Euphausiacea","Euphausiidae","Euphausia","Euphausia pacifica",53,-138
"4441571610","e45afc03-4897-4bdf-ade1-bc07198674e7","IYS2022-TINRO-3-21-Bongo-1-5988","Animalia","Arthropoda","Malacostraca","Euphausiacea","Euphausiidae","Euphausia","Euphausia pacifica",50.4316,-158.3833
"4441571595","e45afc03-4897-4bdf-ade1-bc07198674e7","IYS2022-Franklin-5-54-138-Bongo-1-2275","Animalia","Arthropoda","Malacostraca","Euphausiacea","Euphausiidae","Euphausia","Euphausia pacifica",53,-138
"4441571450","e45afc03-4897-4bdf-ade1-bc07198674e7","IYS2022-Franklin-5-47-138-Bongo-1-246","Animalia","Arthropoda","Malacostraca","Euphausiacea","Euphausiidae","Euphausia","Euphausia pacifica",46,-137
"4441571207","e45afc03-4897-4bdf-ade1-bc07198674e7","IYS2022-Franklin-5-51-135-Bongo-1-1417","Animalia","Arthropoda","Malacostraca","Euphausiacea","Euphausiidae","Euphausia","Euphausia pacifica",50,-135
"4441571171","e45afc03-4897-4bdf-ade1-bc07198674e7","IYS2022-Shimada-4-22-Bongo-1-4854","Animalia","Arthropoda","Malacostraca","Euphausiacea","Euphausiidae","Euphausia","Euphausia pacifica",47.007567,-151.493383
"4441570784","e45afc03-4897-4bdf-ade1-bc07198674e7","IYS2022-TINRO-3-17-Bongo-1-5764","Animalia","Arthropoda","Malacostraca","Euphausiacea","Euphausiidae","Euphausia","Euphausia pacifica",51.8758,-156.0355
"4441570577","e45afc03-4897-4bdf-ade1-bc07198674e7","IYS2022-Franklin-5-54-144-Bongo-1-2430","Animalia","Arthropoda","Malacostraca","Euphausiacea","Euphausiidae","Euphausia","Euphausia pacifica",53,-143
"4441570539","e45afc03-4897-4bdf-ade1-bc07198674e7","IYS2022-Franklin-5-54-144-Bongo-1-2451","Animalia","Arthropoda","Malacostraca","Euphausiacea","Euphausiidae","Euphausia","Euphausia pacifica",53,-143
"4441570511","e45afc03-4897-4bdf-ade1-bc07198674e7","IYS2022-Franklin-5-48-144-Bongo-1-772","Animalia","Arthropoda","Malacostraca","Euphausiacea","Euphausiidae","Euphausia","Euphausia pacifica",47,-143
"4441570509","e45afc03-4897-4bdf-ade1-bc07198674e7","IYS2022-Franklin-5-57-141-Bongo-1-2998","Animalia","Arthropoda","Malacostraca","Euphausiacea","Euphausiidae","Euphausia","Euphausia pacifica",56,-140
"4441570246","e45afc03-4897-4bdf-ade1-bc07198674e7","IYS2022-Franklin-5-48-135-Bongo-1-441","Animalia","Arthropoda","Malacostraca","Euphausiacea","Euphausiidae","Euphausia","Euphausia pacifica",48,-135
"4441570204","e45afc03-4897-4bdf-ade1-bc07198674e7","IYS2022-Shimada-4-25-Bongo-1-4976","Animalia","Arthropoda","Malacostraca","Euphausiacea","Euphausiidae","Euphausia","Euphausia pacifica",47.00295,-147.016283
"4441570112","e45afc03-4897-4bdf-ade1-bc07198674e7","IYS2022-Franklin-5-53-141-Bongo-1-2088","Animalia","Arthropoda","Malacostraca","Euphausiacea","Euphausiidae","Euphausia","Euphausia pacifica",52,-140
"4441570104","e45afc03-4897-4bdf-ade1-bc07198674e7","IYS2022-Franklin-5-47-144-Bongo-1-315","Animalia","Arthropoda","Malacostraca","Euphausiacea","Euphausiidae","Euphausia","Euphausia pacifica",46,-144
"4441570093","e45afc03-4897-4bdf-ade1-bc07198674e7","IYS2022-Franklin-5-47-144-Bongo-1-328","Animalia","Arthropoda","Malacostraca","Euphausiacea","Euphausiidae","Euphausia","Euphausia pacifica",46,-144
"4441570012","e45afc03-4897-4bdf-ade1-bc07198674e7","IYS2022-Franklin-5-53-141-Bongo-1-2046","Animalia","Arthropoda","Malacostraca","Euphausiacea","Euphausiidae","Euphausia","Euphausia pacifica",52,-140
"4441569939","e45afc03-4897-4bdf-ade1-bc07198674e7","IYS2022-Shimada-4-22-Bongo-1-4793","Animalia","Arthropoda","Malacostraca","Euphausiacea","Euphausiidae","Euphausia","Euphausia pacifica",47.007567,-151.493383
"4441569862","e45afc03-4897-4bdf-ade1-bc07198674e7","IYS2022-Franklin-5-47-144-Bongo-1-405","Animalia","Arthropoda","Malacostraca","Euphausiacea","Euphausiidae","Euphausia","Euphausia pacifica",46,-144
"4441569803","e45afc03-4897-4bdf-ade1-bc07198674e7","IYS2022-Franklin-5-52-135-Bongo-1-1651","Animalia","Arthropoda","Malacostraca","Euphausiacea","Euphausiidae","Euphausia","Euphausia pacifica",51,-135
"4441569776","e45afc03-4897-4bdf-ade1-bc07198674e7","IYS2022-Franklin-5-50-135-Bongo-1-1144","Animalia","Arthropoda","Malacostraca","Euphausiacea","Euphausiidae","Euphausia","Euphausia pacifica",50,-134
"4441569759","e45afc03-4897-4bdf-ade1-bc07198674e7","IYS2022-Franklin-5-49-135-Bongo-1-795","Animalia","Arthropoda","Malacostraca","Euphausiacea","Euphausiidae","Euphausia","Euphausia pacifica",49,-135
"4441569738","e45afc03-4897-4bdf-ade1-bc07198674e7","IYS2022-Franklin-5-52-135-Bongo-1-1664","Animalia","Arthropoda","Malacostraca","Euphausiacea","Euphausiidae","Euphausia","Euphausia pacifica",51,-135
"4441569718","e45afc03-4897-4bdf-ade1-bc07198674e7","IYS2022-Franklin-5-52-135-Bongo-1-1601","Animalia","Arthropoda","Malacostraca","Euphausiacea","Euphausiidae","Euphausia","Euphausia pacifica",51,-135
"4441569665","e45afc03-4897-4bdf-ade1-bc07198674e7","IYS2022-Shimada-4-15-Bongo-1-4467","Animalia","Arthropoda","Malacostraca","Euphausiacea","Euphausiidae","Euphausia","Euphausia pacifica",54.98335,-146.958483
"4441569662","e45afc03-4897-4bdf-ade1-bc07198674e7","IYS2022-Shimada-4-15-Bongo-1-4469","Animalia","Arthropoda","Malacostraca","Euphausiacea","Euphausiidae","Euphausia","Euphausia pacifica",54.98335,-146.958483
"4441569631","e45afc03-4897-4bdf-ade1-bc07198674e7","IYS2022-TINRO-3-16-Bongo-1-5711","Animalia","Arthropoda","Malacostraca","Euphausiacea","Euphausiidae","Euphausia","Euphausia pacifica",51.2967,-158.3767
"4441569557","e45afc03-4897-4bdf-ade1-bc07198674e7","IYS2022-Franklin-5-55-141-Bongo-1-2667","Animalia","Arthropoda","Malacostraca","Euphausiacea","Euphausiidae","Euphausia","Euphausia pacifica",54,-141
"4441569485","e45afc03-4897-4bdf-ade1-bc07198674e7","IYS2022-Franklin-5-50-141-Bongo-1-1382","Animalia","Arthropoda","Malacostraca","Euphausiacea","Euphausiidae","Euphausia","Euphausia pacifica",50,-141
"4441569441","e45afc03-4897-4bdf-ade1-bc07198674e7","IYS2022-Franklin-5-55-141-Bongo-1-2630","Animalia","Arthropoda","Malacostraca","Euphausiacea","Euphausiidae","Euphausia","Euphausia pacifica",54,-141
"4441569366","e45afc03-4897-4bdf-ade1-bc07198674e7","IYS2022-TINRO-3-20-Bongo-1-5895","Animalia","Arthropoda","Malacostraca","Euphausiacea","Euphausiidae","Euphausia","Euphausia pacifica",48.8195,-155.6565
"4441569357","e45afc03-4897-4bdf-ade1-bc07198674e7","IYS2022-Shimada-4-15-Bongo-1-4513","Animalia","Arthropoda","Malacostraca","Euphausiacea","Euphausiidae","Euphausia","Euphausia pacifica",54.98335,-146.958483
"4441569299","e45afc03-4897-4bdf-ade1-bc07198674e7","IYS2022-Franklin-5-50-135-Bongo-1-1217","Animalia","Arthropoda","Malacostraca","Euphausiacea","Euphausiidae","Euphausia","Euphausia pacifica",50,-134
"4441569286","e45afc03-4897-4bdf-ade1-bc07198674e7","IYS2022-Shimada-4-3-Bongo-1-5165","Animalia","Arthropoda","Malacostraca","Euphausiacea","Euphausiidae","Euphausia","Euphausia pacifica",50.003967,-146.992883
"4441569220","e45afc03-4897-4bdf-ade1-bc07198674e7","IYS2022-Shimada-4-3-Bongo-1-5181","Animalia","Arthropoda","Malacostraca","Euphausiacea","Euphausiidae","Euphausia","Euphausia pacifica",50.003967,-146.992883
"4441569144","e45afc03-4897-4bdf-ade1-bc07198674e7","IYS2022-Shimada-4-13-Bongo-1-4348","Animalia","Arthropoda","Malacostraca","Euphausiacea","Euphausiidae","Euphausia","Euphausia pacifica",57.00325,-146.978783
"4441569115","e45afc03-4897-4bdf-ade1-bc07198674e7","IYS2022-Shimada-4-13-Bongo-1-4360","Animalia","Arthropoda","Malacostraca","Euphausiacea","Euphausiidae","Euphausia","Euphausia pacifica",57.00325,-146.978783
"4441569098","e45afc03-4897-4bdf-ade1-bc07198674e7","IYS2022-Shimada-4-13-Bongo-1-4371","Animalia","Arthropoda","Malacostraca","Euphausiacea","Euphausiidae","Euphausia","Euphausia pacifica",57.00325,-146.978783
"4441568973","e45afc03-4897-4bdf-ade1-bc07198674e7","IYS2022-Franklin-5-49-135-Bongo-1-827","Animalia","Arthropoda","Malacostraca","Euphausiacea","Euphausiidae","Euphausia","Euphausia pacifica",49,-135
"4441568690","e45afc03-4897-4bdf-ade1-bc07198674e7","IYS2022-Shimada-4-3-Bongo-1-5210","Animalia","Arthropoda","Malacostraca","Euphausiacea","Euphausiidae","Euphausia","Euphausia pacifica",50.003967,-146.992883
"4441568624","e45afc03-4897-4bdf-ade1-bc07198674e7","IYS2022-Franklin-5-55-138-Bongo-1-2541","Animalia","Arthropoda","Malacostraca","Euphausiacea","Euphausiidae","Euphausia","Euphausia pacifica",54,-137
"4441568594","e45afc03-4897-4bdf-ade1-bc07198674e7","IYS2022-Franklin-5-55-138-Bongo-1-2520","Animalia","Arthropoda","Malacostraca","Euphausiacea","Euphausiidae","Euphausia","Euphausia pacifica",54,-137
"4441568591","e45afc03-4897-4bdf-ade1-bc07198674e7","IYS2022-Shimada-4-10-Bongo-1-4167","Animalia","Arthropoda","Malacostraca","Euphausiacea","Euphausiidae","Euphausia","Euphausia pacifica",55.997333,-151.49005
"4441568539","e45afc03-4897-4bdf-ade1-bc07198674e7","IYS2022-Shimada-4-10-Bongo-1-4176","Animalia","Arthropoda","Malacostraca","Euphausiacea","Euphausiidae","Euphausia","Euphausia pacifica",55.997333,-151.49005
"4441568503","e45afc03-4897-4bdf-ade1-bc07198674e7","IYS2022-Franklin-5-48-144-Bongo-1-747","Animalia","Arthropoda","Malacostraca","Euphausiacea","Euphausiidae","Euphausia","Euphausia pacifica",47,-143
"4441568498","e45afc03-4897-4bdf-ade1-bc07198674e7","IYS2022-Shimada-4-10-Bongo-1-4187","Animalia","Arthropoda","Malacostraca","Euphausiacea","Euphausiidae","Euphausia","Euphausia pacifica",55.997333,-151.49005
"4441568423","e45afc03-4897-4bdf-ade1-bc07198674e7","IYS2022-Franklin-5-55-138-Bongo-1-2566","Animalia","Arthropoda","Malacostraca","Euphausiacea","Euphausiidae","Euphausia","Euphausia pacifica",54,-137
"4441568395","e45afc03-4897-4bdf-ade1-bc07198674e7","IYS2022-Shimada-4-25-Bongo-1-5008","Animalia","Arthropoda","Malacostraca","Euphausiacea","Euphausiidae","Euphausia","Euphausia pacifica",47.00295,-147.016283
"4441568377","e45afc03-4897-4bdf-ade1-bc07198674e7","IYS2022-Shimada-4-25-Bongo-1-5010","Animalia","Arthropoda","Malacostraca","Euphausiacea","Euphausiidae","Euphausia","Euphausia pacifica",47.00295,-147.016283
"4441568105","e45afc03-4897-4bdf-ade1-bc07198674e7","IYS2022-Franklin-5-53-138-Bongo-1-2037","Animalia","Arthropoda","Malacostraca","Euphausiacea","Euphausiidae","Euphausia","Euphausia pacifica",53,-138
"4441568099","e45afc03-4897-4bdf-ade1-bc07198674e7","IYS2022-Shimada-4-24-Bongo-1-4918","Animalia","Arthropoda","Malacostraca","Euphausiacea","Euphausiidae","Euphausia","Euphausia pacifica",47.998917,-147.009567
"4441568054","e45afc03-4897-4bdf-ade1-bc07198674e7","IYS2022-Shimada-4-24-Bongo-1-4925","Animalia","Arthropoda","Malacostraca","Euphausiacea","Euphausiidae","Euphausia","Euphausia pacifica",47.998917,-147.009567
"4441568038","e45afc03-4897-4bdf-ade1-bc07198674e7","IYS2022-Franklin-5-52-138-Bongo-1-1755","Animalia","Arthropoda","Malacostraca","Euphausiacea","Euphausiidae","Euphausia","Euphausia pacifica",51,-138
"4441568013","e45afc03-4897-4bdf-ade1-bc07198674e7","IYS2022-Shimada-4-24-Bongo-1-4937","Animalia","Arthropoda","Malacostraca","Euphausiacea","Euphausiidae","Euphausia","Euphausia pacifica",47.998917,-147.009567
"4441567981","e45afc03-4897-4bdf-ade1-bc07198674e7","IYS2022-Franklin-5-52-141-Bongo-1-1791","Animalia","Arthropoda","Malacostraca","Euphausiacea","Euphausiidae","Euphausia","Euphausia pacifica",51,-140
"4441567911","e45afc03-4897-4bdf-ade1-bc07198674e7","IYS2022-Franklin-5-48-141-Bongo-1-655","Animalia","Arthropoda","Malacostraca","Euphausiacea","Euphausiidae","Euphausia","Euphausia pacifica",48,-140
"4441567857","e45afc03-4897-4bdf-ade1-bc07198674e7","IYS2022-Franklin-5-48-141-Bongo-1-618","Animalia","Arthropoda","Malacostraca","Euphausiacea","Euphausiidae","Euphausia","Euphausia pacifica",48,-140
"4441567843","e45afc03-4897-4bdf-ade1-bc07198674e7","IYS2022-Franklin-5-48-141-Bongo-1-600","Animalia","Arthropoda","Malacostraca","Euphausiacea","Euphausiidae","Euphausia","Euphausia pacifica",48,-140
"4441567766","e45afc03-4897-4bdf-ade1-bc07198674e7","IYS2022-TINRO-3-23-Bongo-1-6065","Animalia","Arthropoda","Malacostraca","Euphausiacea","Euphausiidae","Euphausia","Euphausia pacifica",48.4776,-158.3645
"4441567748","e45afc03-4897-4bdf-ade1-bc07198674e7","IYS2022-Franklin-5-55-141-Bongo-1-2582","Animalia","Arthropoda","Malacostraca","Euphausiacea","Euphausiidae","Euphausia","Euphausia pacifica",54,-141
"4441567694","e45afc03-4897-4bdf-ade1-bc07198674e7","IYS2022-Franklin-5-52-138-Bongo-1-1717","Animalia","Arthropoda","Malacostraca","Euphausiacea","Euphausiidae","Euphausia","Euphausia pacifica",51,-138
"4441567545","e45afc03-4897-4bdf-ade1-bc07198674e7","IYS2022-Franklin-5-52-138-Bongo-1-1688","Animalia","Arthropoda","Malacostraca","Euphausiacea","Euphausiidae","Euphausia","Euphausia pacifica",51,-138
"4441567433","e45afc03-4897-4bdf-ade1-bc07198674e7","IYS2022-Franklin-5-55-144-Bongo-1-2750","Animalia","Arthropoda","Malacostraca","Euphausiacea","Euphausiidae","Euphausia","Euphausia pacifica",55,-144
"4441567365","e45afc03-4897-4bdf-ade1-bc07198674e7","IYS2022-Franklin-5-55-144-Bongo-1-2725","Animalia","Arthropoda","Malacostraca","Euphausiacea","Euphausiidae","Euphausia","Euphausia pacifica",55,-144
"4441567349","e45afc03-4897-4bdf-ade1-bc07198674e7","IYS2022-Franklin-5-52-141-Bongo-1-1848","Animalia","Arthropoda","Malacostraca","Euphausiacea","Euphausiidae","Euphausia","Euphausia pacifica",51,-140
"4138530534","50c9509d-22c7-4a22-a47d-8c48425ef4a7","https://www.inaturalist.org/observations/167815706","Animalia","Arthropoda","Malacostraca","Euphausiacea","Euphausiidae","Euphausia","Euphausia pacifica",49.314229,-123.62654
"4138353008","50c9509d-22c7-4a22-a47d-8c48425ef4a7","https://www.inaturalist.org/observations/167640686","Animalia","Arthropoda","Malacostraca","Euphausiacea","Euphausiidae","Euphausia","Euphausia pacifica",49.265764,-123.524596
"4138269952","50c9509d-22c7-4a22-a47d-8c48425ef4a7","https://www.inaturalist.org/observations/168608806","Animalia","Arthropoda","Malacostraca","Euphausiacea","Euphausiidae","Euphausia","Euphausia pacifica",50.011327,-123.924213
"4138026947","50c9509d-22c7-4a22-a47d-8c48425ef4a7","https://www.inaturalist.org/observations/168763877","Animalia","Arthropoda","Malacostraca","Euphausiacea","Euphausiidae","Euphausia","Euphausia pacifica",49.620871,-124.51048
"4129090328","44bcde48-ac71-46f2-bf73-24fc3c008b6c","urn:catalog:CAS:IZ:422457","Animalia","Arthropoda","Malacostraca","Euphausiacea","Euphausiidae","Euphausia","Euphausia pacifica",36.527608,-122.303108
"4129089334","44bcde48-ac71-46f2-bf73-24fc3c008b6c","urn:catalog:CAS:IZ:422463","Animalia","Arthropoda","Malacostraca","Euphausiacea","Euphausiidae","Euphausia","Euphausia pacifica",33.78333,-119.66667
"4129086332","44bcde48-ac71-46f2-bf73-24fc3c008b6c","urn:catalog:CAS:IZ:422458","Animalia","Arthropoda","Malacostraca","Euphausiacea","Euphausiidae","Euphausia","Euphausia pacifica",36.527608,-122.303108
"4129085333","44bcde48-ac71-46f2-bf73-24fc3c008b6c","urn:catalog:CAS:IZ:422464","Animalia","Arthropoda","Malacostraca","Euphausiacea","Euphausiidae","Euphausia","Euphausia pacifica",36.527608,-122.303108
"4103883303","a004778c-d113-479e-a77f-990041283a51","f70f7789-4c19-464e-9fdc-ce156e30a8ed","Animalia","Arthropoda","Malacostraca","Euphausiacea","Euphausiidae","Euphausia","Euphausia pacifica",33.542,-117.783
"3819453025","92c9ae64-2267-4747-98d4-48dc7ae459be","IYS:GoA2019:Stn10:juday:zoop_occ:379","Animalia","Arthropoda","Malacostraca","Euphausiacea","Euphausiidae","Euphausia","Euphausia pacifica",47.67,-147.5
"3819452913","92c9ae64-2267-4747-98d4-48dc7ae459be","IYS:GoA2019:Stn20:juday:zoop_occ:642","Animalia","Arthropoda","Malacostraca","Euphausiacea","Euphausiidae","Euphausia","Euphausia pacifica",56.67,-146
"3819452758","92c9ae64-2267-4747-98d4-48dc7ae459be","IYS:GoA2019:Stn59:juday:zoop_occ:1863","Animalia","Arthropoda","Malacostraca","Euphausiacea","Euphausiidae","Euphausia","Euphausia pacifica",48.67,-138.5
"3819452748","92c9ae64-2267-4747-98d4-48dc7ae459be","IYS:GoA2019:Stn59:juday:zoop_occ:1862","Animalia","Arthropoda","Malacostraca","Euphausiacea","Euphausiidae","Euphausia","Euphausia pacifica",48.67,-138.5
"3819452660","92c9ae64-2267-4747-98d4-48dc7ae459be","IYS:GoA2019:Stn49:juday:zoop_occ:1476","Animalia","Arthropoda","Malacostraca","Euphausiacea","Euphausiidae","Euphausia","Euphausia pacifica",50.67,-141.5
"3819452416","92c9ae64-2267-4747-98d4-48dc7ae459be","IYS:GoA2019:Stn54:juday:zoop_occ:1654","Animalia","Arthropoda","Malacostraca","Euphausiacea","Euphausiidae","Euphausia","Euphausia pacifica",52.67,-140
"3819451883","92c9ae64-2267-4747-98d4-48dc7ae459be","IYS:GoA2019:Stn32:juday:zoop_occ:940","Animalia","Arthropoda","Malacostraca","Euphausiacea","Euphausiidae","Euphausia","Euphausia pacifica",48.67,-146
"3819451866","92c9ae64-2267-4747-98d4-48dc7ae459be","IYS:GoA2019:Stn18:juday:zoop_occ:572","Animalia","Arthropoda","Malacostraca","Euphausiacea","Euphausiidae","Euphausia","Euphausia pacifica",55.67,-147.5
"3819451793","92c9ae64-2267-4747-98d4-48dc7ae459be","IYS:GoA2019:Stn29:juday:zoop_occ:865","Animalia","Arthropoda","Malacostraca","Euphausiacea","Euphausiidae","Euphausia","Euphausia pacifica",51.67,-146
"3819451783","92c9ae64-2267-4747-98d4-48dc7ae459be","IYS:GoA2019:Stn14:juday:zoop_occ:479","Animalia","Arthropoda","Malacostraca","Euphausiacea","Euphausiidae","Euphausia","Euphausia pacifica",51.67,-147.5
"3819451652","92c9ae64-2267-4747-98d4-48dc7ae459be","IYS:GoA2019:Stn16:juday:zoop_occ:527","Animalia","Arthropoda","Malacostraca","Euphausiacea","Euphausiidae","Euphausia","Euphausia pacifica",53.67,-147.5
"3819451650","92c9ae64-2267-4747-98d4-48dc7ae459be","IYS:GoA2019:Stn16:juday:zoop_occ:528","Animalia","Arthropoda","Malacostraca","Euphausiacea","Euphausiidae","Euphausia","Euphausia pacifica",53.67,-147.5
"3819451585","92c9ae64-2267-4747-98d4-48dc7ae459be","IYS:GoA2019:Stn34:juday:zoop_occ:993","Animalia","Arthropoda","Malacostraca","Euphausiacea","Euphausiidae","Euphausia","Euphausia pacifica",49.67,-144.5
"3819451475","92c9ae64-2267-4747-98d4-48dc7ae459be","IYS:GoA2019:Stn60:juday:zoop_occ:1899","Animalia","Arthropoda","Malacostraca","Euphausiacea","Euphausiidae","Euphausia","Euphausia pacifica",48.67,-137
"3819451427","92c9ae64-2267-4747-98d4-48dc7ae459be","IYS:GoA2019:Stn22:juday:zoop_occ:695","Animalia","Arthropoda","Malacostraca","Euphausiacea","Euphausiidae","Euphausia","Euphausia pacifica",56.67,-143
"3819451346","92c9ae64-2267-4747-98d4-48dc7ae459be","IYS:GoA2019:Stn11:juday:zoop_occ:408","Animalia","Arthropoda","Malacostraca","Euphausiacea","Euphausiidae","Euphausia","Euphausia pacifica",48.67,-147.5
"3819451345","92c9ae64-2267-4747-98d4-48dc7ae459be","IYS:GoA2019:Stn25:juday:zoop_occ:768","Animalia","Arthropoda","Malacostraca","Euphausiacea","Euphausiidae","Euphausia","Euphausia pacifica",55.67,-146
"3819451343","92c9ae64-2267-4747-98d4-48dc7ae459be","IYS:GoA2019:Stn25:juday:zoop_occ:767","Animalia","Arthropoda","Malacostraca","Euphausiacea","Euphausiidae","Euphausia","Euphausia pacifica",55.67,-146
"3819451320","92c9ae64-2267-4747-98d4-48dc7ae459be","IYS:GoA2019:Stn48:juday:zoop_occ:1436","Animalia","Arthropoda","Malacostraca","Euphausiacea","Euphausiidae","Euphausia","Euphausia pacifica",49.67,-141.5
"3819450997","13b1bb11-25d4-4a7d-8e42-7b7c761e2c21","IYS:GoA2020:Stn41:juday:zoop_occ:24","Animalia","Arthropoda","Malacostraca","Euphausiacea","Euphausiidae","Euphausia","Euphausia pacifica",48.4,-141.47
"3819450686","13b1bb11-25d4-4a7d-8e42-7b7c761e2c21","IYS:GoA2020:Stn31:juday:zoop_occ:26","Animalia","Arthropoda","Malacostraca","Euphausiacea","Euphausiidae","Euphausia","Euphausia pacifica",53.38,-134.03
"3819450640","13b1bb11-25d4-4a7d-8e42-7b7c761e2c21","IYS:GoA2020:Stn25:juday:zoop_occ:21","Animalia","Arthropoda","Malacostraca","Euphausiacea","Euphausiidae","Euphausia","Euphausia pacifica",53.38,-140.05
"3819450623","13b1bb11-25d4-4a7d-8e42-7b7c761e2c21","IYS:GoA2020:Stn50:juday:zoop_occ:24","Animalia","Arthropoda","Malacostraca","Euphausiacea","Euphausiidae","Euphausia","Euphausia pacifica",48.67,-131.05
"3819450437","13b1bb11-25d4-4a7d-8e42-7b7c761e2c21","IYS:GoA2020:Stn39:juday:zoop_occ:21","Animalia","Arthropoda","Malacostraca","Euphausiacea","Euphausiidae","Euphausia","Euphausia pacifica",49.43,-140
"3819450431","13b1bb11-25d4-4a7d-8e42-7b7c761e2c21","IYS:GoA2020:Stn35:juday:zoop_occ:15","Animalia","Arthropoda","Malacostraca","Euphausiacea","Euphausiidae","Euphausia","Euphausia pacifica",52.42,-138.67
"3819450392","13b1bb11-25d4-4a7d-8e42-7b7c761e2c21","IYS:GoA2020:Stn37:juday:zoop_occ:17","Animalia","Arthropoda","Malacostraca","Euphausiacea","Euphausiidae","Euphausia","Euphausia pacifica",50.4,-138.57
"3819450316","13b1bb11-25d4-4a7d-8e42-7b7c761e2c21","IYS:GoA2020:Stn15:juday:zoop_occ:22","Animalia","Arthropoda","Malacostraca","Euphausiacea","Euphausiidae","Euphausia","Euphausia pacifica",51.42,-146.02
"3819450264","13b1bb11-25d4-4a7d-8e42-7b7c761e2c21","IYS:GoA2020:Stn12:juday:zoop_occ:18","Animalia","Arthropoda","Malacostraca","Euphausiacea","Euphausiidae","Euphausia","Euphausia pacifica",49.4,-147.53
"3819449760","13b1bb11-25d4-4a7d-8e42-7b7c761e2c21","IYS:GoA2020:Stn14:juday:zoop_occ:23","Animalia","Arthropoda","Malacostraca","Euphausiacea","Euphausiidae","Euphausia","Euphausia pacifica",51.4,-147.48
"3819449453","13b1bb11-25d4-4a7d-8e42-7b7c761e2c21","IYS:GoA2020:Stn1:juday:zoop_occ:22","Animalia","Arthropoda","Malacostraca","Euphausiacea","Euphausiidae","Euphausia","Euphausia pacifica",48.37,-130.02
"3819449305","13b1bb11-25d4-4a7d-8e42-7b7c761e2c21","IYS:GoA2020:Stn34:juday:zoop_occ:19","Animalia","Arthropoda","Malacostraca","Euphausiacea","Euphausiidae","Euphausia","Euphausia pacifica",52.4,-137.03
"3759140331","50c9509d-22c7-4a22-a47d-8c48425ef4a7","https://www.inaturalist.org/observations/12348675","Animalia","Arthropoda","Malacostraca","Euphausiacea","Euphausiidae","Euphausia","Euphausia pacifica",48.70947,-123.051231
"3696590477","2931765e-0682-4a38-85eb-032964cc3792","SeamountsOnline_urn:lsid:marinespecies.org:taxname:237851_54107","Animalia","Arthropoda","Malacostraca","Euphausiacea","Euphausiidae","Euphausia","Euphausia pacifica",32.06,-118.22
"3499503320","50c9509d-22c7-4a22-a47d-8c48425ef4a7","https://www.inaturalist.org/observations/14251889","Animalia","Arthropoda","Malacostraca","Euphausiacea","Euphausiidae","Euphausia","Euphausia pacifica",56.575719,-135.257964
"3468886391","50c9509d-22c7-4a22-a47d-8c48425ef4a7","https://www.inaturalist.org/observations/63116686","Animalia","Arthropoda","Malacostraca","Euphausiacea","Euphausiidae","Euphausia","Euphausia pacifica",48.651147,-123.486052
"3416637081","084feec5-77dc-4fad-9037-42880f2a3214","IYS:GoA2020:Stn1:trawl:sample:22:occ","Animalia","Arthropoda","Malacostraca","Euphausiacea","Euphausiidae","Euphausia","Euphausia pacifica",48.4006,-127.996148
"3416633834","084feec5-77dc-4fad-9037-42880f2a3214","IYS:GoA2020:Stn1:trawl:occ:5","Animalia","Arthropoda","Malacostraca","Euphausiacea","Euphausiidae","Euphausia","Euphausia pacifica",48.4006,-127.996148
"3349300355","d8cd16ba-bb74-4420-821e-083f2bac17c2","MT826933","Animalia","Arthropoda","Malacostraca","Euphausiacea","Euphausiidae","Euphausia","Euphausia pacifica",40.06,-135.09
"3314462516","50c9509d-22c7-4a22-a47d-8c48425ef4a7","https://www.inaturalist.org/observations/82753365","Animalia","Arthropoda","Malacostraca","Euphausiacea","Euphausiidae","Euphausia","Euphausia pacifica",48.416748,-123.410717
"3095849817","4bfac3ea-8763-4f4b-a71a-76a6f5f243d3","MCZ:IZ:148541","Animalia","Arthropoda","Malacostraca","Euphausiacea","Euphausiidae","Euphausia","Euphausia pacifica",45.86969,-124.63716
"3063449714","48060741-47d3-4093-86e6-2ec484323cc5","3065763","Animalia","Arthropoda","Malacostraca","Euphausiacea","Euphausiidae","Euphausia","Euphausia pacifica",53.343,-131.359
"3063336654","48060741-47d3-4093-86e6-2ec484323cc5","2747015","Animalia","Arthropoda","Malacostraca","Euphausiacea","Euphausiidae","Euphausia","Euphausia pacifica",53.786066,-131.168316
"2864774961","50c9509d-22c7-4a22-a47d-8c48425ef4a7","https://www.inaturalist.org/observations/59771147","Animalia","Arthropoda","Malacostraca","Euphausiacea","Euphausiidae","Euphausia","Euphausia pacifica",49.511612,-123.961487
"2596063974","50c9509d-22c7-4a22-a47d-8c48425ef4a7","https://www.inaturalist.org/observations/38099403","Animalia","Arthropoda","Malacostraca","Euphausiacea","Euphausiidae","Euphausia","Euphausia pacifica",57.046487,-135.308045
"2596041099","50c9509d-22c7-4a22-a47d-8c48425ef4a7","https://www.inaturalist.org/observations/40152652","Animalia","Arthropoda","Malacostraca","Euphausiacea","Euphausiidae","Euphausia","Euphausia pacifica",57.044757,-135.312066
"2382908939","968dfa3e-3614-4bab-a3b5-e9209bdd6078","OGL_MSC_NortheasternUniversity_S23489","Animalia","Arthropoda","Malacostraca","Euphausiacea","Euphausiidae","Euphausia","Euphausia pacifica",48.545404,-123.01562
"1946390223","66f6192f-6cc0-45fd-a2d1-e76f5ae3eab2","diveboard:404585_509419_0","Animalia","Arthropoda","Malacostraca","Euphausiacea","Euphausiidae","Euphausia","Euphausia pacifica",33.3879,-118.416
"1946390060","66f6192f-6cc0-45fd-a2d1-e76f5ae3eab2","diveboard:404584_509419_0","Animalia","Arthropoda","Malacostraca","Euphausiacea","Euphausiidae","Euphausia","Euphausia pacifica",33.3879,-118.416
"1898324139","34fbcf59-d9bb-47e7-9672-99e13ea8c736","fc02047b-9adc-4126-99da-b31ba80c7bc0","Animalia","Arthropoda","Malacostraca","Euphausiacea","Euphausiidae","Euphausia","Euphausia pacifica",48.85,-126.728333
"1898322817","34fbcf59-d9bb-47e7-9672-99e13ea8c736","f6aa7a8f-057f-4835-b756-542b782ccd42","Animalia","Arthropoda","Malacostraca","Euphausiacea","Euphausiidae","Euphausia","Euphausia pacifica",50.246667,-128.495
"1898321080","34fbcf59-d9bb-47e7-9672-99e13ea8c736","f013e0df-6238-40d7-9165-ca1bc09b32da","Animalia","Arthropoda","Malacostraca","Euphausiacea","Euphausiidae","Euphausia","Euphausia pacifica",48.65,-123.466667
"1898308699","34fbcf59-d9bb-47e7-9672-99e13ea8c736","c043a858-9b1b-4025-895e-4b0935d6ccb4","Animalia","Arthropoda","Malacostraca","Euphausiacea","Euphausiidae","Euphausia","Euphausia pacifica",48.471667,-124.445
"1898306462","34fbcf59-d9bb-47e7-9672-99e13ea8c736","b76b827a-95fa-4714-a9ec-8b919176543c","Animalia","Arthropoda","Malacostraca","Euphausiacea","Euphausiidae","Euphausia","Euphausia pacifica",48.921667,-126.54
"1898305780","34fbcf59-d9bb-47e7-9672-99e13ea8c736","b4bcdfb8-92a7-4950-9937-e4e812d1e021","Animalia","Arthropoda","Malacostraca","Euphausiacea","Euphausiidae","Euphausia","Euphausia pacifica",50,-145
"1898303645","34fbcf59-d9bb-47e7-9672-99e13ea8c736","ac17d32e-72b7-460f-8852-dfe66bd9cff6","Animalia","Arthropoda","Malacostraca","Euphausiacea","Euphausiidae","Euphausia","Euphausia pacifica",50,-145
"1898299503","34fbcf59-d9bb-47e7-9672-99e13ea8c736","9bb36e9b-52c0-45f6-bdc2-b1c85119f388","Animalia","Arthropoda","Malacostraca","Euphausiacea","Euphausiidae","Euphausia","Euphausia pacifica",50,-145
"1898293068","34fbcf59-d9bb-47e7-9672-99e13ea8c736","820dd7b6-393c-4693-8d42-f1f99cafbc5e","Animalia","Arthropoda","Malacostraca","Euphausiacea","Euphausiidae","Euphausia","Euphausia pacifica",48.765,-123.176667
"1898290864","34fbcf59-d9bb-47e7-9672-99e13ea8c736","79613a0c-d0cd-4cc6-a450-6df13fe932e2","Animalia","Arthropoda","Malacostraca","Euphausiacea","Euphausiidae","Euphausia","Euphausia pacifica",50,-128.031667
"1898279474","34fbcf59-d9bb-47e7-9672-99e13ea8c736","4c720f3d-a949-460c-b3ee-4d3fde585eae","Animalia","Arthropoda","Malacostraca","Euphausiacea","Euphausiidae","Euphausia","Euphausia pacifica",50,-145
"1898277196","34fbcf59-d9bb-47e7-9672-99e13ea8c736","4348a46a-77e3-46dc-ac42-a823389d55d6","Animalia","Arthropoda","Malacostraca","Euphausiacea","Euphausiidae","Euphausia","Euphausia pacifica",50.203,-128.386167
"1898275768","34fbcf59-d9bb-47e7-9672-99e13ea8c736","3d8c9a75-73aa-44e3-9c53-892239e3af8a","Animalia","Arthropoda","Malacostraca","Euphausiacea","Euphausiidae","Euphausia","Euphausia pacifica",48.916667,-126.897667
"1898275022","34fbcf59-d9bb-47e7-9672-99e13ea8c736","3a70586a-ee01-412f-bbdb-50f4f2f71d87","Animalia","Arthropoda","Malacostraca","Euphausiacea","Euphausiidae","Euphausia","Euphausia pacifica",49.841667,-128.161667
"1898271280","34fbcf59-d9bb-47e7-9672-99e13ea8c736","2ba0c92c-bcde-49c4-8c02-323f6e981195","Animalia","Arthropoda","Malacostraca","Euphausiacea","Euphausiidae","Euphausia","Euphausia pacifica",50.006667,-127.928333
"1898271054","34fbcf59-d9bb-47e7-9672-99e13ea8c736","2aaac21a-a97d-46eb-a6eb-1d4a630081f0","Animalia","Arthropoda","Malacostraca","Euphausiacea","Euphausiidae","Euphausia","Euphausia pacifica",50,-128.033333
"1898270163","34fbcf59-d9bb-47e7-9672-99e13ea8c736","26ce768d-5b30-46ea-b692-4cf86dbd08c9","Animalia","Arthropoda","Malacostraca","Euphausiacea","Euphausiidae","Euphausia","Euphausia pacifica",48.643333,-126.333333
"1804357110","87f42a91-8dfd-44f1-aabb-8b6ef14aba82","fb491a2f-db82-b824-1f8d-12c05f905aa8","Animalia","Arthropoda","Malacostraca","Euphausiacea","Euphausiidae","Euphausia","Euphausia pacifica",51.7928,-128.08
"1804353487","87f42a91-8dfd-44f1-aabb-8b6ef14aba82","ebabef87-5ddb-ddb4-e8a5-8a3bb2ee66d8","Animalia","Arthropoda","Malacostraca","Euphausiacea","Euphausiidae","Euphausia","Euphausia pacifica",49.4206,-127.365
"1804350523","87f42a91-8dfd-44f1-aabb-8b6ef14aba82","df1a90eb-4b5c-b5c4-5c87-7fe8921df45c","Animalia","Arthropoda","Malacostraca","Euphausiacea","Euphausiidae","Euphausia","Euphausia pacifica",48.7183,-126.083
"1804335852","87f42a91-8dfd-44f1-aabb-8b6ef14aba82","a01183eb-3210-2104-21bb-f63ab7ea98ad","Animalia","Arthropoda","Malacostraca","Euphausiacea","Euphausiidae","Euphausia","Euphausia pacifica",50.4608,-127.534
"1804330908","87f42a91-8dfd-44f1-aabb-8b6ef14aba82","8b10e0da-816b-16b4-4c88-ae86a48ea853","Animalia","Arthropoda","Malacostraca","Euphausiacea","Euphausiidae","Euphausia","Euphausia pacifica",48.7833,-125.483
"1804323242","87f42a91-8dfd-44f1-aabb-8b6ef14aba82","6ab01f08-9c60-c604-0aa8-3d401b05ef85","Animalia","Arthropoda","Malacostraca","Euphausiacea","Euphausiidae","Euphausia","Euphausia pacifica",48.6083,-125.583
"1804316295","87f42a91-8dfd-44f1-aabb-8b6ef14aba82","4c8b2fa5-cf73-f734-5681-3800701c4311","Animalia","Arthropoda","Malacostraca","Euphausiacea","Euphausiidae","Euphausia","Euphausia pacifica",52.5833,-128.517
"1804312034","87f42a91-8dfd-44f1-aabb-8b6ef14aba82","3acc5381-dfe8-fe84-ec9e-b2a2c42c2bda","Animalia","Arthropoda","Malacostraca","Euphausiacea","Euphausiidae","Euphausia","Euphausia pacifica",48.515,-125.318
"1804309296","87f42a91-8dfd-44f1-aabb-8b6ef14aba82","2e3d46bb-fb77-b774-108d-f6ccb0e87508","Animalia","Arthropoda","Malacostraca","Euphausiacea","Euphausiidae","Euphausia","Euphausia pacifica",50.4608,-127.534
"1804306551","87f42a91-8dfd-44f1-aabb-8b6ef14aba82","225f14bc-05f2-5f24-9bbc-098c4f739984","Animalia","Arthropoda","Malacostraca","Euphausiacea","Euphausiidae","Euphausia","Euphausia pacifica",48.6817,-126.047
"1804303069","87f42a91-8dfd-44f1-aabb-8b6ef14aba82","1369b70e-5a07-a074-9e80-094e09ead4a4","Animalia","Arthropoda","Malacostraca","Euphausiacea","Euphausiidae","Euphausia","Euphausia pacifica",50.4608,-127.534
"1675372999","85b1cfb6-f762-11e1-a439-00145eb45e9a","40313822-3bd1-498a-95fb-fc2482e51039","Animalia","Arthropoda","Malacostraca","Euphausiacea","Euphausiidae","Euphausia","Euphausia pacifica",48.5452,-123.0124
"1418537746","a2de0752-d60a-43a3-9ce8-9ef667810804","82f975c81a68d379883f4f2346f99108","Animalia","Arthropoda","Malacostraca","Euphausiacea","Euphausiidae","Euphausia","Euphausia pacifica",30.033333,-117.066667
"1418537719","a2de0752-d60a-43a3-9ce8-9ef667810804","a965f947340f3b0c38b73f6a5a54f4bc","Animalia","Arthropoda","Malacostraca","Euphausiacea","Euphausiidae","Euphausia","Euphausia pacifica",30.25,-121.166667
"1322910606","821cc27a-e3bb-4bc5-ac34-89ada245069d","http://n2t.net/ark:/65665/3fc8d041b-2305-4f19-9fb0-618ee1f6fab7","Animalia","Arthropoda","Malacostraca","Euphausiacea","Euphausiidae","Euphausia","Euphausia pacifica",33.6667,-119.583
"1322608188","821cc27a-e3bb-4bc5-ac34-89ada245069d","http://n2t.net/ark:/65665/3ef1d2177-acbe-421f-88da-576e41522d23","Animalia","Arthropoda","Malacostraca","Euphausiacea","Euphausiidae","Euphausia","Euphausia pacifica",39.3,-123.967
"1322329470","821cc27a-e3bb-4bc5-ac34-89ada245069d","http://n2t.net/ark:/65665/3e2cd659e-ab64-4c05-a6ea-d314745ce667","Animalia","Arthropoda","Malacostraca","Euphausiacea","Euphausiidae","Euphausia","Euphausia pacifica",47.63,-122.439
"1321598795","821cc27a-e3bb-4bc5-ac34-89ada245069d","http://n2t.net/ark:/65665/3c26b58bc-2f31-4b2b-9dcd-d36794b59b98","Animalia","Arthropoda","Malacostraca","Euphausiacea","Euphausiidae","Euphausia","Euphausia pacifica",34.08,-119.72
"1321078501","821cc27a-e3bb-4bc5-ac34-89ada245069d","http://n2t.net/ark:/65665/3ab6c32cb-98f5-4493-9106-4da693a21c8e","Animalia","Arthropoda","Malacostraca","Euphausiacea","Euphausiidae","Euphausia","Euphausia pacifica",35.425,-125.158
"1320668612","821cc27a-e3bb-4bc5-ac34-89ada245069d","http://n2t.net/ark:/65665/39955ae16-bfff-4dc5-994c-b92070ec4afb","Animalia","Arthropoda","Malacostraca","Euphausiacea","Euphausiidae","Euphausia","Euphausia pacifica",44.0061,-125.01
"1320665620","821cc27a-e3bb-4bc5-ac34-89ada245069d","http://n2t.net/ark:/65665/39933c7b2-9a5b-4131-b662-5dc7ce1b2d3d","Animalia","Arthropoda","Malacostraca","Euphausiacea","Euphausiidae","Euphausia","Euphausia pacifica",33.6667,-119.583
"1319573318","821cc27a-e3bb-4bc5-ac34-89ada245069d","http://n2t.net/ark:/65665/368d86cfd-0824-4257-bf7c-b9851ed935fe","Animalia","Arthropoda","Malacostraca","Euphausiacea","Euphausiidae","Euphausia","Euphausia pacifica",48.4944,-124.669
"1319310064","821cc27a-e3bb-4bc5-ac34-89ada245069d","http://n2t.net/ark:/65665/35d3efb88-4a49-48e1-9f2b-9b7a9bfc545c","Animalia","Arthropoda","Malacostraca","Euphausiacea","Euphausiidae","Euphausia","Euphausia pacifica",53.0833,-138.517
"1319047963","821cc27a-e3bb-4bc5-ac34-89ada245069d","http://n2t.net/ark:/65665/3519f104c-a75d-4006-bfa7-1c337b568605","Animalia","Arthropoda","Malacostraca","Euphausiacea","Euphausiidae","Euphausia","Euphausia pacifica",55.6917,-131.77
"1318829743","821cc27a-e3bb-4bc5-ac34-89ada245069d","http://n2t.net/ark:/65665/347f8bcdb-801b-4e45-aeea-6929931b9706","Animalia","Arthropoda","Malacostraca","Euphausiacea","Euphausiidae","Euphausia","Euphausia pacifica",39.3,-123.967
"1318728717","821cc27a-e3bb-4bc5-ac34-89ada245069d","http://n2t.net/ark:/65665/3437dae9d-476f-46f1-acbb-f621269e00a3","Animalia","Arthropoda","Malacostraca","Euphausiacea","Euphausiidae","Euphausia","Euphausia pacifica",51.2333,-129.833
"1318437339","821cc27a-e3bb-4bc5-ac34-89ada245069d","http://n2t.net/ark:/65665/3369f9686-9cc8-4864-aed8-e28a5442f5a6","Animalia","Arthropoda","Malacostraca","Euphausiacea","Euphausiidae","Euphausia","Euphausia pacifica",53.8833,-144.883
"1318273012","821cc27a-e3bb-4bc5-ac34-89ada245069d","http://n2t.net/ark:/65665/32f58cfab-516c-4253-ba8d-9c114366b0f3","Animalia","Arthropoda","Malacostraca","Euphausiacea","Euphausiidae","Euphausia","Euphausia pacifica",49.13,-123.97
"1318237471","821cc27a-e3bb-4bc5-ac34-89ada245069d","http://n2t.net/ark:/65665/32dc60b3e-1598-4453-8978-9fa8d8c5bd18","Animalia","Arthropoda","Malacostraca","Euphausiacea","Euphausiidae","Euphausia","Euphausia pacifica",35.6083,-124.758
"1318188342","821cc27a-e3bb-4bc5-ac34-89ada245069d","http://n2t.net/ark:/65665/32b98c022-acfc-4b3b-a1ae-50bb77ac3f30","Animalia","Arthropoda","Malacostraca","Euphausiacea","Euphausiidae","Euphausia","Euphausia pacifica",35.425,-125.158
"1317524844","821cc27a-e3bb-4bc5-ac34-89ada245069d","http://n2t.net/ark:/65665/30e461133-ed72-4bf3-923f-154c01f45508","Animalia","Arthropoda","Malacostraca","Euphausiacea","Euphausiidae","Euphausia","Euphausia pacifica",35.5167,-124.95
"1317331483","821cc27a-e3bb-4bc5-ac34-89ada245069d","http://n2t.net/ark:/65665/305b2f72c-f736-44fd-b2df-70b0450a065d","Animalia","Arthropoda","Malacostraca","Euphausiacea","Euphausiidae","Euphausia","Euphausia pacifica",52.0333,-132.883
"1146406404","80ebe7f9-00ee-4fe3-80f6-303729cf5bac","https://arctos.database.museum/guid/UAM:Inv:16012","Animalia","Arthropoda","Malacostraca","Euphausiacea","Euphausiidae","Euphausia","Euphausia pacifica",59.919444,-143.855556
"609478477","44bcde48-ac71-46f2-bf73-24fc3c008b6c","urn:catalog:CAS:IZ:184226","Animalia","Arthropoda","Malacostraca","Euphausiacea","Euphausiidae","Euphausia","Euphausia pacifica",37.709202,-123.210565
"609394257","44bcde48-ac71-46f2-bf73-24fc3c008b6c","urn:catalog:CAS:IZ:26530","Animalia","Arthropoda","Malacostraca","Euphausiacea","Euphausiidae","Euphausia","Euphausia pacifica",58.895,-139.276667
"609388760","44bcde48-ac71-46f2-bf73-24fc3c008b6c","urn:catalog:CAS:IZ:13944","Animalia","Arthropoda","Malacostraca","Euphausiacea","Euphausiidae","Euphausia","Euphausia pacifica",57.100556,-151.033889
"609388758","44bcde48-ac71-46f2-bf73-24fc3c008b6c","urn:catalog:CAS:IZ:13943","Animalia","Arthropoda","Malacostraca","Euphausiacea","Euphausiidae","Euphausia","Euphausia pacifica",56.617778,-155.418056
"609388757","44bcde48-ac71-46f2-bf73-24fc3c008b6c","urn:catalog:CAS:IZ:13942","Animalia","Arthropoda","Malacostraca","Euphausiacea","Euphausiidae","Euphausia","Euphausia pacifica",58.151944,-150.751944
"609388756","44bcde48-ac71-46f2-bf73-24fc3c008b6c","urn:catalog:CAS:IZ:13941","Animalia","Arthropoda","Malacostraca","Euphausiacea","Euphausiidae","Euphausia","Euphausia pacifica",56.9,-150.206667
"609388755","44bcde48-ac71-46f2-bf73-24fc3c008b6c","urn:catalog:CAS:IZ:13940","Animalia","Arthropoda","Malacostraca","Euphausiacea","Euphausiidae","Euphausia","Euphausia pacifica",58.650278,-151.316667
"609387903","44bcde48-ac71-46f2-bf73-24fc3c008b6c","urn:catalog:CAS:IZ:10914","Animalia","Arthropoda","Malacostraca","Euphausiacea","Euphausiidae","Euphausia","Euphausia pacifica",57.266667,-152.916667
"609379918","44bcde48-ac71-46f2-bf73-24fc3c008b6c","urn:catalog:CAS:IZ:180566","Animalia","Arthropoda","Malacostraca","Euphausiacea","Euphausiidae","Euphausia","Euphausia pacifica",38.241667,-123.416667
"477914775","4bfac3ea-8763-4f4b-a71a-76a6f5f243d3","MCZ:IZ:92937","Animalia","Arthropoda","Malacostraca","Euphausiacea","Euphausiidae","Euphausia","Euphausia pacifica",36.60024,-121.89468
"477910570","4bfac3ea-8763-4f4b-a71a-76a6f5f243d3","MCZ:IZ:92823","Animalia","Arthropoda","Malacostraca","Euphausiacea","Euphausiidae","Euphausia","Euphausia pacifica",36.60028,-121.89361
"477896725","4bfac3ea-8763-4f4b-a71a-76a6f5f243d3","MCZ:IZ:92796","Animalia","Arthropoda","Malacostraca","Euphausiacea","Euphausiidae","Euphausia","Euphausia pacifica",36.60024,-121.89468
