"gbifID","datasetKey","occurrenceID","kingdom","phylum","class","order","family","genus","species","decimalLatitude","decimalLongitude"
"6423118992","50c9509d-22c7-4a22-a47d-8c48425ef4a7","https://www.inaturalist.org/observations/376004518","Animalia","Mollusca","Gastropoda","Pteropoda","Limacinidae","Limacina","Limacina helicina",56.165041,-132.781793
"6413882605","50c9509d-22c7-4a22-a47d-8c48425ef4a7","https://www.inaturalist.org/observations/373800502","Animalia","Mollusca","Gastropoda","Pteropoda","Limacinidae","Limacina","Limacina helicina",61.124739,-146.360313
"6178611392","50c9509d-22c7-4a22-a47d-8c48425ef4a7","https://www.inaturalist.org/observations/341998639","Animalia","Mollusca","Gastropoda","Pteropoda","Limacinidae","Limacina","Limacina helicina",56.941518,-135.696917
"6136582908","d161c3e1-fa12-4eb5-8999-cf8e7c9695bb","7809_STNP26_0011_1_90000000000222-26833","Animalia","Mollusca","Gastropoda","Pteropoda","Limacinidae","Limacina","Limacina helicina",50,-145
"6136582871","d161c3e1-fa12-4eb5-8999-cf8e7c9695bb","7701_STNP26_0015_1_90000000000222-20473","Animalia","Mollusca","Gastropoda","Pteropoda","Limacinidae","Limacina","Limacina helicina",50,-145
"6136582739","d161c3e1-fa12-4eb5-8999-cf8e7c9695bb","7105_STNP26_0067_1_90000000000222-8317","Animalia","Mollusca","Gastropoda","Pteropoda","Limacinidae","Limacina","Limacina helicina",50,-145
"6136582728","d161c3e1-fa12-4eb5-8999-cf8e7c9695bb","7202_STNP26_0019_1_90000000000222-9548","Animalia","Mollusca","Gastropoda","Pteropoda","Limacinidae","Limacina","Limacina helicina",50,-145
"6136582727","d161c3e1-fa12-4eb5-8999-cf8e7c9695bb","7006_STNP26_0028_1_90000000000222-6056","Animalia","Mollusca","Gastropoda","Pteropoda","Limacinidae","Limacina","Limacina helicina",50,-145
"6136582724","d161c3e1-fa12-4eb5-8999-cf8e7c9695bb","7903_STNP26_0031_1_90000000000222-27503","Animalia","Mollusca","Gastropoda","Pteropoda","Limacinidae","Limacina","Limacina helicina",50,-145
"6136582715","d161c3e1-fa12-4eb5-8999-cf8e7c9695bb","7202_STNP26_0004_1_90000000000222-9444","Animalia","Mollusca","Gastropoda","Pteropoda","Limacinidae","Limacina","Limacina helicina",50,-145
"6136582616","d161c3e1-fa12-4eb5-8999-cf8e7c9695bb","6909_STNP26_0037_1_90000000000222-3777","Animalia","Mollusca","Gastropoda","Pteropoda","Limacinidae","Limacina","Limacina helicina",50,-145
"6136582600","d161c3e1-fa12-4eb5-8999-cf8e7c9695bb","7305_STNP26_0014_1_90000000000222-12341","Animalia","Mollusca","Gastropoda","Pteropoda","Limacinidae","Limacina","Limacina helicina",50,-145
"6136582577","d161c3e1-fa12-4eb5-8999-cf8e7c9695bb","7804_STNP26_0004_1_90000000000222-23303","Animalia","Mollusca","Gastropoda","Pteropoda","Limacinidae","Limacina","Limacina helicina",50,-145
"6136582505","d161c3e1-fa12-4eb5-8999-cf8e7c9695bb","7107_STNP26_0023_1_90000000000222-9089","Animalia","Mollusca","Gastropoda","Pteropoda","Limacinidae","Limacina","Limacina helicina",50,-145
"6136582494","d161c3e1-fa12-4eb5-8999-cf8e7c9695bb","6909_STNP26_0001_1_90000000000222-3659","Animalia","Mollusca","Gastropoda","Pteropoda","Limacinidae","Limacina","Limacina helicina",50,-145
"6136582480","d161c3e1-fa12-4eb5-8999-cf8e7c9695bb","7202_STNP26_0031_1_90000000000222-9649","Animalia","Mollusca","Gastropoda","Pteropoda","Limacinidae","Limacina","Limacina helicina",50,-145
"6136582478","d161c3e1-fa12-4eb5-8999-cf8e7c9695bb","7801_STNP26_0003_1_90000000000222-22362","Animalia","Mollusca","Gastropoda","Pteropoda","Limacinidae","Limacina","Limacina helicina",50,-145
"6136582430","d161c3e1-fa12-4eb5-8999-cf8e7c9695bb","7105_STNP26_0073_1_90000000000222-8349","Animalia","Mollusca","Gastropoda","Pteropoda","Limacinidae","Limacina","Limacina helicina",50,-145
"6136582416","d161c3e1-fa12-4eb5-8999-cf8e7c9695bb","7102_STNP26_0094_1_90000000000222-7113","Animalia","Mollusca","Gastropoda","Pteropoda","Limacinidae","Limacina","Limacina helicina",50,-145
"6136581186","d161c3e1-fa12-4eb5-8999-cf8e7c9695bb","7106_STNP26_0048_1_90000000000222-8824","Animalia","Mollusca","Gastropoda","Pteropoda","Limacinidae","Limacina","Limacina helicina",50,-145
"6136581114","d161c3e1-fa12-4eb5-8999-cf8e7c9695bb","6901_STNP26_0025_1_90000000000222-2567","Animalia","Mollusca","Gastropoda","Pteropoda","Limacinidae","Limacina","Limacina helicina",50,-145
"6136581102","d161c3e1-fa12-4eb5-8999-cf8e7c9695bb","7003_STNP26_0025_1_90000000000222-4399","Animalia","Mollusca","Gastropoda","Pteropoda","Limacinidae","Limacina","Limacina helicina",50,-145
"6136581085","d161c3e1-fa12-4eb5-8999-cf8e7c9695bb","7803_STNP26_0006_1_90000000000222-22707","Animalia","Mollusca","Gastropoda","Pteropoda","Limacinidae","Limacina","Limacina helicina",50,-145
"6136581083","d161c3e1-fa12-4eb5-8999-cf8e7c9695bb","7204_STNP26_0065_1_90000000000222-10296","Animalia","Mollusca","Gastropoda","Pteropoda","Limacinidae","Limacina","Limacina helicina",50,-145
"6136581078","d161c3e1-fa12-4eb5-8999-cf8e7c9695bb","7902_STNP26_0022_1_90000000000222-27204","Animalia","Mollusca","Gastropoda","Pteropoda","Limacinidae","Limacina","Limacina helicina",50,-145
"6136581058","d161c3e1-fa12-4eb5-8999-cf8e7c9695bb","7006_STNP26_0034_1_90000000000222-6184","Animalia","Mollusca","Gastropoda","Pteropoda","Limacinidae","Limacina","Limacina helicina",50,-145
"6136581018","d161c3e1-fa12-4eb5-8999-cf8e7c9695bb","8003_STNP26_0008_1_90000000000222-29295","Animalia","Mollusca","Gastropoda","Pteropoda","Limacinidae","Limacina","Limacina helicina",50,-145
"6136580985","d161c3e1-fa12-4eb5-8999-cf8e7c9695bb","7901_STNP26_0005_1_90000000000222-26935","Animalia","Mollusca","Gastropoda","Pteropoda","Limacinidae","Limacina","Limacina helicina",50,-145
"6136580973","d161c3e1-fa12-4eb5-8999-cf8e7c9695bb","7106_STNP26_0012_1_90000000000222-8604","Animalia","Mollusca","Gastropoda","Pteropoda","Limacinidae","Limacina","Limacina helicina",50,-145
"6136580955","d161c3e1-fa12-4eb5-8999-cf8e7c9695bb","7804_STNP26_0036_1_90000000000222-24142","Animalia","Mollusca","Gastropoda","Pteropoda","Limacinidae","Limacina","Limacina helicina",50,-145
"6136580944","d161c3e1-fa12-4eb5-8999-cf8e7c9695bb","7205_STNP26_0012_1_90000000000222-10591","Animalia","Mollusca","Gastropoda","Pteropoda","Limacinidae","Limacina","Limacina helicina",50,-145
"6136580940","d161c3e1-fa12-4eb5-8999-cf8e7c9695bb","6803_STNP26_0003_1_90000000000222-1381","Animalia","Mollusca","Gastropoda","Pteropoda","Limacinidae","Limacina","Limacina helicina",50,-145
"6136580887","d161c3e1-fa12-4eb5-8999-cf8e7c9695bb","7006_STNP26_0040_1_90000000000222-6337","Animalia","Mollusca","Gastropoda","Pteropoda","Limacinidae","Limacina","Limacina helicina",50,-145
"6136580872","d161c3e1-fa12-4eb5-8999-cf8e7c9695bb","7606_STNP26_0002_1_90000000000222-19687","Animalia","Mollusca","Gastropoda","Pteropoda","Limacinidae","Limacina","Limacina helicina",50,-145
"6136580858","d161c3e1-fa12-4eb5-8999-cf8e7c9695bb","7204_STNP26_0094_1_90000000000222-10424","Animalia","Mollusca","Gastropoda","Pteropoda","Limacinidae","Limacina","Limacina helicina",50,-145
"6136580850","d161c3e1-fa12-4eb5-8999-cf8e7c9695bb","7104_STNP26_0062_1_90000000000222-7909","Animalia","Mollusca","Gastropoda","Pteropoda","Limacinidae","Limacina","Limacina helicina",50,-145
"6136580794","d161c3e1-fa12-4eb5-8999-cf8e7c9695bb","8009_STNP26_0004_1_90000000000222-30634","Animalia","Mollusca","Gastropoda","Pteropoda","Limacinidae","Limacina","Limacina helicina",50,-145
"6136580788","d161c3e1-fa12-4eb5-8999-cf8e7c9695bb","7003_STNP26_0019_1_90000000000222-4285","Animalia","Mollusca","Gastropoda","Pteropoda","Limacinidae","Limacina","Limacina helicina",50,-145
"6136580742","d161c3e1-fa12-4eb5-8999-cf8e7c9695bb","8006_STNP26_0008_1_90000000000222-30045","Animalia","Mollusca","Gastropoda","Pteropoda","Limacinidae","Limacina","Limacina helicina",50,-145
"6136580712","d161c3e1-fa12-4eb5-8999-cf8e7c9695bb","7204_STNP26_0051_1_90000000000222-10250","Animalia","Mollusca","Gastropoda","Pteropoda","Limacinidae","Limacina","Limacina helicina",50,-145
"6136580696","d161c3e1-fa12-4eb5-8999-cf8e7c9695bb","7503_STNP26_0018_1_90000000000222-17140","Animalia","Mollusca","Gastropoda","Pteropoda","Limacinidae","Limacina","Limacina helicina",50,-145
"6136580681","d161c3e1-fa12-4eb5-8999-cf8e7c9695bb","7804_STNP26_0065_1_90000000000222-24841","Animalia","Mollusca","Gastropoda","Pteropoda","Limacinidae","Limacina","Limacina helicina",50,-145
"6136580678","d161c3e1-fa12-4eb5-8999-cf8e7c9695bb","7103_STNP26_0034_1_90000000000222-7484","Animalia","Mollusca","Gastropoda","Pteropoda","Limacinidae","Limacina","Limacina helicina",50,-145
"6136580670","d161c3e1-fa12-4eb5-8999-cf8e7c9695bb","7604_STNP26_0012_1_90000000000222-18916","Animalia","Mollusca","Gastropoda","Pteropoda","Limacinidae","Limacina","Limacina helicina",50,-145
"6136580613","d161c3e1-fa12-4eb5-8999-cf8e7c9695bb","7108_STNP26_0045_1_90000000000222-9272","Animalia","Mollusca","Gastropoda","Pteropoda","Limacinidae","Limacina","Limacina helicina",50,-145
"6136580595","d161c3e1-fa12-4eb5-8999-cf8e7c9695bb","7305_STNP26_0028_1_90000000000222-12664","Animalia","Mollusca","Gastropoda","Pteropoda","Limacinidae","Limacina","Limacina helicina",50,-145
"6136580587","d161c3e1-fa12-4eb5-8999-cf8e7c9695bb","7903_STNP26_0016_1_90000000000222-27366","Animalia","Mollusca","Gastropoda","Pteropoda","Limacinidae","Limacina","Limacina helicina",50,-145
"6136580586","d161c3e1-fa12-4eb5-8999-cf8e7c9695bb","7804_STNP26_0053_1_90000000000222-24612","Animalia","Mollusca","Gastropoda","Pteropoda","Limacinidae","Limacina","Limacina helicina",50,-145
"6136580579","d161c3e1-fa12-4eb5-8999-cf8e7c9695bb","7103_STNP26_0013_1_90000000000222-7318","Animalia","Mollusca","Gastropoda","Pteropoda","Limacinidae","Limacina","Limacina helicina",50,-145
"6136580388","d161c3e1-fa12-4eb5-8999-cf8e7c9695bb","7501_STNP26_0012_1_90000000000222-16605","Animalia","Mollusca","Gastropoda","Pteropoda","Limacinidae","Limacina","Limacina helicina",50,-145
"6136580381","d161c3e1-fa12-4eb5-8999-cf8e7c9695bb","7205_STNP26_0072_1_90000000000222-10849","Animalia","Mollusca","Gastropoda","Pteropoda","Limacinidae","Limacina","Limacina helicina",50,-145
"6136580376","d161c3e1-fa12-4eb5-8999-cf8e7c9695bb","7907_STNP26_0010_1_90000000000222-28606","Animalia","Mollusca","Gastropoda","Pteropoda","Limacinidae","Limacina","Limacina helicina",50,-145
"6136580371","d161c3e1-fa12-4eb5-8999-cf8e7c9695bb","7804_STNP26_0099_1_90000000000222-25364","Animalia","Mollusca","Gastropoda","Pteropoda","Limacinidae","Limacina","Limacina helicina",50,-145
"6136580308","d161c3e1-fa12-4eb5-8999-cf8e7c9695bb","7106_STNP26_0027_1_90000000000222-8698","Animalia","Mollusca","Gastropoda","Pteropoda","Limacinidae","Limacina","Limacina helicina",50,-145
"6136580262","d161c3e1-fa12-4eb5-8999-cf8e7c9695bb","7806_STNP26_0013_1_90000000000222-26103","Animalia","Mollusca","Gastropoda","Pteropoda","Limacinidae","Limacina","Limacina helicina",50,-145
"6136580230","d161c3e1-fa12-4eb5-8999-cf8e7c9695bb","7006_STNP26_0010_1_90000000000222-5598","Animalia","Mollusca","Gastropoda","Pteropoda","Limacinidae","Limacina","Limacina helicina",50,-145
"6136580223","d161c3e1-fa12-4eb5-8999-cf8e7c9695bb","7804_STNP26_0038_1_90000000000222-24192","Animalia","Mollusca","Gastropoda","Pteropoda","Limacinidae","Limacina","Limacina helicina",50,-145
"6136580216","d161c3e1-fa12-4eb5-8999-cf8e7c9695bb","7107_STNP26_0017_1_90000000000222-9051","Animalia","Mollusca","Gastropoda","Pteropoda","Limacinidae","Limacina","Limacina helicina",50,-145
"6136580148","d161c3e1-fa12-4eb5-8999-cf8e7c9695bb","7409_STNP26_0001_1_90000000000222-16325","Animalia","Mollusca","Gastropoda","Pteropoda","Limacinidae","Limacina","Limacina helicina",50,-145
"6136580079","d161c3e1-fa12-4eb5-8999-cf8e7c9695bb","6803_STNP26_0018_1_90000000000222-1520","Animalia","Mollusca","Gastropoda","Pteropoda","Limacinidae","Limacina","Limacina helicina",50,-145
"6136580056","d161c3e1-fa12-4eb5-8999-cf8e7c9695bb","7303_STNP26_0024_1_90000000000222-11756","Animalia","Mollusca","Gastropoda","Pteropoda","Limacinidae","Limacina","Limacina helicina",50,-145
"6136579979","d161c3e1-fa12-4eb5-8999-cf8e7c9695bb","7804_STNP26_0067_1_90000000000222-24888","Animalia","Mollusca","Gastropoda","Pteropoda","Limacinidae","Limacina","Limacina helicina",50,-145
"6136579952","d161c3e1-fa12-4eb5-8999-cf8e7c9695bb","7306_STNP26_0026_1_90000000000222-13668","Animalia","Mollusca","Gastropoda","Pteropoda","Limacinidae","Limacina","Limacina helicina",50,-145
"6136579912","d161c3e1-fa12-4eb5-8999-cf8e7c9695bb","7005_STNP26_0028_1_90000000000222-4867","Animalia","Mollusca","Gastropoda","Pteropoda","Limacinidae","Limacina","Limacina helicina",50,-145
"6136579896","d161c3e1-fa12-4eb5-8999-cf8e7c9695bb","7504_STNP26_0013_1_90000000000222-17527","Animalia","Mollusca","Gastropoda","Pteropoda","Limacinidae","Limacina","Limacina helicina",50,-145
"6136579894","d161c3e1-fa12-4eb5-8999-cf8e7c9695bb","7703_STNP26_0002_1_90000000000222-20677","Animalia","Mollusca","Gastropoda","Pteropoda","Limacinidae","Limacina","Limacina helicina",50,-145
"6136579887","d161c3e1-fa12-4eb5-8999-cf8e7c9695bb","6905_STNP26_0030_1_90000000000222-3098","Animalia","Mollusca","Gastropoda","Pteropoda","Limacinidae","Limacina","Limacina helicina",50,-145
"6136579862","d161c3e1-fa12-4eb5-8999-cf8e7c9695bb","7303_STNP26_0019_1_90000000000222-11634","Animalia","Mollusca","Gastropoda","Pteropoda","Limacinidae","Limacina","Limacina helicina",50,-145
"6136579859","d161c3e1-fa12-4eb5-8999-cf8e7c9695bb","7203_STNP26_0011_1_90000000000222-9797","Animalia","Mollusca","Gastropoda","Pteropoda","Limacinidae","Limacina","Limacina helicina",50,-145
"6136579847","d161c3e1-fa12-4eb5-8999-cf8e7c9695bb","7005_STNP26_0044_1_90000000000222-5098","Animalia","Mollusca","Gastropoda","Pteropoda","Limacinidae","Limacina","Limacina helicina",50,-145
"6136579841","d161c3e1-fa12-4eb5-8999-cf8e7c9695bb","7203_STNP26_0032_1_90000000000222-9949","Animalia","Mollusca","Gastropoda","Pteropoda","Limacinidae","Limacina","Limacina helicina",50,-145
"6136579837","d161c3e1-fa12-4eb5-8999-cf8e7c9695bb","7005_STNP26_0020_1_90000000000222-4774","Animalia","Mollusca","Gastropoda","Pteropoda","Limacinidae","Limacina","Limacina helicina",50,-145
"6136579833","d161c3e1-fa12-4eb5-8999-cf8e7c9695bb","7803_STNP26_0024_1_90000000000222-23163","Animalia","Mollusca","Gastropoda","Pteropoda","Limacinidae","Limacina","Limacina helicina",50,-145
"6136579726","d161c3e1-fa12-4eb5-8999-cf8e7c9695bb","7104_STNP26_0021_1_90000000000222-7632","Animalia","Mollusca","Gastropoda","Pteropoda","Limacinidae","Limacina","Limacina helicina",50,-145
"6136579713","d161c3e1-fa12-4eb5-8999-cf8e7c9695bb","6803_STNP26_0004_1_90000000000222-1406","Animalia","Mollusca","Gastropoda","Pteropoda","Limacinidae","Limacina","Limacina helicina",50,-145
"6136579704","d161c3e1-fa12-4eb5-8999-cf8e7c9695bb","7904_STNP26_0025_1_90000000000222-27788","Animalia","Mollusca","Gastropoda","Pteropoda","Limacinidae","Limacina","Limacina helicina",50,-145
"6136579695","d161c3e1-fa12-4eb5-8999-cf8e7c9695bb","7405_STNP26_0045_1_90000000000222-14744","Animalia","Mollusca","Gastropoda","Pteropoda","Limacinidae","Limacina","Limacina helicina",50,-145
"6136579627","d161c3e1-fa12-4eb5-8999-cf8e7c9695bb","7906_STNP26_0017_1_90000000000222-28290","Animalia","Mollusca","Gastropoda","Pteropoda","Limacinidae","Limacina","Limacina helicina",50,-145
"6136579514","d161c3e1-fa12-4eb5-8999-cf8e7c9695bb","7104_STNP26_0042_1_90000000000222-7781","Animalia","Mollusca","Gastropoda","Pteropoda","Limacinidae","Limacina","Limacina helicina",50,-145
"6136579504","d161c3e1-fa12-4eb5-8999-cf8e7c9695bb","7305_STNP26_0026_1_90000000000222-12590","Animalia","Mollusca","Gastropoda","Pteropoda","Limacinidae","Limacina","Limacina helicina",50,-145
"6136579478","d161c3e1-fa12-4eb5-8999-cf8e7c9695bb","7206_STNP26_0022_1_90000000000222-11149","Animalia","Mollusca","Gastropoda","Pteropoda","Limacinidae","Limacina","Limacina helicina",50,-145
"6136579473","d161c3e1-fa12-4eb5-8999-cf8e7c9695bb","7204_STNP26_0123_1_90000000000222-10530","Animalia","Mollusca","Gastropoda","Pteropoda","Limacinidae","Limacina","Limacina helicina",50,-145
"6136579469","d161c3e1-fa12-4eb5-8999-cf8e7c9695bb","7807_STNP26_0005_1_90000000000222-26261","Animalia","Mollusca","Gastropoda","Pteropoda","Limacinidae","Limacina","Limacina helicina",50,-145
"6136579455","d161c3e1-fa12-4eb5-8999-cf8e7c9695bb","7501_STNP26_0010_1_90000000000222-16585","Animalia","Mollusca","Gastropoda","Pteropoda","Limacinidae","Limacina","Limacina helicina",50,-145
"6136579444","d161c3e1-fa12-4eb5-8999-cf8e7c9695bb","7108_STNP26_0024_1_90000000000222-9211","Animalia","Mollusca","Gastropoda","Pteropoda","Limacinidae","Limacina","Limacina helicina",50,-145
"6136579428","d161c3e1-fa12-4eb5-8999-cf8e7c9695bb","7305_STNP26_0016_1_90000000000222-12393","Animalia","Mollusca","Gastropoda","Pteropoda","Limacinidae","Limacina","Limacina helicina",50,-145
"6136579419","d161c3e1-fa12-4eb5-8999-cf8e7c9695bb","6805_STNP26_0012_1_90000000000222-1939","Animalia","Mollusca","Gastropoda","Pteropoda","Limacinidae","Limacina","Limacina helicina",50,-145
"6136579401","d161c3e1-fa12-4eb5-8999-cf8e7c9695bb","7103_STNP26_0006_1_90000000000222-7271","Animalia","Mollusca","Gastropoda","Pteropoda","Limacinidae","Limacina","Limacina helicina",50,-145
"6136579380","d161c3e1-fa12-4eb5-8999-cf8e7c9695bb","7103_STNP26_0027_1_90000000000222-7435","Animalia","Mollusca","Gastropoda","Pteropoda","Limacinidae","Limacina","Limacina helicina",50,-145
"6136579322","d161c3e1-fa12-4eb5-8999-cf8e7c9695bb","7804_STNP26_0016_1_90000000000222-23641","Animalia","Mollusca","Gastropoda","Pteropoda","Limacinidae","Limacina","Limacina helicina",50,-145
"6136578282","d161c3e1-fa12-4eb5-8999-cf8e7c9695bb","7409_STNP26_0015_1_90000000000222-16471","Animalia","Mollusca","Gastropoda","Pteropoda","Limacinidae","Limacina","Limacina helicina",50,-145
"6136578272","d161c3e1-fa12-4eb5-8999-cf8e7c9695bb","7206_STNP26_0012_1_90000000000222-11018","Animalia","Mollusca","Gastropoda","Pteropoda","Limacinidae","Limacina","Limacina helicina",50,-145
"6136578267","d161c3e1-fa12-4eb5-8999-cf8e7c9695bb","7501_STNP26_0026_1_90000000000222-16718","Animalia","Mollusca","Gastropoda","Pteropoda","Limacinidae","Limacina","Limacina helicina",50,-145
"6136578264","d161c3e1-fa12-4eb5-8999-cf8e7c9695bb","7704_STNP26_0031_1_90000000000222-21265","Animalia","Mollusca","Gastropoda","Pteropoda","Limacinidae","Limacina","Limacina helicina",50,-145
"6136578238","d161c3e1-fa12-4eb5-8999-cf8e7c9695bb","7809_STNP26_0013_1_90000000000222-26857","Animalia","Mollusca","Gastropoda","Pteropoda","Limacinidae","Limacina","Limacina helicina",50,-145
"6136578187","d161c3e1-fa12-4eb5-8999-cf8e7c9695bb","7204_STNP26_0104_1_90000000000222-10463","Animalia","Mollusca","Gastropoda","Pteropoda","Limacinidae","Limacina","Limacina helicina",50,-145
"6136578172","d161c3e1-fa12-4eb5-8999-cf8e7c9695bb","7204_STNP26_0015_1_90000000000222-10126","Animalia","Mollusca","Gastropoda","Pteropoda","Limacinidae","Limacina","Limacina helicina",50,-145
"6136578143","d161c3e1-fa12-4eb5-8999-cf8e7c9695bb","6906_STNP26_0006_1_90000000000222-3287","Animalia","Mollusca","Gastropoda","Pteropoda","Limacinidae","Limacina","Limacina helicina",50,-145
"6136578121","d161c3e1-fa12-4eb5-8999-cf8e7c9695bb","7205_STNP26_0074_1_90000000000222-10865","Animalia","Mollusca","Gastropoda","Pteropoda","Limacinidae","Limacina","Limacina helicina",50,-145
"6136578097","d161c3e1-fa12-4eb5-8999-cf8e7c9695bb","7907_STNP26_0012_1_90000000000222-28637","Animalia","Mollusca","Gastropoda","Pteropoda","Limacinidae","Limacina","Limacina helicina",50,-145
"6136577994","d161c3e1-fa12-4eb5-8999-cf8e7c9695bb","7102_STNP26_0022_1_90000000000222-6876","Animalia","Mollusca","Gastropoda","Pteropoda","Limacinidae","Limacina","Limacina helicina",50,-145
"6136577988","d161c3e1-fa12-4eb5-8999-cf8e7c9695bb","7105_STNP26_0119_1_90000000000222-8526","Animalia","Mollusca","Gastropoda","Pteropoda","Limacinidae","Limacina","Limacina helicina",50,-145
"6136577921","d161c3e1-fa12-4eb5-8999-cf8e7c9695bb","7804_STNP26_0070_1_90000000000222-24962","Animalia","Mollusca","Gastropoda","Pteropoda","Limacinidae","Limacina","Limacina helicina",50,-145
"6136577871","d161c3e1-fa12-4eb5-8999-cf8e7c9695bb","7203_STNP26_0027_1_90000000000222-9903","Animalia","Mollusca","Gastropoda","Pteropoda","Limacinidae","Limacina","Limacina helicina",50,-145
"6136577869","d161c3e1-fa12-4eb5-8999-cf8e7c9695bb","7206_STNP26_0004_1_90000000000222-10946","Animalia","Mollusca","Gastropoda","Pteropoda","Limacinidae","Limacina","Limacina helicina",50,-145
"6136577863","d161c3e1-fa12-4eb5-8999-cf8e7c9695bb","6805_STNP26_0013_1_90000000000222-1949","Animalia","Mollusca","Gastropoda","Pteropoda","Limacinidae","Limacina","Limacina helicina",50,-145
"6136577837","d161c3e1-fa12-4eb5-8999-cf8e7c9695bb","6803_STNP26_0030_1_90000000000222-1584","Animalia","Mollusca","Gastropoda","Pteropoda","Limacinidae","Limacina","Limacina helicina",50,-145
"6136577821","d161c3e1-fa12-4eb5-8999-cf8e7c9695bb","7707_STNP26_0032_1_90000000000222-22026","Animalia","Mollusca","Gastropoda","Pteropoda","Limacinidae","Limacina","Limacina helicina",50,-145
"6136577647","d161c3e1-fa12-4eb5-8999-cf8e7c9695bb","7807_STNP26_0024_1_90000000000222-26485","Animalia","Mollusca","Gastropoda","Pteropoda","Limacinidae","Limacina","Limacina helicina",50,-145
"6136577622","d161c3e1-fa12-4eb5-8999-cf8e7c9695bb","6809_STNP26_0013_1_90000000000222-2283","Animalia","Mollusca","Gastropoda","Pteropoda","Limacinidae","Limacina","Limacina helicina",50,-145
"6136577593","d161c3e1-fa12-4eb5-8999-cf8e7c9695bb","7105_STNP26_0051_1_90000000000222-8250","Animalia","Mollusca","Gastropoda","Pteropoda","Limacinidae","Limacina","Limacina helicina",50,-145
"6136577589","d161c3e1-fa12-4eb5-8999-cf8e7c9695bb","7406_STNP26_0043_1_90000000000222-15633","Animalia","Mollusca","Gastropoda","Pteropoda","Limacinidae","Limacina","Limacina helicina",50,-145
"6136577586","d161c3e1-fa12-4eb5-8999-cf8e7c9695bb","8005_STNP26_0012_1_90000000000222-29836","Animalia","Mollusca","Gastropoda","Pteropoda","Limacinidae","Limacina","Limacina helicina",50,-145
"6136577568","d161c3e1-fa12-4eb5-8999-cf8e7c9695bb","7804_STNP26_0126_1_90000000000222-25714","Animalia","Mollusca","Gastropoda","Pteropoda","Limacinidae","Limacina","Limacina helicina",50,-145
"6136577566","d161c3e1-fa12-4eb5-8999-cf8e7c9695bb","7604_STNP26_0010_1_90000000000222-18849","Animalia","Mollusca","Gastropoda","Pteropoda","Limacinidae","Limacina","Limacina helicina",50,-145
"6136577548","d161c3e1-fa12-4eb5-8999-cf8e7c9695bb","7202_STNP26_0025_1_90000000000222-9599","Animalia","Mollusca","Gastropoda","Pteropoda","Limacinidae","Limacina","Limacina helicina",50,-145
"6136577545","d161c3e1-fa12-4eb5-8999-cf8e7c9695bb","7006_STNP26_0019_1_90000000000222-5826","Animalia","Mollusca","Gastropoda","Pteropoda","Limacinidae","Limacina","Limacina helicina",50,-145
"6136577543","d161c3e1-fa12-4eb5-8999-cf8e7c9695bb","7908_STNP26_0006_1_90000000000222-28726","Animalia","Mollusca","Gastropoda","Pteropoda","Limacinidae","Limacina","Limacina helicina",50,-145
"6136577533","d161c3e1-fa12-4eb5-8999-cf8e7c9695bb","6909_STNP26_0017_1_90000000000222-3689","Animalia","Mollusca","Gastropoda","Pteropoda","Limacinidae","Limacina","Limacina helicina",50,-145
"6136577508","d161c3e1-fa12-4eb5-8999-cf8e7c9695bb","7406_STNP26_0012_1_90000000000222-15070","Animalia","Mollusca","Gastropoda","Pteropoda","Limacinidae","Limacina","Limacina helicina",50,-145
"6136577413","d161c3e1-fa12-4eb5-8999-cf8e7c9695bb","7509_STNP26_0003_1_90000000000222-18417","Animalia","Mollusca","Gastropoda","Pteropoda","Limacinidae","Limacina","Limacina helicina",50,-145
"6136577411","d161c3e1-fa12-4eb5-8999-cf8e7c9695bb","7207_STNP26_0002_1_90000000000222-11314","Animalia","Mollusca","Gastropoda","Pteropoda","Limacinidae","Limacina","Limacina helicina",50,-145
"6136577397","d161c3e1-fa12-4eb5-8999-cf8e7c9695bb","7604_STNP26_0026_1_90000000000222-18999","Animalia","Mollusca","Gastropoda","Pteropoda","Limacinidae","Limacina","Limacina helicina",50,-145
"6136577371","d161c3e1-fa12-4eb5-8999-cf8e7c9695bb","7805_STNP26_0017_1_90000000000222-25880","Animalia","Mollusca","Gastropoda","Pteropoda","Limacinidae","Limacina","Limacina helicina",50,-145
"6136577311","d161c3e1-fa12-4eb5-8999-cf8e7c9695bb","7206_STNP26_0019_1_90000000000222-11111","Animalia","Mollusca","Gastropoda","Pteropoda","Limacinidae","Limacina","Limacina helicina",50,-145
"6136576253","d161c3e1-fa12-4eb5-8999-cf8e7c9695bb","7604_STNP26_0007_1_90000000000222-18819","Animalia","Mollusca","Gastropoda","Pteropoda","Limacinidae","Limacina","Limacina helicina",50,-145
"6136576232","d161c3e1-fa12-4eb5-8999-cf8e7c9695bb","7502_STNP26_0043_1_90000000000222-17029","Animalia","Mollusca","Gastropoda","Pteropoda","Limacinidae","Limacina","Limacina helicina",50,-145
"6136576205","d161c3e1-fa12-4eb5-8999-cf8e7c9695bb","6909_STNP26_0021_1_90000000000222-3736","Animalia","Mollusca","Gastropoda","Pteropoda","Limacinidae","Limacina","Limacina helicina",50,-145
"6136576177","d161c3e1-fa12-4eb5-8999-cf8e7c9695bb","8007_STNP26_0003_1_90000000000222-30225","Animalia","Mollusca","Gastropoda","Pteropoda","Limacinidae","Limacina","Limacina helicina",50,-145
"6136576160","d161c3e1-fa12-4eb5-8999-cf8e7c9695bb","7807_STNP26_0009_1_90000000000222-26295","Animalia","Mollusca","Gastropoda","Pteropoda","Limacinidae","Limacina","Limacina helicina",50,-145
"6136576145","d161c3e1-fa12-4eb5-8999-cf8e7c9695bb","6901_STNP26_0004_1_90000000000222-2439","Animalia","Mollusca","Gastropoda","Pteropoda","Limacinidae","Limacina","Limacina helicina",50,-145
"6136576125","d161c3e1-fa12-4eb5-8999-cf8e7c9695bb","7805_STNP26_0001_1_90000000000222-25796","Animalia","Mollusca","Gastropoda","Pteropoda","Limacinidae","Limacina","Limacina helicina",50,-145
"6136576124","d161c3e1-fa12-4eb5-8999-cf8e7c9695bb","7304_STNP26_0002_1_90000000000222-11809","Animalia","Mollusca","Gastropoda","Pteropoda","Limacinidae","Limacina","Limacina helicina",50,-145
"6136576081","d161c3e1-fa12-4eb5-8999-cf8e7c9695bb","7209_STNP26_0005_1_90000000000222-11392","Animalia","Mollusca","Gastropoda","Pteropoda","Limacinidae","Limacina","Limacina helicina",50,-145
"6136576004","d161c3e1-fa12-4eb5-8999-cf8e7c9695bb","7201_STNP26_0066_1_90000000000222-9411","Animalia","Mollusca","Gastropoda","Pteropoda","Limacinidae","Limacina","Limacina helicina",50,-145
"6136575969","d161c3e1-fa12-4eb5-8999-cf8e7c9695bb","7501_STNP26_0022_1_90000000000222-16680","Animalia","Mollusca","Gastropoda","Pteropoda","Limacinidae","Limacina","Limacina helicina",50,-145
"6136575897","d161c3e1-fa12-4eb5-8999-cf8e7c9695bb","7303_STNP26_0012_1_90000000000222-11558","Animalia","Mollusca","Gastropoda","Pteropoda","Limacinidae","Limacina","Limacina helicina",50,-145
"6136575896","d161c3e1-fa12-4eb5-8999-cf8e7c9695bb","7202_STNP26_0011_1_90000000000222-9485","Animalia","Mollusca","Gastropoda","Pteropoda","Limacinidae","Limacina","Limacina helicina",50,-145
"6136575843","d161c3e1-fa12-4eb5-8999-cf8e7c9695bb","7006_STNP26_0027_1_90000000000222-6032","Animalia","Mollusca","Gastropoda","Pteropoda","Limacinidae","Limacina","Limacina helicina",50,-145
"6136575813","d161c3e1-fa12-4eb5-8999-cf8e7c9695bb","8004_STNP26_0005_1_90000000000222-29527","Animalia","Mollusca","Gastropoda","Pteropoda","Limacinidae","Limacina","Limacina helicina",50,-145
"6136575774","d161c3e1-fa12-4eb5-8999-cf8e7c9695bb","7502_STNP26_0023_1_90000000000222-16933","Animalia","Mollusca","Gastropoda","Pteropoda","Limacinidae","Limacina","Limacina helicina",50,-145
"6136575755","d161c3e1-fa12-4eb5-8999-cf8e7c9695bb","7105_STNP26_0102_1_90000000000222-8463","Animalia","Mollusca","Gastropoda","Pteropoda","Limacinidae","Limacina","Limacina helicina",50,-145
"6136575724","d161c3e1-fa12-4eb5-8999-cf8e7c9695bb","7407_STNP26_0008_1_90000000000222-15877","Animalia","Mollusca","Gastropoda","Pteropoda","Limacinidae","Limacina","Limacina helicina",50,-145
"6136575652","d161c3e1-fa12-4eb5-8999-cf8e7c9695bb","6805_STNP26_0056_1_90000000000222-2113","Animalia","Mollusca","Gastropoda","Pteropoda","Limacinidae","Limacina","Limacina helicina",50,-145
"6136575626","d161c3e1-fa12-4eb5-8999-cf8e7c9695bb","7904_STNP26_0018_1_90000000000222-27734","Animalia","Mollusca","Gastropoda","Pteropoda","Limacinidae","Limacina","Limacina helicina",50,-145
"6136575592","d161c3e1-fa12-4eb5-8999-cf8e7c9695bb","7204_STNP26_0075_1_90000000000222-10340","Animalia","Mollusca","Gastropoda","Pteropoda","Limacinidae","Limacina","Limacina helicina",50,-145
"6136575505","d161c3e1-fa12-4eb5-8999-cf8e7c9695bb","7003_STNP26_0024_1_90000000000222-4362","Animalia","Mollusca","Gastropoda","Pteropoda","Limacinidae","Limacina","Limacina helicina",50,-145
"6136575498","d161c3e1-fa12-4eb5-8999-cf8e7c9695bb","7705_STNP26_0037_1_90000000000222-21571","Animalia","Mollusca","Gastropoda","Pteropoda","Limacinidae","Limacina","Limacina helicina",50,-145
"6136575457","d161c3e1-fa12-4eb5-8999-cf8e7c9695bb","7409_STNP26_0003_1_90000000000222-16355","Animalia","Mollusca","Gastropoda","Pteropoda","Limacinidae","Limacina","Limacina helicina",50,-145
"6136575439","d161c3e1-fa12-4eb5-8999-cf8e7c9695bb","7204_STNP26_0111_1_90000000000222-10490","Animalia","Mollusca","Gastropoda","Pteropoda","Limacinidae","Limacina","Limacina helicina",50,-145
"6136575424","d161c3e1-fa12-4eb5-8999-cf8e7c9695bb","6809_STNP26_0011_1_90000000000222-2270","Animalia","Mollusca","Gastropoda","Pteropoda","Limacinidae","Limacina","Limacina helicina",50,-145
"6136575372","d161c3e1-fa12-4eb5-8999-cf8e7c9695bb","7804_STNP26_0097_1_90000000000222-25296","Animalia","Mollusca","Gastropoda","Pteropoda","Limacinidae","Limacina","Limacina helicina",50,-145
"6136575345","d161c3e1-fa12-4eb5-8999-cf8e7c9695bb","7205_STNP26_0062_1_90000000000222-10781","Animalia","Mollusca","Gastropoda","Pteropoda","Limacinidae","Limacina","Limacina helicina",50,-145
"6136575307","d161c3e1-fa12-4eb5-8999-cf8e7c9695bb","7307_STNP26_0026_1_90000000000222-14021","Animalia","Mollusca","Gastropoda","Pteropoda","Limacinidae","Limacina","Limacina helicina",50,-145
"6136574292","d161c3e1-fa12-4eb5-8999-cf8e7c9695bb","7707_STNP26_0016_1_90000000000222-21906","Animalia","Mollusca","Gastropoda","Pteropoda","Limacinidae","Limacina","Limacina helicina",50,-145
"6136574254","d161c3e1-fa12-4eb5-8999-cf8e7c9695bb","7104_STNP26_0040_1_90000000000222-7764","Animalia","Mollusca","Gastropoda","Pteropoda","Limacinidae","Limacina","Limacina helicina",50,-145
"6136574248","d161c3e1-fa12-4eb5-8999-cf8e7c9695bb","7503_STNP26_0023_1_90000000000222-17175","Animalia","Mollusca","Gastropoda","Pteropoda","Limacinidae","Limacina","Limacina helicina",50,-145
"6136574227","d161c3e1-fa12-4eb5-8999-cf8e7c9695bb","7906_STNP26_0013_1_90000000000222-28256","Animalia","Mollusca","Gastropoda","Pteropoda","Limacinidae","Limacina","Limacina helicina",50,-145
"6136574225","d161c3e1-fa12-4eb5-8999-cf8e7c9695bb","7501_STNP26_0014_1_90000000000222-16625","Animalia","Mollusca","Gastropoda","Pteropoda","Limacinidae","Limacina","Limacina helicina",50,-145
"6136574213","d161c3e1-fa12-4eb5-8999-cf8e7c9695bb","7407_STNP26_0022_1_90000000000222-16211","Animalia","Mollusca","Gastropoda","Pteropoda","Limacinidae","Limacina","Limacina helicina",50,-145
"6136574180","d161c3e1-fa12-4eb5-8999-cf8e7c9695bb","7306_STNP26_0022_1_90000000000222-13584","Animalia","Mollusca","Gastropoda","Pteropoda","Limacinidae","Limacina","Limacina helicina",50,-145
"6136574130","d161c3e1-fa12-4eb5-8999-cf8e7c9695bb","7704_STNP26_0021_1_90000000000222-21200","Animalia","Mollusca","Gastropoda","Pteropoda","Limacinidae","Limacina","Limacina helicina",50,-145
"6136574121","d161c3e1-fa12-4eb5-8999-cf8e7c9695bb","7105_STNP26_0026_1_90000000000222-8119","Animalia","Mollusca","Gastropoda","Pteropoda","Limacinidae","Limacina","Limacina helicina",50,-145
"6136574022","d161c3e1-fa12-4eb5-8999-cf8e7c9695bb","6901_STNP26_0024_1_90000000000222-2547","Animalia","Mollusca","Gastropoda","Pteropoda","Limacinidae","Limacina","Limacina helicina",50,-145
"6136573993","d161c3e1-fa12-4eb5-8999-cf8e7c9695bb","7005_STNP26_0036_1_90000000000222-4980","Animalia","Mollusca","Gastropoda","Pteropoda","Limacinidae","Limacina","Limacina helicina",50,-145
"6136573990","d161c3e1-fa12-4eb5-8999-cf8e7c9695bb","6805_STNP26_0058_1_90000000000222-2124","Animalia","Mollusca","Gastropoda","Pteropoda","Limacinidae","Limacina","Limacina helicina",50,-145
"6136573931","d161c3e1-fa12-4eb5-8999-cf8e7c9695bb","7709_STNP26_0018_1_90000000000222-22277","Animalia","Mollusca","Gastropoda","Pteropoda","Limacinidae","Limacina","Limacina helicina",50,-145
"6136573928","d161c3e1-fa12-4eb5-8999-cf8e7c9695bb","7407_STNP26_0002_1_90000000000222-15753","Animalia","Mollusca","Gastropoda","Pteropoda","Limacinidae","Limacina","Limacina helicina",50,-145
"6136573924","d161c3e1-fa12-4eb5-8999-cf8e7c9695bb","7006_STNP26_0035_1_90000000000222-6212","Animalia","Mollusca","Gastropoda","Pteropoda","Limacinidae","Limacina","Limacina helicina",50,-145
"6136573908","d161c3e1-fa12-4eb5-8999-cf8e7c9695bb","7406_STNP26_0004_1_90000000000222-14957","Animalia","Mollusca","Gastropoda","Pteropoda","Limacinidae","Limacina","Limacina helicina",50,-145
"6136573875","d161c3e1-fa12-4eb5-8999-cf8e7c9695bb","6904_STNP26_0001_1_90000000000222-2871","Animalia","Mollusca","Gastropoda","Pteropoda","Limacinidae","Limacina","Limacina helicina",50,-145
"6136573872","d161c3e1-fa12-4eb5-8999-cf8e7c9695bb","7006_STNP26_0029_1_90000000000222-6076","Animalia","Mollusca","Gastropoda","Pteropoda","Limacinidae","Limacina","Limacina helicina",50,-145
"6136573862","d161c3e1-fa12-4eb5-8999-cf8e7c9695bb","7909_STNP26_0008_1_90000000000222-28913","Animalia","Mollusca","Gastropoda","Pteropoda","Limacinidae","Limacina","Limacina helicina",50,-145
"6136573839","d161c3e1-fa12-4eb5-8999-cf8e7c9695bb","7605_STNP26_0014_1_90000000000222-19320","Animalia","Mollusca","Gastropoda","Pteropoda","Limacinidae","Limacina","Limacina helicina",50,-145
"6136573804","d161c3e1-fa12-4eb5-8999-cf8e7c9695bb","7402_STNP26_0006_1_90000000000222-14442","Animalia","Mollusca","Gastropoda","Pteropoda","Limacinidae","Limacina","Limacina helicina",50,-145
"6136573778","d161c3e1-fa12-4eb5-8999-cf8e7c9695bb","7105_STNP26_0093_1_90000000000222-8432","Animalia","Mollusca","Gastropoda","Pteropoda","Limacinidae","Limacina","Limacina helicina",50,-145
"6136573766","d161c3e1-fa12-4eb5-8999-cf8e7c9695bb","7205_STNP26_0070_1_90000000000222-10835","Animalia","Mollusca","Gastropoda","Pteropoda","Limacinidae","Limacina","Limacina helicina",50,-145
"6136573764","d161c3e1-fa12-4eb5-8999-cf8e7c9695bb","7204_STNP26_0005_1_90000000000222-10087","Animalia","Mollusca","Gastropoda","Pteropoda","Limacinidae","Limacina","Limacina helicina",50,-145
"6136573763","d161c3e1-fa12-4eb5-8999-cf8e7c9695bb","7707_STNP26_0010_1_90000000000222-21864","Animalia","Mollusca","Gastropoda","Pteropoda","Limacinidae","Limacina","Limacina helicina",50,-145
"6136573693","d161c3e1-fa12-4eb5-8999-cf8e7c9695bb","7909_STNP26_0001_1_90000000000222-28851","Animalia","Mollusca","Gastropoda","Pteropoda","Limacinidae","Limacina","Limacina helicina",50,-145
"6136573576","d161c3e1-fa12-4eb5-8999-cf8e7c9695bb","7203_STNP26_0013_1_90000000000222-9812","Animalia","Mollusca","Gastropoda","Pteropoda","Limacinidae","Limacina","Limacina helicina",50,-145
"6136573557","d161c3e1-fa12-4eb5-8999-cf8e7c9695bb","7405_STNP26_0021_1_90000000000222-14596","Animalia","Mollusca","Gastropoda","Pteropoda","Limacinidae","Limacina","Limacina helicina",50,-145
"6136573492","d161c3e1-fa12-4eb5-8999-cf8e7c9695bb","7804_STNP26_0023_1_90000000000222-23847","Animalia","Mollusca","Gastropoda","Pteropoda","Limacinidae","Limacina","Limacina helicina",50,-145
"6136573479","d161c3e1-fa12-4eb5-8999-cf8e7c9695bb","7306_STNP26_0034_1_90000000000222-13851","Animalia","Mollusca","Gastropoda","Pteropoda","Limacinidae","Limacina","Limacina helicina",50,-145
"6136573379","d161c3e1-fa12-4eb5-8999-cf8e7c9695bb","7003_STNP26_0011_1_90000000000222-4162","Animalia","Mollusca","Gastropoda","Pteropoda","Limacinidae","Limacina","Limacina helicina",50,-145
"6136573378","d161c3e1-fa12-4eb5-8999-cf8e7c9695bb","7306_STNP26_0014_1_90000000000222-13411","Animalia","Mollusca","Gastropoda","Pteropoda","Limacinidae","Limacina","Limacina helicina",50,-145
"6136573355","d161c3e1-fa12-4eb5-8999-cf8e7c9695bb","7807_STNP26_0003_1_90000000000222-26238","Animalia","Mollusca","Gastropoda","Pteropoda","Limacinidae","Limacina","Limacina helicina",50,-145
"6136573351","d161c3e1-fa12-4eb5-8999-cf8e7c9695bb","6805_STNP26_0043_1_90000000000222-2049","Animalia","Mollusca","Gastropoda","Pteropoda","Limacinidae","Limacina","Limacina helicina",50,-145
"6136572282","d161c3e1-fa12-4eb5-8999-cf8e7c9695bb","7301_STNP26_0006_1_90000000000222-11468","Animalia","Mollusca","Gastropoda","Pteropoda","Limacinidae","Limacina","Limacina helicina",50,-145
"6136572232","d161c3e1-fa12-4eb5-8999-cf8e7c9695bb","7507_STNP26_0041_1_90000000000222-18352","Animalia","Mollusca","Gastropoda","Pteropoda","Limacinidae","Limacina","Limacina helicina",50,-145
"6136572200","d161c3e1-fa12-4eb5-8999-cf8e7c9695bb","7306_STNP26_0028_1_90000000000222-13706","Animalia","Mollusca","Gastropoda","Pteropoda","Limacinidae","Limacina","Limacina helicina",50,-145
"6136572170","d161c3e1-fa12-4eb5-8999-cf8e7c9695bb","7306_STNP26_0002_1_90000000000222-13157","Animalia","Mollusca","Gastropoda","Pteropoda","Limacinidae","Limacina","Limacina helicina",50,-145
"6136572167","d161c3e1-fa12-4eb5-8999-cf8e7c9695bb","7905_STNP26_0001_1_90000000000222-27894","Animalia","Mollusca","Gastropoda","Pteropoda","Limacinidae","Limacina","Limacina helicina",50,-145
"6136572166","d161c3e1-fa12-4eb5-8999-cf8e7c9695bb","7605_STNP26_0026_1_90000000000222-19425","Animalia","Mollusca","Gastropoda","Pteropoda","Limacinidae","Limacina","Limacina helicina",50,-145
"6136572154","d161c3e1-fa12-4eb5-8999-cf8e7c9695bb","6905_STNP26_0023_1_90000000000222-3067","Animalia","Mollusca","Gastropoda","Pteropoda","Limacinidae","Limacina","Limacina helicina",50,-145
"6136572137","d161c3e1-fa12-4eb5-8999-cf8e7c9695bb","7104_STNP26_0064_1_90000000000222-7927","Animalia","Mollusca","Gastropoda","Pteropoda","Limacinidae","Limacina","Limacina helicina",50,-145
"6136572102","d161c3e1-fa12-4eb5-8999-cf8e7c9695bb","7602_STNP26_0016_1_90000000000222-18768","Animalia","Mollusca","Gastropoda","Pteropoda","Limacinidae","Limacina","Limacina helicina",50,-145
"6136572068","d161c3e1-fa12-4eb5-8999-cf8e7c9695bb","6803_STNP26_0032_1_90000000000222-1625","Animalia","Mollusca","Gastropoda","Pteropoda","Limacinidae","Limacina","Limacina helicina",50,-145
"6136572053","d161c3e1-fa12-4eb5-8999-cf8e7c9695bb","7102_STNP26_0075_1_90000000000222-7041","Animalia","Mollusca","Gastropoda","Pteropoda","Limacinidae","Limacina","Limacina helicina",50,-145
"6136571988","d161c3e1-fa12-4eb5-8999-cf8e7c9695bb","7701_STNP26_0005_1_90000000000222-20421","Animalia","Mollusca","Gastropoda","Pteropoda","Limacinidae","Limacina","Limacina helicina",50,-145
"6136571978","d161c3e1-fa12-4eb5-8999-cf8e7c9695bb","7005_STNP26_0038_1_90000000000222-5004","Animalia","Mollusca","Gastropoda","Pteropoda","Limacinidae","Limacina","Limacina helicina",50,-145
"6136571971","d161c3e1-fa12-4eb5-8999-cf8e7c9695bb","7602_STNP26_0002_1_90000000000222-18693","Animalia","Mollusca","Gastropoda","Pteropoda","Limacinidae","Limacina","Limacina helicina",50,-145
"6136571960","d161c3e1-fa12-4eb5-8999-cf8e7c9695bb","7406_STNP26_0045_1_90000000000222-15657","Animalia","Mollusca","Gastropoda","Pteropoda","Limacinidae","Limacina","Limacina helicina",50,-145
"6136571944","d161c3e1-fa12-4eb5-8999-cf8e7c9695bb","7804_STNP26_0090_1_90000000000222-25089","Animalia","Mollusca","Gastropoda","Pteropoda","Limacinidae","Limacina","Limacina helicina",50,-145
"6136571909","d161c3e1-fa12-4eb5-8999-cf8e7c9695bb","6809_STNP26_0014_1_90000000000222-2303","Animalia","Mollusca","Gastropoda","Pteropoda","Limacinidae","Limacina","Limacina helicina",50,-145
"6136571901","d161c3e1-fa12-4eb5-8999-cf8e7c9695bb","7804_STNP26_0051_1_90000000000222-24549","Animalia","Mollusca","Gastropoda","Pteropoda","Limacinidae","Limacina","Limacina helicina",50,-145
"6136571857","d161c3e1-fa12-4eb5-8999-cf8e7c9695bb","7808_STNP26_0006_1_90000000000222-26693","Animalia","Mollusca","Gastropoda","Pteropoda","Limacinidae","Limacina","Limacina helicina",50,-145
"6136571817","d161c3e1-fa12-4eb5-8999-cf8e7c9695bb","7804_STNP26_0102_1_90000000000222-25467","Animalia","Mollusca","Gastropoda","Pteropoda","Limacinidae","Limacina","Limacina helicina",50,-145
"6136571791","d161c3e1-fa12-4eb5-8999-cf8e7c9695bb","6904_STNP26_0022_1_90000000000222-2949","Animalia","Mollusca","Gastropoda","Pteropoda","Limacinidae","Limacina","Limacina helicina",50,-145
"6136571789","d161c3e1-fa12-4eb5-8999-cf8e7c9695bb","6805_STNP26_0028_1_90000000000222-1994","Animalia","Mollusca","Gastropoda","Pteropoda","Limacinidae","Limacina","Limacina helicina",50,-145
"6136571776","d161c3e1-fa12-4eb5-8999-cf8e7c9695bb","7608_STNP26_0009_1_90000000000222-20242","Animalia","Mollusca","Gastropoda","Pteropoda","Limacinidae","Limacina","Limacina helicina",50,-145
"6136571765","d161c3e1-fa12-4eb5-8999-cf8e7c9695bb","8006_STNP26_0006_1_90000000000222-30003","Animalia","Mollusca","Gastropoda","Pteropoda","Limacinidae","Limacina","Limacina helicina",50,-145
"6136571748","d161c3e1-fa12-4eb5-8999-cf8e7c9695bb","7102_STNP26_0058_1_90000000000222-6969","Animalia","Mollusca","Gastropoda","Pteropoda","Limacinidae","Limacina","Limacina helicina",50,-145
"6136571706","d161c3e1-fa12-4eb5-8999-cf8e7c9695bb","7106_STNP26_0020_1_90000000000222-8653","Animalia","Mollusca","Gastropoda","Pteropoda","Limacinidae","Limacina","Limacina helicina",50,-145
"6136571658","d161c3e1-fa12-4eb5-8999-cf8e7c9695bb","7305_STNP26_0038_1_90000000000222-13009","Animalia","Mollusca","Gastropoda","Pteropoda","Limacinidae","Limacina","Limacina helicina",50,-145
"6136571643","d161c3e1-fa12-4eb5-8999-cf8e7c9695bb","7503_STNP26_0016_1_90000000000222-17106","Animalia","Mollusca","Gastropoda","Pteropoda","Limacinidae","Limacina","Limacina helicina",50,-145
"6136571642","d161c3e1-fa12-4eb5-8999-cf8e7c9695bb","7509_STNP26_0001_1_90000000000222-18385","Animalia","Mollusca","Gastropoda","Pteropoda","Limacinidae","Limacina","Limacina helicina",50,-145
"6136571534","d161c3e1-fa12-4eb5-8999-cf8e7c9695bb","7904_STNP26_0030_1_90000000000222-27830","Animalia","Mollusca","Gastropoda","Pteropoda","Limacinidae","Limacina","Limacina helicina",50,-145
"6136571492","d161c3e1-fa12-4eb5-8999-cf8e7c9695bb","7102_STNP26_0067_1_90000000000222-7007","Animalia","Mollusca","Gastropoda","Pteropoda","Limacinidae","Limacina","Limacina helicina",50,-145
"6136571485","d161c3e1-fa12-4eb5-8999-cf8e7c9695bb","7105_STNP26_0003_1_90000000000222-7993","Animalia","Mollusca","Gastropoda","Pteropoda","Limacinidae","Limacina","Limacina helicina",50,-145
"6136571469","d161c3e1-fa12-4eb5-8999-cf8e7c9695bb","7107_STNP26_0021_1_90000000000222-9079","Animalia","Mollusca","Gastropoda","Pteropoda","Limacinidae","Limacina","Limacina helicina",50,-145
"6136571453","d161c3e1-fa12-4eb5-8999-cf8e7c9695bb","7601_STNP26_0007_1_90000000000222-18565","Animalia","Mollusca","Gastropoda","Pteropoda","Limacinidae","Limacina","Limacina helicina",50,-145
"6136571309","d161c3e1-fa12-4eb5-8999-cf8e7c9695bb","7102_STNP26_0104_1_90000000000222-7167","Animalia","Mollusca","Gastropoda","Pteropoda","Limacinidae","Limacina","Limacina helicina",50,-145
"6136570291","d161c3e1-fa12-4eb5-8999-cf8e7c9695bb","7803_STNP26_0002_1_90000000000222-22603","Animalia","Mollusca","Gastropoda","Pteropoda","Limacinidae","Limacina","Limacina helicina",50,-145
"6136570275","d161c3e1-fa12-4eb5-8999-cf8e7c9695bb","7503_STNP26_0040_1_90000000000222-17324","Animalia","Mollusca","Gastropoda","Pteropoda","Limacinidae","Limacina","Limacina helicina",50,-145
"6136570268","d161c3e1-fa12-4eb5-8999-cf8e7c9695bb","7405_STNP26_0028_1_90000000000222-14619","Animalia","Mollusca","Gastropoda","Pteropoda","Limacinidae","Limacina","Limacina helicina",50,-145
"6136570212","d161c3e1-fa12-4eb5-8999-cf8e7c9695bb","7804_STNP26_0032_1_90000000000222-24048","Animalia","Mollusca","Gastropoda","Pteropoda","Limacinidae","Limacina","Limacina helicina",50,-145
"6136570151","d161c3e1-fa12-4eb5-8999-cf8e7c9695bb","7902_STNP26_0019_1_90000000000222-27167","Animalia","Mollusca","Gastropoda","Pteropoda","Limacinidae","Limacina","Limacina helicina",50,-145
"6136570146","d161c3e1-fa12-4eb5-8999-cf8e7c9695bb","8004_STNP26_0011_1_90000000000222-29633","Animalia","Mollusca","Gastropoda","Pteropoda","Limacinidae","Limacina","Limacina helicina",50,-145
"6136570121","d161c3e1-fa12-4eb5-8999-cf8e7c9695bb","7702_STNP26_0007_1_90000000000222-20641","Animalia","Mollusca","Gastropoda","Pteropoda","Limacinidae","Limacina","Limacina helicina",50,-145
"6136570090","d161c3e1-fa12-4eb5-8999-cf8e7c9695bb","6803_STNP26_0045_1_90000000000222-1718","Animalia","Mollusca","Gastropoda","Pteropoda","Limacinidae","Limacina","Limacina helicina",50,-145
"6136570088","d161c3e1-fa12-4eb5-8999-cf8e7c9695bb","7903_STNP26_0021_1_90000000000222-27415","Animalia","Mollusca","Gastropoda","Pteropoda","Limacinidae","Limacina","Limacina helicina",50,-145
"6136570067","d161c3e1-fa12-4eb5-8999-cf8e7c9695bb","7901_STNP26_0001_1_90000000000222-26882","Animalia","Mollusca","Gastropoda","Pteropoda","Limacinidae","Limacina","Limacina helicina",50,-145
"6136570028","d161c3e1-fa12-4eb5-8999-cf8e7c9695bb","6903_STNP26_0098_1_90000000000222-2836","Animalia","Mollusca","Gastropoda","Pteropoda","Limacinidae","Limacina","Limacina helicina",50,-145
"6136569976","d161c3e1-fa12-4eb5-8999-cf8e7c9695bb","8002_STNP26_0012_1_90000000000222-29187","Animalia","Mollusca","Gastropoda","Pteropoda","Limacinidae","Limacina","Limacina helicina",50,-145
"6136569964","d161c3e1-fa12-4eb5-8999-cf8e7c9695bb","7804_STNP26_0069_1_90000000000222-24939","Animalia","Mollusca","Gastropoda","Pteropoda","Limacinidae","Limacina","Limacina helicina",50,-145
"6136569959","d161c3e1-fa12-4eb5-8999-cf8e7c9695bb","7804_STNP26_0006_1_90000000000222-23360","Animalia","Mollusca","Gastropoda","Pteropoda","Limacinidae","Limacina","Limacina helicina",50,-145
"6136569952","d161c3e1-fa12-4eb5-8999-cf8e7c9695bb","7305_STNP26_0024_1_90000000000222-12553","Animalia","Mollusca","Gastropoda","Pteropoda","Limacinidae","Limacina","Limacina helicina",50,-145
"6136569934","d161c3e1-fa12-4eb5-8999-cf8e7c9695bb","7902_STNP26_0004_1_90000000000222-26986","Animalia","Mollusca","Gastropoda","Pteropoda","Limacinidae","Limacina","Limacina helicina",50,-145
"6136569919","d161c3e1-fa12-4eb5-8999-cf8e7c9695bb","7202_STNP26_0027_1_90000000000222-9615","Animalia","Mollusca","Gastropoda","Pteropoda","Limacinidae","Limacina","Limacina helicina",50,-145
"6136569908","d161c3e1-fa12-4eb5-8999-cf8e7c9695bb","7105_STNP26_0044_1_90000000000222-8217","Animalia","Mollusca","Gastropoda","Pteropoda","Limacinidae","Limacina","Limacina helicina",50,-145
"6136569906","d161c3e1-fa12-4eb5-8999-cf8e7c9695bb","7604_STNP26_0036_1_90000000000222-19084","Animalia","Mollusca","Gastropoda","Pteropoda","Limacinidae","Limacina","Limacina helicina",50,-145
"6136569902","d161c3e1-fa12-4eb5-8999-cf8e7c9695bb","7102_STNP26_0050_1_90000000000222-6952","Animalia","Mollusca","Gastropoda","Pteropoda","Limacinidae","Limacina","Limacina helicina",50,-145
"6136569829","d161c3e1-fa12-4eb5-8999-cf8e7c9695bb","7608_STNP26_0022_1_90000000000222-20331","Animalia","Mollusca","Gastropoda","Pteropoda","Limacinidae","Limacina","Limacina helicina",50,-145
"6136569824","d161c3e1-fa12-4eb5-8999-cf8e7c9695bb","7104_STNP26_0001_1_90000000000222-7526","Animalia","Mollusca","Gastropoda","Pteropoda","Limacinidae","Limacina","Limacina helicina",50,-145
"6136569822","d161c3e1-fa12-4eb5-8999-cf8e7c9695bb","7804_STNP26_0057_1_90000000000222-24740","Animalia","Mollusca","Gastropoda","Pteropoda","Limacinidae","Limacina","Limacina helicina",50,-145
"6136569808","d161c3e1-fa12-4eb5-8999-cf8e7c9695bb","7104_STNP26_0014_1_90000000000222-7584","Animalia","Mollusca","Gastropoda","Pteropoda","Limacinidae","Limacina","Limacina helicina",50,-145
"6136569752","d161c3e1-fa12-4eb5-8999-cf8e7c9695bb","7804_STNP26_0018_1_90000000000222-23696","Animalia","Mollusca","Gastropoda","Pteropoda","Limacinidae","Limacina","Limacina helicina",50,-145
"6136569678","d161c3e1-fa12-4eb5-8999-cf8e7c9695bb","7005_STNP26_0051_1_90000000000222-5182","Animalia","Mollusca","Gastropoda","Pteropoda","Limacinidae","Limacina","Limacina helicina",50,-145
"6136569661","d161c3e1-fa12-4eb5-8999-cf8e7c9695bb","7305_STNP26_0036_1_90000000000222-12940","Animalia","Mollusca","Gastropoda","Pteropoda","Limacinidae","Limacina","Limacina helicina",50,-145
"6136569654","d161c3e1-fa12-4eb5-8999-cf8e7c9695bb","7204_STNP26_0087_1_90000000000222-10396","Animalia","Mollusca","Gastropoda","Pteropoda","Limacinidae","Limacina","Limacina helicina",50,-145
"6136569652","d161c3e1-fa12-4eb5-8999-cf8e7c9695bb","7203_STNP26_0046_1_90000000000222-10055","Animalia","Mollusca","Gastropoda","Pteropoda","Limacinidae","Limacina","Limacina helicina",50,-145
"6136569621","d161c3e1-fa12-4eb5-8999-cf8e7c9695bb","7204_STNP26_0042_1_90000000000222-10220","Animalia","Mollusca","Gastropoda","Pteropoda","Limacinidae","Limacina","Limacina helicina",50,-145
"6136569598","d161c3e1-fa12-4eb5-8999-cf8e7c9695bb","7609_STNP26_0006_1_90000000000222-20359","Animalia","Mollusca","Gastropoda","Pteropoda","Limacinidae","Limacina","Limacina helicina",50,-145
"6136569578","d161c3e1-fa12-4eb5-8999-cf8e7c9695bb","7306_STNP26_0009_1_90000000000222-13314","Animalia","Mollusca","Gastropoda","Pteropoda","Limacinidae","Limacina","Limacina helicina",50,-145
"6136569537","d161c3e1-fa12-4eb5-8999-cf8e7c9695bb","7108_STNP26_0018_1_90000000000222-9197","Animalia","Mollusca","Gastropoda","Pteropoda","Limacinidae","Limacina","Limacina helicina",50,-145
"6136569520","d161c3e1-fa12-4eb5-8999-cf8e7c9695bb","6809_STNP26_0006_1_90000000000222-2242","Animalia","Mollusca","Gastropoda","Pteropoda","Limacinidae","Limacina","Limacina helicina",50,-145
"6136569510","d161c3e1-fa12-4eb5-8999-cf8e7c9695bb","7202_STNP26_0006_1_90000000000222-9457","Animalia","Mollusca","Gastropoda","Pteropoda","Limacinidae","Limacina","Limacina helicina",50,-145
"6136569501","d161c3e1-fa12-4eb5-8999-cf8e7c9695bb","7001_STNP26_0006_1_90000000000222-3845","Animalia","Mollusca","Gastropoda","Pteropoda","Limacinidae","Limacina","Limacina helicina",50,-145
"6136569488","d161c3e1-fa12-4eb5-8999-cf8e7c9695bb","7803_STNP26_0008_1_90000000000222-22755","Animalia","Mollusca","Gastropoda","Pteropoda","Limacinidae","Limacina","Limacina helicina",50,-145
"6136569469","d161c3e1-fa12-4eb5-8999-cf8e7c9695bb","7006_STNP26_0025_1_90000000000222-5986","Animalia","Mollusca","Gastropoda","Pteropoda","Limacinidae","Limacina","Limacina helicina",50,-145
"6136569460","d161c3e1-fa12-4eb5-8999-cf8e7c9695bb","7204_STNP26_0055_1_90000000000222-10265","Animalia","Mollusca","Gastropoda","Pteropoda","Limacinidae","Limacina","Limacina helicina",50,-145
"6136569458","d161c3e1-fa12-4eb5-8999-cf8e7c9695bb","7006_STNP26_0017_1_90000000000222-5772","Animalia","Mollusca","Gastropoda","Pteropoda","Limacinidae","Limacina","Limacina helicina",50,-145
"6136569452","d161c3e1-fa12-4eb5-8999-cf8e7c9695bb","6901_STNP26_0019_1_90000000000222-2487","Animalia","Mollusca","Gastropoda","Pteropoda","Limacinidae","Limacina","Limacina helicina",50,-145
"6136569425","d161c3e1-fa12-4eb5-8999-cf8e7c9695bb","7605_STNP26_0007_1_90000000000222-19274","Animalia","Mollusca","Gastropoda","Pteropoda","Limacinidae","Limacina","Limacina helicina",50,-145
"6136569360","d161c3e1-fa12-4eb5-8999-cf8e7c9695bb","7709_STNP26_0023_1_90000000000222-22317","Animalia","Mollusca","Gastropoda","Pteropoda","Limacinidae","Limacina","Limacina helicina",50,-145
"6136569359","d161c3e1-fa12-4eb5-8999-cf8e7c9695bb","7005_STNP26_0059_1_90000000000222-5283","Animalia","Mollusca","Gastropoda","Pteropoda","Limacinidae","Limacina","Limacina helicina",50,-145
"6136569323","d161c3e1-fa12-4eb5-8999-cf8e7c9695bb","7806_STNP26_0020_1_90000000000222-26171","Animalia","Mollusca","Gastropoda","Pteropoda","Limacinidae","Limacina","Limacina helicina",50,-145
"6136568260","d161c3e1-fa12-4eb5-8999-cf8e7c9695bb","7206_STNP26_0036_1_90000000000222-11305","Animalia","Mollusca","Gastropoda","Pteropoda","Limacinidae","Limacina","Limacina helicina",50,-145
"6136568227","d161c3e1-fa12-4eb5-8999-cf8e7c9695bb","7103_STNP26_0036_1_90000000000222-7501","Animalia","Mollusca","Gastropoda","Pteropoda","Limacinidae","Limacina","Limacina helicina",50,-145
"6136568187","d161c3e1-fa12-4eb5-8999-cf8e7c9695bb","7305_STNP26_0035_1_90000000000222-12905","Animalia","Mollusca","Gastropoda","Pteropoda","Limacinidae","Limacina","Limacina helicina",50,-145
"6136568174","d161c3e1-fa12-4eb5-8999-cf8e7c9695bb","7604_STNP26_0038_1_90000000000222-19156","Animalia","Mollusca","Gastropoda","Pteropoda","Limacinidae","Limacina","Limacina helicina",50,-145
"6136568129","d161c3e1-fa12-4eb5-8999-cf8e7c9695bb","6809_STNP26_0010_1_90000000000222-2261","Animalia","Mollusca","Gastropoda","Pteropoda","Limacinidae","Limacina","Limacina helicina",50,-145
"6136568123","d161c3e1-fa12-4eb5-8999-cf8e7c9695bb","7305_STNP26_0039_1_90000000000222-13042","Animalia","Mollusca","Gastropoda","Pteropoda","Limacinidae","Limacina","Limacina helicina",50,-145
"6136568116","d161c3e1-fa12-4eb5-8999-cf8e7c9695bb","7805_STNP26_0006_1_90000000000222-25834","Animalia","Mollusca","Gastropoda","Pteropoda","Limacinidae","Limacina","Limacina helicina",50,-145
"6136568056","d161c3e1-fa12-4eb5-8999-cf8e7c9695bb","7809_STNP26_0003_1_90000000000222-26739","Animalia","Mollusca","Gastropoda","Pteropoda","Limacinidae","Limacina","Limacina helicina",50,-145
"6136568051","d161c3e1-fa12-4eb5-8999-cf8e7c9695bb","6803_STNP26_0043_1_90000000000222-1693","Animalia","Mollusca","Gastropoda","Pteropoda","Limacinidae","Limacina","Limacina helicina",50,-145
"6136568005","d161c3e1-fa12-4eb5-8999-cf8e7c9695bb","7304_STNP26_0007_1_90000000000222-11933","Animalia","Mollusca","Gastropoda","Pteropoda","Limacinidae","Limacina","Limacina helicina",50,-145
"6136567980","d161c3e1-fa12-4eb5-8999-cf8e7c9695bb","7009_STNP26_0001_1_90000000000222-6703","Animalia","Mollusca","Gastropoda","Pteropoda","Limacinidae","Limacina","Limacina helicina",50,-145
"6136567948","d161c3e1-fa12-4eb5-8999-cf8e7c9695bb","7804_STNP26_0094_1_90000000000222-25196","Animalia","Mollusca","Gastropoda","Pteropoda","Limacinidae","Limacina","Limacina helicina",50,-145
"6136567928","d161c3e1-fa12-4eb5-8999-cf8e7c9695bb","6805_STNP26_0034_1_90000000000222-2038","Animalia","Mollusca","Gastropoda","Pteropoda","Limacinidae","Limacina","Limacina helicina",50,-145
"6136567925","d161c3e1-fa12-4eb5-8999-cf8e7c9695bb","7105_STNP26_0023_1_90000000000222-8101","Animalia","Mollusca","Gastropoda","Pteropoda","Limacinidae","Limacina","Limacina helicina",50,-145
"6136567836","d161c3e1-fa12-4eb5-8999-cf8e7c9695bb","7205_STNP26_0078_1_90000000000222-10891","Animalia","Mollusca","Gastropoda","Pteropoda","Limacinidae","Limacina","Limacina helicina",50,-145
"6136567831","d161c3e1-fa12-4eb5-8999-cf8e7c9695bb","7406_STNP26_0002_1_90000000000222-14900","Animalia","Mollusca","Gastropoda","Pteropoda","Limacinidae","Limacina","Limacina helicina",50,-145
"6136567817","d161c3e1-fa12-4eb5-8999-cf8e7c9695bb","7608_STNP26_0002_1_90000000000222-20181","Animalia","Mollusca","Gastropoda","Pteropoda","Limacinidae","Limacina","Limacina helicina",50,-145
"6136567759","d161c3e1-fa12-4eb5-8999-cf8e7c9695bb","7407_STNP26_0017_1_90000000000222-16080","Animalia","Mollusca","Gastropoda","Pteropoda","Limacinidae","Limacina","Limacina helicina",50,-145
"6136567755","d161c3e1-fa12-4eb5-8999-cf8e7c9695bb","7108_STNP26_0064_1_90000000000222-9331","Animalia","Mollusca","Gastropoda","Pteropoda","Limacinidae","Limacina","Limacina helicina",50,-145
"6136567747","d161c3e1-fa12-4eb5-8999-cf8e7c9695bb","7804_STNP26_0012_1_90000000000222-23526","Animalia","Mollusca","Gastropoda","Pteropoda","Limacinidae","Limacina","Limacina helicina",50,-145
"6136567730","d161c3e1-fa12-4eb5-8999-cf8e7c9695bb","7207_STNP26_0011_1_90000000000222-11345","Animalia","Mollusca","Gastropoda","Pteropoda","Limacinidae","Limacina","Limacina helicina",50,-145
"6136567662","d161c3e1-fa12-4eb5-8999-cf8e7c9695bb","7804_STNP26_0031_1_90000000000222-24025","Animalia","Mollusca","Gastropoda","Pteropoda","Limacinidae","Limacina","Limacina helicina",50,-145
"6136567657","d161c3e1-fa12-4eb5-8999-cf8e7c9695bb","7804_STNP26_0103_1_90000000000222-25501","Animalia","Mollusca","Gastropoda","Pteropoda","Limacinidae","Limacina","Limacina helicina",50,-145
"6136567652","d161c3e1-fa12-4eb5-8999-cf8e7c9695bb","7306_STNP26_0017_1_90000000000222-13464","Animalia","Mollusca","Gastropoda","Pteropoda","Limacinidae","Limacina","Limacina helicina",50,-145
"6136567629","d161c3e1-fa12-4eb5-8999-cf8e7c9695bb","7306_STNP26_0003_1_90000000000222-13185","Animalia","Mollusca","Gastropoda","Pteropoda","Limacinidae","Limacina","Limacina helicina",50,-145
"6136567618","d161c3e1-fa12-4eb5-8999-cf8e7c9695bb","7802_STNP26_0004_1_90000000000222-22507","Animalia","Mollusca","Gastropoda","Pteropoda","Limacinidae","Limacina","Limacina helicina",50,-145
"6136567553","d161c3e1-fa12-4eb5-8999-cf8e7c9695bb","7909_STNP26_0005_1_90000000000222-28883","Animalia","Mollusca","Gastropoda","Pteropoda","Limacinidae","Limacina","Limacina helicina",50,-145
"6136567551","d161c3e1-fa12-4eb5-8999-cf8e7c9695bb","8006_STNP26_0015_1_90000000000222-30140","Animalia","Mollusca","Gastropoda","Pteropoda","Limacinidae","Limacina","Limacina helicina",50,-145
"6136567536","d161c3e1-fa12-4eb5-8999-cf8e7c9695bb","7804_STNP26_0058_1_90000000000222-24769","Animalia","Mollusca","Gastropoda","Pteropoda","Limacinidae","Limacina","Limacina helicina",50,-145
"6136567461","d161c3e1-fa12-4eb5-8999-cf8e7c9695bb","7905_STNP26_0029_1_90000000000222-28105","Animalia","Mollusca","Gastropoda","Pteropoda","Limacinidae","Limacina","Limacina helicina",50,-145
"6136567449","d161c3e1-fa12-4eb5-8999-cf8e7c9695bb","7103_STNP26_0021_1_90000000000222-7384","Animalia","Mollusca","Gastropoda","Pteropoda","Limacinidae","Limacina","Limacina helicina",50,-145
"6136567429","d161c3e1-fa12-4eb5-8999-cf8e7c9695bb","7703_STNP26_0025_1_90000000000222-20868","Animalia","Mollusca","Gastropoda","Pteropoda","Limacinidae","Limacina","Limacina helicina",50,-145
"6136567402","d161c3e1-fa12-4eb5-8999-cf8e7c9695bb","7503_STNP26_0012_1_90000000000222-17075","Animalia","Mollusca","Gastropoda","Pteropoda","Limacinidae","Limacina","Limacina helicina",50,-145
"6136567393","d161c3e1-fa12-4eb5-8999-cf8e7c9695bb","7006_STNP26_0006_1_90000000000222-5504","Animalia","Mollusca","Gastropoda","Pteropoda","Limacinidae","Limacina","Limacina helicina",50,-145
"6136567388","d161c3e1-fa12-4eb5-8999-cf8e7c9695bb","7501_STNP26_0003_1_90000000000222-16512","Animalia","Mollusca","Gastropoda","Pteropoda","Limacinidae","Limacina","Limacina helicina",50,-145
"6136567350","d161c3e1-fa12-4eb5-8999-cf8e7c9695bb","7606_STNP26_0025_1_90000000000222-19882","Animalia","Mollusca","Gastropoda","Pteropoda","Limacinidae","Limacina","Limacina helicina",50,-145
"6136567259","d161c3e1-fa12-4eb5-8999-cf8e7c9695bb","6909_STNP26_0024_1_90000000000222-3757","Animalia","Mollusca","Gastropoda","Pteropoda","Limacinidae","Limacina","Limacina helicina",50,-145
"6136567244","d161c3e1-fa12-4eb5-8999-cf8e7c9695bb","7908_STNP26_0011_1_90000000000222-28799","Animalia","Mollusca","Gastropoda","Pteropoda","Limacinidae","Limacina","Limacina helicina",50,-145
"6136567226","d161c3e1-fa12-4eb5-8999-cf8e7c9695bb","7803_STNP26_0001_1_90000000000222-22578","Animalia","Mollusca","Gastropoda","Pteropoda","Limacinidae","Limacina","Limacina helicina",50,-145
"6136567219","d161c3e1-fa12-4eb5-8999-cf8e7c9695bb","7804_STNP26_0011_1_90000000000222-23503","Animalia","Mollusca","Gastropoda","Pteropoda","Limacinidae","Limacina","Limacina helicina",50,-145
"6136567204","d161c3e1-fa12-4eb5-8999-cf8e7c9695bb","7102_STNP26_0062_1_90000000000222-6989","Animalia","Mollusca","Gastropoda","Pteropoda","Limacinidae","Limacina","Limacina helicina",50,-145
"6136567154","d161c3e1-fa12-4eb5-8999-cf8e7c9695bb","7205_STNP26_0002_1_90000000000222-10545","Animalia","Mollusca","Gastropoda","Pteropoda","Limacinidae","Limacina","Limacina helicina",50,-145
"6136567120","d161c3e1-fa12-4eb5-8999-cf8e7c9695bb","7609_STNP26_0011_1_90000000000222-20391","Animalia","Mollusca","Gastropoda","Pteropoda","Limacinidae","Limacina","Limacina helicina",50,-145
"6136567097","d161c3e1-fa12-4eb5-8999-cf8e7c9695bb","7509_STNP26_0007_1_90000000000222-18491","Animalia","Mollusca","Gastropoda","Pteropoda","Limacinidae","Limacina","Limacina helicina",50,-145
"6136567027","d161c3e1-fa12-4eb5-8999-cf8e7c9695bb","7409_STNP26_0019_1_90000000000222-16497","Animalia","Mollusca","Gastropoda","Pteropoda","Limacinidae","Limacina","Limacina helicina",50,-145
"6136567012","d161c3e1-fa12-4eb5-8999-cf8e7c9695bb","7104_STNP26_0038_1_90000000000222-7748","Animalia","Mollusca","Gastropoda","Pteropoda","Limacinidae","Limacina","Limacina helicina",50,-145
"6136567005","d161c3e1-fa12-4eb5-8999-cf8e7c9695bb","7203_STNP26_0030_1_90000000000222-9933","Animalia","Mollusca","Gastropoda","Pteropoda","Limacinidae","Limacina","Limacina helicina",50,-145
"6136566986","d161c3e1-fa12-4eb5-8999-cf8e7c9695bb","7407_STNP26_0018_1_90000000000222-16110","Animalia","Mollusca","Gastropoda","Pteropoda","Limacinidae","Limacina","Limacina helicina",50,-145
"6136566967","d161c3e1-fa12-4eb5-8999-cf8e7c9695bb","7501_STNP26_0034_1_90000000000222-16751","Animalia","Mollusca","Gastropoda","Pteropoda","Limacinidae","Limacina","Limacina helicina",50,-145
"6136566965","d161c3e1-fa12-4eb5-8999-cf8e7c9695bb","7104_STNP26_0023_1_90000000000222-7648","Animalia","Mollusca","Gastropoda","Pteropoda","Limacinidae","Limacina","Limacina helicina",50,-145
"6136566879","d161c3e1-fa12-4eb5-8999-cf8e7c9695bb","7707_STNP26_0021_1_90000000000222-21949","Animalia","Mollusca","Gastropoda","Pteropoda","Limacinidae","Limacina","Limacina helicina",50,-145
"6136566871","d161c3e1-fa12-4eb5-8999-cf8e7c9695bb","7203_STNP26_0039_1_90000000000222-9995","Animalia","Mollusca","Gastropoda","Pteropoda","Limacinidae","Limacina","Limacina helicina",50,-145
"6136566867","d161c3e1-fa12-4eb5-8999-cf8e7c9695bb","7406_STNP26_0019_1_90000000000222-15249","Animalia","Mollusca","Gastropoda","Pteropoda","Limacinidae","Limacina","Limacina helicina",50,-145
"6136566834","d161c3e1-fa12-4eb5-8999-cf8e7c9695bb","7905_STNP26_0011_1_90000000000222-27977","Animalia","Mollusca","Gastropoda","Pteropoda","Limacinidae","Limacina","Limacina helicina",50,-145
"6136566814","d161c3e1-fa12-4eb5-8999-cf8e7c9695bb","7205_STNP26_0064_1_90000000000222-10797","Animalia","Mollusca","Gastropoda","Pteropoda","Limacinidae","Limacina","Limacina helicina",50,-145
"6136566781","d161c3e1-fa12-4eb5-8999-cf8e7c9695bb","7406_STNP26_0036_1_90000000000222-15509","Animalia","Mollusca","Gastropoda","Pteropoda","Limacinidae","Limacina","Limacina helicina",50,-145
"6136566775","d161c3e1-fa12-4eb5-8999-cf8e7c9695bb","7105_STNP26_0086_1_90000000000222-8400","Animalia","Mollusca","Gastropoda","Pteropoda","Limacinidae","Limacina","Limacina helicina",50,-145
"6136566709","d161c3e1-fa12-4eb5-8999-cf8e7c9695bb","7204_STNP26_0113_1_90000000000222-10504","Animalia","Mollusca","Gastropoda","Pteropoda","Limacinidae","Limacina","Limacina helicina",50,-145
"6136566652","d161c3e1-fa12-4eb5-8999-cf8e7c9695bb","7903_STNP26_0038_1_90000000000222-27581","Animalia","Mollusca","Gastropoda","Pteropoda","Limacinidae","Limacina","Limacina helicina",50,-145
"6136566645","d161c3e1-fa12-4eb5-8999-cf8e7c9695bb","7006_STNP26_0012_1_90000000000222-5642","Animalia","Mollusca","Gastropoda","Pteropoda","Limacinidae","Limacina","Limacina helicina",50,-145
"6136566627","d161c3e1-fa12-4eb5-8999-cf8e7c9695bb","7305_STNP26_0023_1_90000000000222-12513","Animalia","Mollusca","Gastropoda","Pteropoda","Limacinidae","Limacina","Limacina helicina",50,-145
"6136566621","d161c3e1-fa12-4eb5-8999-cf8e7c9695bb","8008_STNP26_0005_1_90000000000222-30482","Animalia","Mollusca","Gastropoda","Pteropoda","Limacinidae","Limacina","Limacina helicina",50,-145
"6136566606","d161c3e1-fa12-4eb5-8999-cf8e7c9695bb","7904_STNP26_0002_1_90000000000222-27616","Animalia","Mollusca","Gastropoda","Pteropoda","Limacinidae","Limacina","Limacina helicina",50,-145
"6136566603","d161c3e1-fa12-4eb5-8999-cf8e7c9695bb","7204_STNP26_0024_1_90000000000222-10163","Animalia","Mollusca","Gastropoda","Pteropoda","Limacinidae","Limacina","Limacina helicina",50,-145
"6136566579","d161c3e1-fa12-4eb5-8999-cf8e7c9695bb","7701_STNP26_0024_1_90000000000222-20538","Animalia","Mollusca","Gastropoda","Pteropoda","Limacinidae","Limacina","Limacina helicina",50,-145
"6136566564","d161c3e1-fa12-4eb5-8999-cf8e7c9695bb","8007_STNP26_0007_1_90000000000222-30309","Animalia","Mollusca","Gastropoda","Pteropoda","Limacinidae","Limacina","Limacina helicina",50,-145
"6136566557","d161c3e1-fa12-4eb5-8999-cf8e7c9695bb","7107_STNP26_0019_1_90000000000222-9066","Animalia","Mollusca","Gastropoda","Pteropoda","Limacinidae","Limacina","Limacina helicina",50,-145
"6136566533","d161c3e1-fa12-4eb5-8999-cf8e7c9695bb","7103_STNP26_0019_1_90000000000222-7368","Animalia","Mollusca","Gastropoda","Pteropoda","Limacinidae","Limacina","Limacina helicina",50,-145
"6136566484","d161c3e1-fa12-4eb5-8999-cf8e7c9695bb","7304_STNP26_0006_1_90000000000222-11908","Animalia","Mollusca","Gastropoda","Pteropoda","Limacinidae","Limacina","Limacina helicina",50,-145
"6136566431","d161c3e1-fa12-4eb5-8999-cf8e7c9695bb","7503_STNP26_0043_1_90000000000222-17379","Animalia","Mollusca","Gastropoda","Pteropoda","Limacinidae","Limacina","Limacina helicina",50,-145
"6136566427","d161c3e1-fa12-4eb5-8999-cf8e7c9695bb","6805_STNP26_0045_1_90000000000222-2070","Animalia","Mollusca","Gastropoda","Pteropoda","Limacinidae","Limacina","Limacina helicina",50,-145
"6136566344","d161c3e1-fa12-4eb5-8999-cf8e7c9695bb","7001_STNP26_0009_1_90000000000222-3874","Animalia","Mollusca","Gastropoda","Pteropoda","Limacinidae","Limacina","Limacina helicina",50,-145
"6136565251","d161c3e1-fa12-4eb5-8999-cf8e7c9695bb","8007_STNP26_0012_1_90000000000222-30401","Animalia","Mollusca","Gastropoda","Pteropoda","Limacinidae","Limacina","Limacina helicina",50,-145
"6136565197","d161c3e1-fa12-4eb5-8999-cf8e7c9695bb","7105_STNP26_0013_1_90000000000222-8045","Animalia","Mollusca","Gastropoda","Pteropoda","Limacinidae","Limacina","Limacina helicina",50,-145
"6136565192","d161c3e1-fa12-4eb5-8999-cf8e7c9695bb","7701_STNP26_0019_1_90000000000222-20504","Animalia","Mollusca","Gastropoda","Pteropoda","Limacinidae","Limacina","Limacina helicina",50,-145
"6136565174","d161c3e1-fa12-4eb5-8999-cf8e7c9695bb","7306_STNP26_0031_1_90000000000222-13776","Animalia","Mollusca","Gastropoda","Pteropoda","Limacinidae","Limacina","Limacina helicina",50,-145
"6136565083","d161c3e1-fa12-4eb5-8999-cf8e7c9695bb","7806_STNP26_0021_1_90000000000222-26191","Animalia","Mollusca","Gastropoda","Pteropoda","Limacinidae","Limacina","Limacina helicina",50,-145
"6136565049","d161c3e1-fa12-4eb5-8999-cf8e7c9695bb","7203_STNP26_0048_1_90000000000222-10071","Animalia","Mollusca","Gastropoda","Pteropoda","Limacinidae","Limacina","Limacina helicina",50,-145
"6136565032","d161c3e1-fa12-4eb5-8999-cf8e7c9695bb","7005_STNP26_0033_1_90000000000222-4956","Animalia","Mollusca","Gastropoda","Pteropoda","Limacinidae","Limacina","Limacina helicina",50,-145
"6136564994","d161c3e1-fa12-4eb5-8999-cf8e7c9695bb","8004_STNP26_0009_1_90000000000222-29606","Animalia","Mollusca","Gastropoda","Pteropoda","Limacinidae","Limacina","Limacina helicina",50,-145
"6136564868","d161c3e1-fa12-4eb5-8999-cf8e7c9695bb","7209_STNP26_0001_1_90000000000222-11368","Animalia","Mollusca","Gastropoda","Pteropoda","Limacinidae","Limacina","Limacina helicina",50,-145
"6136564858","d161c3e1-fa12-4eb5-8999-cf8e7c9695bb","8004_STNP26_0007_1_90000000000222-29567","Animalia","Mollusca","Gastropoda","Pteropoda","Limacinidae","Limacina","Limacina helicina",50,-145
"6136564843","d161c3e1-fa12-4eb5-8999-cf8e7c9695bb","7204_STNP26_0038_1_90000000000222-10207","Animalia","Mollusca","Gastropoda","Pteropoda","Limacinidae","Limacina","Limacina helicina",50,-145
"6136564811","d161c3e1-fa12-4eb5-8999-cf8e7c9695bb","6906_STNP26_0035_1_90000000000222-3382","Animalia","Mollusca","Gastropoda","Pteropoda","Limacinidae","Limacina","Limacina helicina",50,-145
"6136564806","d161c3e1-fa12-4eb5-8999-cf8e7c9695bb","6809_STNP26_0009_1_90000000000222-2251","Animalia","Mollusca","Gastropoda","Pteropoda","Limacinidae","Limacina","Limacina helicina",50,-145
"6136564779","d161c3e1-fa12-4eb5-8999-cf8e7c9695bb","7406_STNP26_0034_1_90000000000222-15458","Animalia","Mollusca","Gastropoda","Pteropoda","Limacinidae","Limacina","Limacina helicina",50,-145
"6136564737","d161c3e1-fa12-4eb5-8999-cf8e7c9695bb","6803_STNP26_0069_1_90000000000222-1794","Animalia","Mollusca","Gastropoda","Pteropoda","Limacinidae","Limacina","Limacina helicina",50,-145
"6136564730","d161c3e1-fa12-4eb5-8999-cf8e7c9695bb","7803_STNP26_0021_1_90000000000222-23086","Animalia","Mollusca","Gastropoda","Pteropoda","Limacinidae","Limacina","Limacina helicina",50,-145
"6136564729","d161c3e1-fa12-4eb5-8999-cf8e7c9695bb","7707_STNP26_0039_1_90000000000222-22055","Animalia","Mollusca","Gastropoda","Pteropoda","Limacinidae","Limacina","Limacina helicina",50,-145
"6136564716","d161c3e1-fa12-4eb5-8999-cf8e7c9695bb","7401_STNP26_0002_1_90000000000222-14358","Animalia","Mollusca","Gastropoda","Pteropoda","Limacinidae","Limacina","Limacina helicina",50,-145
"6136564715","d161c3e1-fa12-4eb5-8999-cf8e7c9695bb","7102_STNP26_0081_1_90000000000222-7059","Animalia","Mollusca","Gastropoda","Pteropoda","Limacinidae","Limacina","Limacina helicina",50,-145
"6136564704","d161c3e1-fa12-4eb5-8999-cf8e7c9695bb","7303_STNP26_0016_1_90000000000222-11580","Animalia","Mollusca","Gastropoda","Pteropoda","Limacinidae","Limacina","Limacina helicina",50,-145
"6136564690","d161c3e1-fa12-4eb5-8999-cf8e7c9695bb","6803_STNP26_0081_1_90000000000222-1836","Animalia","Mollusca","Gastropoda","Pteropoda","Limacinidae","Limacina","Limacina helicina",50,-145
"6136564609","d161c3e1-fa12-4eb5-8999-cf8e7c9695bb","7005_STNP26_0011_1_90000000000222-4704","Animalia","Mollusca","Gastropoda","Pteropoda","Limacinidae","Limacina","Limacina helicina",50,-145
"6136564575","d161c3e1-fa12-4eb5-8999-cf8e7c9695bb","7706_STNP26_0008_1_90000000000222-21644","Animalia","Mollusca","Gastropoda","Pteropoda","Limacinidae","Limacina","Limacina helicina",50,-145
"6136564559","d161c3e1-fa12-4eb5-8999-cf8e7c9695bb","7205_STNP26_0018_1_90000000000222-10621","Animalia","Mollusca","Gastropoda","Pteropoda","Limacinidae","Limacina","Limacina helicina",50,-145
"6136564517","d161c3e1-fa12-4eb5-8999-cf8e7c9695bb","7801_STNP26_0007_1_90000000000222-22441","Animalia","Mollusca","Gastropoda","Pteropoda","Limacinidae","Limacina","Limacina helicina",50,-145
"6136564444","d161c3e1-fa12-4eb5-8999-cf8e7c9695bb","7505_STNP26_0028_1_90000000000222-17834","Animalia","Mollusca","Gastropoda","Pteropoda","Limacinidae","Limacina","Limacina helicina",50,-145
"6136564316","d161c3e1-fa12-4eb5-8999-cf8e7c9695bb","6805_STNP26_0029_1_90000000000222-2004","Animalia","Mollusca","Gastropoda","Pteropoda","Limacinidae","Limacina","Limacina helicina",50,-145
"6136563280","d161c3e1-fa12-4eb5-8999-cf8e7c9695bb","7006_STNP26_0007_1_90000000000222-5538","Animalia","Mollusca","Gastropoda","Pteropoda","Limacinidae","Limacina","Limacina helicina",50,-145
"6136563277","d161c3e1-fa12-4eb5-8999-cf8e7c9695bb","7804_STNP26_0092_1_90000000000222-25138","Animalia","Mollusca","Gastropoda","Pteropoda","Limacinidae","Limacina","Limacina helicina",50,-145
"6136563270","d161c3e1-fa12-4eb5-8999-cf8e7c9695bb","7307_STNP26_0009_1_90000000000222-13967","Animalia","Mollusca","Gastropoda","Pteropoda","Limacinidae","Limacina","Limacina helicina",50,-145
"6136563251","d161c3e1-fa12-4eb5-8999-cf8e7c9695bb","8009_STNP26_0011_1_90000000000222-30662","Animalia","Mollusca","Gastropoda","Pteropoda","Limacinidae","Limacina","Limacina helicina",50,-145
"6136563213","d161c3e1-fa12-4eb5-8999-cf8e7c9695bb","7608_STNP26_0014_1_90000000000222-20270","Animalia","Mollusca","Gastropoda","Pteropoda","Limacinidae","Limacina","Limacina helicina",50,-145
"6136563209","d161c3e1-fa12-4eb5-8999-cf8e7c9695bb","8002_STNP26_0008_1_90000000000222-29143","Animalia","Mollusca","Gastropoda","Pteropoda","Limacinidae","Limacina","Limacina helicina",50,-145
"6136563180","d161c3e1-fa12-4eb5-8999-cf8e7c9695bb","7104_STNP26_0007_1_90000000000222-7559","Animalia","Mollusca","Gastropoda","Pteropoda","Limacinidae","Limacina","Limacina helicina",50,-145
"6136563144","d161c3e1-fa12-4eb5-8999-cf8e7c9695bb","7305_STNP26_0007_1_90000000000222-12198","Animalia","Mollusca","Gastropoda","Pteropoda","Limacinidae","Limacina","Limacina helicina",50,-145
"6136563070","d161c3e1-fa12-4eb5-8999-cf8e7c9695bb","6805_STNP26_0076_1_90000000000222-2196","Animalia","Mollusca","Gastropoda","Pteropoda","Limacinidae","Limacina","Limacina helicina",50,-145
"6136563007","d161c3e1-fa12-4eb5-8999-cf8e7c9695bb","7305_STNP26_0004_1_90000000000222-12157","Animalia","Mollusca","Gastropoda","Pteropoda","Limacinidae","Limacina","Limacina helicina",50,-145
"6136562961","d161c3e1-fa12-4eb5-8999-cf8e7c9695bb","7307_STNP26_0027_1_90000000000222-14042","Animalia","Mollusca","Gastropoda","Pteropoda","Limacinidae","Limacina","Limacina helicina",50,-145
"6136562959","d161c3e1-fa12-4eb5-8999-cf8e7c9695bb","7105_STNP26_0016_1_90000000000222-8065","Animalia","Mollusca","Gastropoda","Pteropoda","Limacinidae","Limacina","Limacina helicina",50,-145
"6136562941","d161c3e1-fa12-4eb5-8999-cf8e7c9695bb","7105_STNP26_0038_1_90000000000222-8184","Animalia","Mollusca","Gastropoda","Pteropoda","Limacinidae","Limacina","Limacina helicina",50,-145
"6136562899","d161c3e1-fa12-4eb5-8999-cf8e7c9695bb","7602_STNP26_0017_1_90000000000222-18795","Animalia","Mollusca","Gastropoda","Pteropoda","Limacinidae","Limacina","Limacina helicina",50,-145
"6136562863","d161c3e1-fa12-4eb5-8999-cf8e7c9695bb","7504_STNP26_0035_1_90000000000222-17682","Animalia","Mollusca","Gastropoda","Pteropoda","Limacinidae","Limacina","Limacina helicina",50,-145
"6136562862","d161c3e1-fa12-4eb5-8999-cf8e7c9695bb","7708_STNP26_0003_1_90000000000222-22093","Animalia","Mollusca","Gastropoda","Pteropoda","Limacinidae","Limacina","Limacina helicina",50,-145
"6136562855","d161c3e1-fa12-4eb5-8999-cf8e7c9695bb","7804_STNP26_0046_1_90000000000222-24412","Animalia","Mollusca","Gastropoda","Pteropoda","Limacinidae","Limacina","Limacina helicina",50,-145
"6136562839","d161c3e1-fa12-4eb5-8999-cf8e7c9695bb","7306_STNP26_0029_1_90000000000222-13730","Animalia","Mollusca","Gastropoda","Pteropoda","Limacinidae","Limacina","Limacina helicina",50,-145
"6136562824","d161c3e1-fa12-4eb5-8999-cf8e7c9695bb","7205_STNP26_0052_1_90000000000222-10736","Animalia","Mollusca","Gastropoda","Pteropoda","Limacinidae","Limacina","Limacina helicina",50,-145
"6136562812","d161c3e1-fa12-4eb5-8999-cf8e7c9695bb","7104_STNP26_0050_1_90000000000222-7815","Animalia","Mollusca","Gastropoda","Pteropoda","Limacinidae","Limacina","Limacina helicina",50,-145
"6136562735","d161c3e1-fa12-4eb5-8999-cf8e7c9695bb","7206_STNP26_0031_1_90000000000222-11242","Animalia","Mollusca","Gastropoda","Pteropoda","Limacinidae","Limacina","Limacina helicina",50,-145
"6136562728","d161c3e1-fa12-4eb5-8999-cf8e7c9695bb","7705_STNP26_0006_1_90000000000222-21331","Animalia","Mollusca","Gastropoda","Pteropoda","Limacinidae","Limacina","Limacina helicina",50,-145
"6136562655","d161c3e1-fa12-4eb5-8999-cf8e7c9695bb","7006_STNP26_0023_1_90000000000222-5935","Animalia","Mollusca","Gastropoda","Pteropoda","Limacinidae","Limacina","Limacina helicina",50,-145
"6136562628","d161c3e1-fa12-4eb5-8999-cf8e7c9695bb","7405_STNP26_0055_1_90000000000222-14830","Animalia","Mollusca","Gastropoda","Pteropoda","Limacinidae","Limacina","Limacina helicina",50,-145
"6136562577","d161c3e1-fa12-4eb5-8999-cf8e7c9695bb","6901_STNP26_0017_1_90000000000222-2470","Animalia","Mollusca","Gastropoda","Pteropoda","Limacinidae","Limacina","Limacina helicina",50,-145
"6136562562","d161c3e1-fa12-4eb5-8999-cf8e7c9695bb","7507_STNP26_0023_1_90000000000222-18228","Animalia","Mollusca","Gastropoda","Pteropoda","Limacinidae","Limacina","Limacina helicina",50,-145
"6136562534","d161c3e1-fa12-4eb5-8999-cf8e7c9695bb","7804_STNP26_0043_1_90000000000222-24333","Animalia","Mollusca","Gastropoda","Pteropoda","Limacinidae","Limacina","Limacina helicina",50,-145
"6136562482","d161c3e1-fa12-4eb5-8999-cf8e7c9695bb","7804_STNP26_0034_1_90000000000222-24092","Animalia","Mollusca","Gastropoda","Pteropoda","Limacinidae","Limacina","Limacina helicina",50,-145
"6136562464","d161c3e1-fa12-4eb5-8999-cf8e7c9695bb","7003_STNP26_0016_1_90000000000222-4210","Animalia","Mollusca","Gastropoda","Pteropoda","Limacinidae","Limacina","Limacina helicina",50,-145
"6136562460","d161c3e1-fa12-4eb5-8999-cf8e7c9695bb","7105_STNP26_0055_1_90000000000222-8269","Animalia","Mollusca","Gastropoda","Pteropoda","Limacinidae","Limacina","Limacina helicina",50,-145
"6136562411","d161c3e1-fa12-4eb5-8999-cf8e7c9695bb","7709_STNP26_0009_1_90000000000222-22212","Animalia","Mollusca","Gastropoda","Pteropoda","Limacinidae","Limacina","Limacina helicina",50,-145
"6136562406","d161c3e1-fa12-4eb5-8999-cf8e7c9695bb","7606_STNP26_0030_1_90000000000222-19964","Animalia","Mollusca","Gastropoda","Pteropoda","Limacinidae","Limacina","Limacina helicina",50,-145
"6136562388","d161c3e1-fa12-4eb5-8999-cf8e7c9695bb","7006_STNP26_0018_1_90000000000222-5800","Animalia","Mollusca","Gastropoda","Pteropoda","Limacinidae","Limacina","Limacina helicina",50,-145
"6136562361","d161c3e1-fa12-4eb5-8999-cf8e7c9695bb","7006_STNP26_0033_1_90000000000222-6158","Animalia","Mollusca","Gastropoda","Pteropoda","Limacinidae","Limacina","Limacina helicina",50,-145
"6136562354","d161c3e1-fa12-4eb5-8999-cf8e7c9695bb","7106_STNP26_0053_1_90000000000222-8865","Animalia","Mollusca","Gastropoda","Pteropoda","Limacinidae","Limacina","Limacina helicina",50,-145
"6136562348","d161c3e1-fa12-4eb5-8999-cf8e7c9695bb","7708_STNP26_0010_1_90000000000222-22148","Animalia","Mollusca","Gastropoda","Pteropoda","Limacinidae","Limacina","Limacina helicina",50,-145
"6136562311","d161c3e1-fa12-4eb5-8999-cf8e7c9695bb","7501_STNP26_0036_1_90000000000222-16774","Animalia","Mollusca","Gastropoda","Pteropoda","Limacinidae","Limacina","Limacina helicina",50,-145
"6136560241","d161c3e1-fa12-4eb5-8999-cf8e7c9695bb","7206_STNP26_0021_1_90000000000222-11136","Animalia","Mollusca","Gastropoda","Pteropoda","Limacinidae","Limacina","Limacina helicina",50,-145
"6136560236","d161c3e1-fa12-4eb5-8999-cf8e7c9695bb","7204_STNP26_0028_1_90000000000222-10177","Animalia","Mollusca","Gastropoda","Pteropoda","Limacinidae","Limacina","Limacina helicina",50,-145
"6136560223","d161c3e1-fa12-4eb5-8999-cf8e7c9695bb","7909_STNP26_0010_1_90000000000222-28955","Animalia","Mollusca","Gastropoda","Pteropoda","Limacinidae","Limacina","Limacina helicina",50,-145
"6136560222","d161c3e1-fa12-4eb5-8999-cf8e7c9695bb","7305_STNP26_0009_1_90000000000222-12235","Animalia","Mollusca","Gastropoda","Pteropoda","Limacinidae","Limacina","Limacina helicina",50,-145
"6136560214","d161c3e1-fa12-4eb5-8999-cf8e7c9695bb","7209_STNP26_0003_1_90000000000222-11379","Animalia","Mollusca","Gastropoda","Pteropoda","Limacinidae","Limacina","Limacina helicina",50,-145
"6136560188","d161c3e1-fa12-4eb5-8999-cf8e7c9695bb","7102_STNP26_0018_1_90000000000222-6858","Animalia","Mollusca","Gastropoda","Pteropoda","Limacinidae","Limacina","Limacina helicina",50,-145
"6136560184","d161c3e1-fa12-4eb5-8999-cf8e7c9695bb","7203_STNP26_0009_1_90000000000222-9782","Animalia","Mollusca","Gastropoda","Pteropoda","Limacinidae","Limacina","Limacina helicina",50,-145
"6136560178","d161c3e1-fa12-4eb5-8999-cf8e7c9695bb","7802_STNP26_0002_1_90000000000222-22483","Animalia","Mollusca","Gastropoda","Pteropoda","Limacinidae","Limacina","Limacina helicina",50,-145
"6136560120","d161c3e1-fa12-4eb5-8999-cf8e7c9695bb","7901_STNP26_0003_1_90000000000222-26905","Animalia","Mollusca","Gastropoda","Pteropoda","Limacinidae","Limacina","Limacina helicina",50,-145
"6136560109","d161c3e1-fa12-4eb5-8999-cf8e7c9695bb","7104_STNP26_0068_1_90000000000222-7957","Animalia","Mollusca","Gastropoda","Pteropoda","Limacinidae","Limacina","Limacina helicina",50,-145
"6136560105","d161c3e1-fa12-4eb5-8999-cf8e7c9695bb","6805_STNP26_0016_1_90000000000222-1971","Animalia","Mollusca","Gastropoda","Pteropoda","Limacinidae","Limacina","Limacina helicina",50,-145
"6136560094","d161c3e1-fa12-4eb5-8999-cf8e7c9695bb","7804_STNP26_0055_1_90000000000222-24677","Animalia","Mollusca","Gastropoda","Pteropoda","Limacinidae","Limacina","Limacina helicina",50,-145
"6136560064","d161c3e1-fa12-4eb5-8999-cf8e7c9695bb","7509_STNP26_0005_1_90000000000222-18442","Animalia","Mollusca","Gastropoda","Pteropoda","Limacinidae","Limacina","Limacina helicina",50,-145
"6136560044","d161c3e1-fa12-4eb5-8999-cf8e7c9695bb","7204_STNP26_0108_1_90000000000222-10477","Animalia","Mollusca","Gastropoda","Pteropoda","Limacinidae","Limacina","Limacina helicina",50,-145
"6136559988","d161c3e1-fa12-4eb5-8999-cf8e7c9695bb","7703_STNP26_0006_1_90000000000222-20719","Animalia","Mollusca","Gastropoda","Pteropoda","Limacinidae","Limacina","Limacina helicina",50,-145
"6136559984","d161c3e1-fa12-4eb5-8999-cf8e7c9695bb","7105_STNP26_0089_1_90000000000222-8417","Animalia","Mollusca","Gastropoda","Pteropoda","Limacinidae","Limacina","Limacina helicina",50,-145
"6136559857","d161c3e1-fa12-4eb5-8999-cf8e7c9695bb","7103_STNP26_0008_1_90000000000222-7287","Animalia","Mollusca","Gastropoda","Pteropoda","Limacinidae","Limacina","Limacina helicina",50,-145
"6136559843","d161c3e1-fa12-4eb5-8999-cf8e7c9695bb","8003_STNP26_0012_1_90000000000222-29353","Animalia","Mollusca","Gastropoda","Pteropoda","Limacinidae","Limacina","Limacina helicina",50,-145
"6136559828","d161c3e1-fa12-4eb5-8999-cf8e7c9695bb","7008_STNP26_0011_1_90000000000222-6682","Animalia","Mollusca","Gastropoda","Pteropoda","Limacinidae","Limacina","Limacina helicina",50,-145
"6136559754","d161c3e1-fa12-4eb5-8999-cf8e7c9695bb","6901_STNP26_0028_1_90000000000222-2594","Animalia","Mollusca","Gastropoda","Pteropoda","Limacinidae","Limacina","Limacina helicina",50,-145
"6136559723","d161c3e1-fa12-4eb5-8999-cf8e7c9695bb","7304_STNP26_0004_1_90000000000222-11856","Animalia","Mollusca","Gastropoda","Pteropoda","Limacinidae","Limacina","Limacina helicina",50,-145
"6136559671","d161c3e1-fa12-4eb5-8999-cf8e7c9695bb","7803_STNP26_0016_1_90000000000222-22954","Animalia","Mollusca","Gastropoda","Pteropoda","Limacinidae","Limacina","Limacina helicina",50,-145
"6136559670","d161c3e1-fa12-4eb5-8999-cf8e7c9695bb","7105_STNP26_0032_1_90000000000222-8153","Animalia","Mollusca","Gastropoda","Pteropoda","Limacinidae","Limacina","Limacina helicina",50,-145
"6136559633","d161c3e1-fa12-4eb5-8999-cf8e7c9695bb","7003_STNP26_0005_1_90000000000222-4057","Animalia","Mollusca","Gastropoda","Pteropoda","Limacinidae","Limacina","Limacina helicina",50,-145
"6136559512","d161c3e1-fa12-4eb5-8999-cf8e7c9695bb","7907_STNP26_0006_1_90000000000222-28547","Animalia","Mollusca","Gastropoda","Pteropoda","Limacinidae","Limacina","Limacina helicina",50,-145
"6136559491","d161c3e1-fa12-4eb5-8999-cf8e7c9695bb","7304_STNP26_0009_1_90000000000222-11957","Animalia","Mollusca","Gastropoda","Pteropoda","Limacinidae","Limacina","Limacina helicina",50,-145
"6136559458","d161c3e1-fa12-4eb5-8999-cf8e7c9695bb","7206_STNP26_0026_1_90000000000222-11186","Animalia","Mollusca","Gastropoda","Pteropoda","Limacinidae","Limacina","Limacina helicina",50,-145
"6136559455","d161c3e1-fa12-4eb5-8999-cf8e7c9695bb","6805_STNP26_0054_1_90000000000222-2092","Animalia","Mollusca","Gastropoda","Pteropoda","Limacinidae","Limacina","Limacina helicina",50,-145
"6136559446","d161c3e1-fa12-4eb5-8999-cf8e7c9695bb","7804_STNP26_0107_1_90000000000222-25598","Animalia","Mollusca","Gastropoda","Pteropoda","Limacinidae","Limacina","Limacina helicina",50,-145
"6136559377","d161c3e1-fa12-4eb5-8999-cf8e7c9695bb","7203_STNP26_0002_1_90000000000222-9737","Animalia","Mollusca","Gastropoda","Pteropoda","Limacinidae","Limacina","Limacina helicina",50,-145
"6136559363","d161c3e1-fa12-4eb5-8999-cf8e7c9695bb","7007_STNP26_0001_1_90000000000222-6424","Animalia","Mollusca","Gastropoda","Pteropoda","Limacinidae","Limacina","Limacina helicina",50,-145
"6136559347","d161c3e1-fa12-4eb5-8999-cf8e7c9695bb","7607_STNP26_0017_1_90000000000222-20105","Animalia","Mollusca","Gastropoda","Pteropoda","Limacinidae","Limacina","Limacina helicina",50,-145
"6136559314","d161c3e1-fa12-4eb5-8999-cf8e7c9695bb","7205_STNP26_0040_1_90000000000222-10656","Animalia","Mollusca","Gastropoda","Pteropoda","Limacinidae","Limacina","Limacina helicina",50,-145
"6136559304","d161c3e1-fa12-4eb5-8999-cf8e7c9695bb","7804_STNP26_0014_1_90000000000222-23577","Animalia","Mollusca","Gastropoda","Pteropoda","Limacinidae","Limacina","Limacina helicina",50,-145
"6136559302","d161c3e1-fa12-4eb5-8999-cf8e7c9695bb","7504_STNP26_0014_1_90000000000222-17565","Animalia","Mollusca","Gastropoda","Pteropoda","Limacinidae","Limacina","Limacina helicina",50,-145
"6136558259","d161c3e1-fa12-4eb5-8999-cf8e7c9695bb","6903_STNP26_0029_1_90000000000222-2684","Animalia","Mollusca","Gastropoda","Pteropoda","Limacinidae","Limacina","Limacina helicina",50,-145
"6136558118","d161c3e1-fa12-4eb5-8999-cf8e7c9695bb","6803_STNP26_0057_1_90000000000222-1761","Animalia","Mollusca","Gastropoda","Pteropoda","Limacinidae","Limacina","Limacina helicina",50,-145
"6136558080","d161c3e1-fa12-4eb5-8999-cf8e7c9695bb","7306_STNP26_0005_1_90000000000222-13239","Animalia","Mollusca","Gastropoda","Pteropoda","Limacinidae","Limacina","Limacina helicina",50,-145
"6136558044","d161c3e1-fa12-4eb5-8999-cf8e7c9695bb","7306_STNP26_0019_1_90000000000222-13504","Animalia","Mollusca","Gastropoda","Pteropoda","Limacinidae","Limacina","Limacina helicina",50,-145
"6136558010","d161c3e1-fa12-4eb5-8999-cf8e7c9695bb","7803_STNP26_0004_1_90000000000222-22656","Animalia","Mollusca","Gastropoda","Pteropoda","Limacinidae","Limacina","Limacina helicina",50,-145
"6136557953","d161c3e1-fa12-4eb5-8999-cf8e7c9695bb","7601_STNP26_0015_1_90000000000222-18638","Animalia","Mollusca","Gastropoda","Pteropoda","Limacinidae","Limacina","Limacina helicina",50,-145
"6136557924","d161c3e1-fa12-4eb5-8999-cf8e7c9695bb","7801_STNP26_0005_1_90000000000222-22411","Animalia","Mollusca","Gastropoda","Pteropoda","Limacinidae","Limacina","Limacina helicina",50,-145
"6136557914","d161c3e1-fa12-4eb5-8999-cf8e7c9695bb","6803_STNP26_0046_1_90000000000222-1729","Animalia","Mollusca","Gastropoda","Pteropoda","Limacinidae","Limacina","Limacina helicina",50,-145
"6136557814","d161c3e1-fa12-4eb5-8999-cf8e7c9695bb","6805_STNP26_0001_1_90000000000222-1899","Animalia","Mollusca","Gastropoda","Pteropoda","Limacinidae","Limacina","Limacina helicina",50,-145
"6136557812","d161c3e1-fa12-4eb5-8999-cf8e7c9695bb","7308_STNP26_0045_1_90000000000222-14120","Animalia","Mollusca","Gastropoda","Pteropoda","Limacinidae","Limacina","Limacina helicina",50,-145
"6136557809","d161c3e1-fa12-4eb5-8999-cf8e7c9695bb","7102_STNP26_0087_1_90000000000222-7094","Animalia","Mollusca","Gastropoda","Pteropoda","Limacinidae","Limacina","Limacina helicina",50,-145
"6136557808","d161c3e1-fa12-4eb5-8999-cf8e7c9695bb","7807_STNP26_0020_1_90000000000222-26431","Animalia","Mollusca","Gastropoda","Pteropoda","Limacinidae","Limacina","Limacina helicina",50,-145
"6136557746","d161c3e1-fa12-4eb5-8999-cf8e7c9695bb","7008_STNP26_0003_1_90000000000222-6549","Animalia","Mollusca","Gastropoda","Pteropoda","Limacinidae","Limacina","Limacina helicina",50,-145
"6136557739","d161c3e1-fa12-4eb5-8999-cf8e7c9695bb","7409_STNP26_0012_1_90000000000222-16427","Animalia","Mollusca","Gastropoda","Pteropoda","Limacinidae","Limacina","Limacina helicina",50,-145
"6136557738","d161c3e1-fa12-4eb5-8999-cf8e7c9695bb","8006_STNP26_0001_1_90000000000222-29948","Animalia","Mollusca","Gastropoda","Pteropoda","Limacinidae","Limacina","Limacina helicina",50,-145
"6136557734","d161c3e1-fa12-4eb5-8999-cf8e7c9695bb","7203_STNP26_0028_1_90000000000222-9919","Animalia","Mollusca","Gastropoda","Pteropoda","Limacinidae","Limacina","Limacina helicina",50,-145
"6136557731","d161c3e1-fa12-4eb5-8999-cf8e7c9695bb","7309_STNP26_0016_1_90000000000222-14279","Animalia","Mollusca","Gastropoda","Pteropoda","Limacinidae","Limacina","Limacina helicina",50,-145
"6136557693","d161c3e1-fa12-4eb5-8999-cf8e7c9695bb","7804_STNP26_0105_1_90000000000222-25550","Animalia","Mollusca","Gastropoda","Pteropoda","Limacinidae","Limacina","Limacina helicina",50,-145
"6136557686","d161c3e1-fa12-4eb5-8999-cf8e7c9695bb","6803_STNP26_0031_1_90000000000222-1605","Animalia","Mollusca","Gastropoda","Pteropoda","Limacinidae","Limacina","Limacina helicina",50,-145
"6136557680","d161c3e1-fa12-4eb5-8999-cf8e7c9695bb","7809_STNP26_0005_1_90000000000222-26769","Animalia","Mollusca","Gastropoda","Pteropoda","Limacinidae","Limacina","Limacina helicina",50,-145
"6136557678","d161c3e1-fa12-4eb5-8999-cf8e7c9695bb","7804_STNP26_0028_1_90000000000222-23958","Animalia","Mollusca","Gastropoda","Pteropoda","Limacinidae","Limacina","Limacina helicina",50,-145
"6136557645","d161c3e1-fa12-4eb5-8999-cf8e7c9695bb","7205_STNP26_0028_1_90000000000222-10639","Animalia","Mollusca","Gastropoda","Pteropoda","Limacinidae","Limacina","Limacina helicina",50,-145
"6136557620","d161c3e1-fa12-4eb5-8999-cf8e7c9695bb","7202_STNP26_0015_1_90000000000222-9511","Animalia","Mollusca","Gastropoda","Pteropoda","Limacinidae","Limacina","Limacina helicina",50,-145
"6136557612","d161c3e1-fa12-4eb5-8999-cf8e7c9695bb","7009_STNP26_0005_1_90000000000222-6734","Animalia","Mollusca","Gastropoda","Pteropoda","Limacinidae","Limacina","Limacina helicina",50,-145
"6136557602","d161c3e1-fa12-4eb5-8999-cf8e7c9695bb","7105_STNP26_0035_1_90000000000222-8169","Animalia","Mollusca","Gastropoda","Pteropoda","Limacinidae","Limacina","Limacina helicina",50,-145
"6136557583","d161c3e1-fa12-4eb5-8999-cf8e7c9695bb","7304_STNP26_0012_1_90000000000222-12044","Animalia","Mollusca","Gastropoda","Pteropoda","Limacinidae","Limacina","Limacina helicina",50,-145
"6136557558","d161c3e1-fa12-4eb5-8999-cf8e7c9695bb","7308_STNP26_0007_1_90000000000222-14085","Animalia","Mollusca","Gastropoda","Pteropoda","Limacinidae","Limacina","Limacina helicina",50,-145
"6136557548","d161c3e1-fa12-4eb5-8999-cf8e7c9695bb","7703_STNP26_0013_1_90000000000222-20787","Animalia","Mollusca","Gastropoda","Pteropoda","Limacinidae","Limacina","Limacina helicina",50,-145
"6136557534","d161c3e1-fa12-4eb5-8999-cf8e7c9695bb","7402_STNP26_0004_1_90000000000222-14424","Animalia","Mollusca","Gastropoda","Pteropoda","Limacinidae","Limacina","Limacina helicina",50,-145
"6136557531","d161c3e1-fa12-4eb5-8999-cf8e7c9695bb","7102_STNP26_0118_1_90000000000222-7220","Animalia","Mollusca","Gastropoda","Pteropoda","Limacinidae","Limacina","Limacina helicina",50,-145
"6136557464","d161c3e1-fa12-4eb5-8999-cf8e7c9695bb","7407_STNP26_0032_1_90000000000222-16296","Animalia","Mollusca","Gastropoda","Pteropoda","Limacinidae","Limacina","Limacina helicina",50,-145
"6136557425","d161c3e1-fa12-4eb5-8999-cf8e7c9695bb","7305_STNP26_0002_1_90000000000222-12119","Animalia","Mollusca","Gastropoda","Pteropoda","Limacinidae","Limacina","Limacina helicina",50,-145
"6136557374","d161c3e1-fa12-4eb5-8999-cf8e7c9695bb","7705_STNP26_0027_1_90000000000222-21485","Animalia","Mollusca","Gastropoda","Pteropoda","Limacinidae","Limacina","Limacina helicina",50,-145
"6136557352","d161c3e1-fa12-4eb5-8999-cf8e7c9695bb","7804_STNP26_0021_1_90000000000222-23783","Animalia","Mollusca","Gastropoda","Pteropoda","Limacinidae","Limacina","Limacina helicina",50,-145
"6136557350","d161c3e1-fa12-4eb5-8999-cf8e7c9695bb","7904_STNP26_0014_1_90000000000222-27692","Animalia","Mollusca","Gastropoda","Pteropoda","Limacinidae","Limacina","Limacina helicina",50,-145
"6136556271","d161c3e1-fa12-4eb5-8999-cf8e7c9695bb","6906_STNP26_0063_1_90000000000222-3496","Animalia","Mollusca","Gastropoda","Pteropoda","Limacinidae","Limacina","Limacina helicina",50,-145
"6136556238","d161c3e1-fa12-4eb5-8999-cf8e7c9695bb","6909_STNP26_0019_1_90000000000222-3714","Animalia","Mollusca","Gastropoda","Pteropoda","Limacinidae","Limacina","Limacina helicina",50,-145
"6136556216","d161c3e1-fa12-4eb5-8999-cf8e7c9695bb","7207_STNP26_0004_1_90000000000222-11321","Animalia","Mollusca","Gastropoda","Pteropoda","Limacinidae","Limacina","Limacina helicina",50,-145
"6136556203","d161c3e1-fa12-4eb5-8999-cf8e7c9695bb","7106_STNP26_0042_1_90000000000222-8781","Animalia","Mollusca","Gastropoda","Pteropoda","Limacinidae","Limacina","Limacina helicina",50,-145
"6136556189","d161c3e1-fa12-4eb5-8999-cf8e7c9695bb","7705_STNP26_0032_1_90000000000222-21523","Animalia","Mollusca","Gastropoda","Pteropoda","Limacinidae","Limacina","Limacina helicina",50,-145
"6136556180","d161c3e1-fa12-4eb5-8999-cf8e7c9695bb","7804_STNP26_0100_1_90000000000222-25397","Animalia","Mollusca","Gastropoda","Pteropoda","Limacinidae","Limacina","Limacina helicina",50,-145
"6136556169","d161c3e1-fa12-4eb5-8999-cf8e7c9695bb","7104_STNP26_0057_1_90000000000222-7860","Animalia","Mollusca","Gastropoda","Pteropoda","Limacinidae","Limacina","Limacina helicina",50,-145
"6136556164","d161c3e1-fa12-4eb5-8999-cf8e7c9695bb","7407_STNP26_0027_1_90000000000222-16271","Animalia","Mollusca","Gastropoda","Pteropoda","Limacinidae","Limacina","Limacina helicina",50,-145
"6136556113","d161c3e1-fa12-4eb5-8999-cf8e7c9695bb","7005_STNP26_0063_1_90000000000222-5333","Animalia","Mollusca","Gastropoda","Pteropoda","Limacinidae","Limacina","Limacina helicina",50,-145
"6136556111","d161c3e1-fa12-4eb5-8999-cf8e7c9695bb","7205_STNP26_0066_1_90000000000222-10809","Animalia","Mollusca","Gastropoda","Pteropoda","Limacinidae","Limacina","Limacina helicina",50,-145
"6136556089","d161c3e1-fa12-4eb5-8999-cf8e7c9695bb","7006_STNP26_0041_1_90000000000222-6362","Animalia","Mollusca","Gastropoda","Pteropoda","Limacinidae","Limacina","Limacina helicina",50,-145
"6136556030","d161c3e1-fa12-4eb5-8999-cf8e7c9695bb","8002_STNP26_0015_1_90000000000222-29213","Animalia","Mollusca","Gastropoda","Pteropoda","Limacinidae","Limacina","Limacina helicina",50,-145
"6136556020","d161c3e1-fa12-4eb5-8999-cf8e7c9695bb","7407_STNP26_0012_1_90000000000222-15973","Animalia","Mollusca","Gastropoda","Pteropoda","Limacinidae","Limacina","Limacina helicina",50,-145
"6136556019","d161c3e1-fa12-4eb5-8999-cf8e7c9695bb","7503_STNP26_0038_1_90000000000222-17301","Animalia","Mollusca","Gastropoda","Pteropoda","Limacinidae","Limacina","Limacina helicina",50,-145
"6136556014","d161c3e1-fa12-4eb5-8999-cf8e7c9695bb","7107_STNP26_0012_1_90000000000222-9016","Animalia","Mollusca","Gastropoda","Pteropoda","Limacinidae","Limacina","Limacina helicina",50,-145
"6136556010","d161c3e1-fa12-4eb5-8999-cf8e7c9695bb","7006_STNP26_0036_1_90000000000222-6240","Animalia","Mollusca","Gastropoda","Pteropoda","Limacinidae","Limacina","Limacina helicina",50,-145
"6136555954","d161c3e1-fa12-4eb5-8999-cf8e7c9695bb","7806_STNP26_0004_1_90000000000222-26036","Animalia","Mollusca","Gastropoda","Pteropoda","Limacinidae","Limacina","Limacina helicina",50,-145
"6136555951","d161c3e1-fa12-4eb5-8999-cf8e7c9695bb","7704_STNP26_0003_1_90000000000222-20977","Animalia","Mollusca","Gastropoda","Pteropoda","Limacinidae","Limacina","Limacina helicina",50,-145
"6136555907","d161c3e1-fa12-4eb5-8999-cf8e7c9695bb","7804_STNP26_0041_1_90000000000222-24277","Animalia","Mollusca","Gastropoda","Pteropoda","Limacinidae","Limacina","Limacina helicina",50,-145
"6136555843","d161c3e1-fa12-4eb5-8999-cf8e7c9695bb","7305_STNP26_0021_1_90000000000222-12462","Animalia","Mollusca","Gastropoda","Pteropoda","Limacinidae","Limacina","Limacina helicina",50,-145
"6136555795","d161c3e1-fa12-4eb5-8999-cf8e7c9695bb","7604_STNP26_0011_1_90000000000222-18878","Animalia","Mollusca","Gastropoda","Pteropoda","Limacinidae","Limacina","Limacina helicina",50,-145
"6136555777","d161c3e1-fa12-4eb5-8999-cf8e7c9695bb","7104_STNP26_0070_1_90000000000222-7975","Animalia","Mollusca","Gastropoda","Pteropoda","Limacinidae","Limacina","Limacina helicina",50,-145
"6136555767","d161c3e1-fa12-4eb5-8999-cf8e7c9695bb","7306_STNP26_0012_1_90000000000222-13361","Animalia","Mollusca","Gastropoda","Pteropoda","Limacinidae","Limacina","Limacina helicina",50,-145
"6136555735","d161c3e1-fa12-4eb5-8999-cf8e7c9695bb","7706_STNP26_0003_1_90000000000222-21603","Animalia","Mollusca","Gastropoda","Pteropoda","Limacinidae","Limacina","Limacina helicina",50,-145
"6136555725","d161c3e1-fa12-4eb5-8999-cf8e7c9695bb","7605_STNP26_0004_1_90000000000222-19226","Animalia","Mollusca","Gastropoda","Pteropoda","Limacinidae","Limacina","Limacina helicina",50,-145
"6136555712","d161c3e1-fa12-4eb5-8999-cf8e7c9695bb","7507_STNP26_0037_1_90000000000222-18323","Animalia","Mollusca","Gastropoda","Pteropoda","Limacinidae","Limacina","Limacina helicina",50,-145
"6136555702","d161c3e1-fa12-4eb5-8999-cf8e7c9695bb","7309_STNP26_0002_1_90000000000222-14167","Animalia","Mollusca","Gastropoda","Pteropoda","Limacinidae","Limacina","Limacina helicina",50,-145
"6136555691","d161c3e1-fa12-4eb5-8999-cf8e7c9695bb","7306_STNP26_0036_1_90000000000222-13893","Animalia","Mollusca","Gastropoda","Pteropoda","Limacinidae","Limacina","Limacina helicina",50,-145
"6136555682","d161c3e1-fa12-4eb5-8999-cf8e7c9695bb","8001_STNP26_0006_1_90000000000222-29025","Animalia","Mollusca","Gastropoda","Pteropoda","Limacinidae","Limacina","Limacina helicina",50,-145
"6136555537","d161c3e1-fa12-4eb5-8999-cf8e7c9695bb","7205_STNP26_0016_1_90000000000222-10607","Animalia","Mollusca","Gastropoda","Pteropoda","Limacinidae","Limacina","Limacina helicina",50,-145
"6136555506","d161c3e1-fa12-4eb5-8999-cf8e7c9695bb","8004_STNP26_0014_1_90000000000222-29678","Animalia","Mollusca","Gastropoda","Pteropoda","Limacinidae","Limacina","Limacina helicina",50,-145
"6136555495","d161c3e1-fa12-4eb5-8999-cf8e7c9695bb","6811_STNP26_0002_1_90000000000222-2365","Animalia","Mollusca","Gastropoda","Pteropoda","Limacinidae","Limacina","Limacina helicina",50,-145
"6136555477","d161c3e1-fa12-4eb5-8999-cf8e7c9695bb","7501_STNP26_0005_1_90000000000222-16542","Animalia","Mollusca","Gastropoda","Pteropoda","Limacinidae","Limacina","Limacina helicina",50,-145
"6136555464","d161c3e1-fa12-4eb5-8999-cf8e7c9695bb","8007_STNP26_0005_1_90000000000222-30256","Animalia","Mollusca","Gastropoda","Pteropoda","Limacinidae","Limacina","Limacina helicina",50,-145
"6136555461","d161c3e1-fa12-4eb5-8999-cf8e7c9695bb","7305_STNP26_0033_1_90000000000222-12834","Animalia","Mollusca","Gastropoda","Pteropoda","Limacinidae","Limacina","Limacina helicina",50,-145
"6136555445","d161c3e1-fa12-4eb5-8999-cf8e7c9695bb","7405_STNP26_0012_1_90000000000222-14578","Animalia","Mollusca","Gastropoda","Pteropoda","Limacinidae","Limacina","Limacina helicina",50,-145
"6136555358","d161c3e1-fa12-4eb5-8999-cf8e7c9695bb","7606_STNP26_0006_1_90000000000222-19737","Animalia","Mollusca","Gastropoda","Pteropoda","Limacinidae","Limacina","Limacina helicina",50,-145
"6136555351","d161c3e1-fa12-4eb5-8999-cf8e7c9695bb","7804_STNP26_0048_1_90000000000222-24463","Animalia","Mollusca","Gastropoda","Pteropoda","Limacinidae","Limacina","Limacina helicina",50,-145
"6136555334","d161c3e1-fa12-4eb5-8999-cf8e7c9695bb","7107_STNP26_0008_1_90000000000222-8981","Animalia","Mollusca","Gastropoda","Pteropoda","Limacinidae","Limacina","Limacina helicina",50,-145
"6136555330","d161c3e1-fa12-4eb5-8999-cf8e7c9695bb","7106_STNP26_0045_1_90000000000222-8811","Animalia","Mollusca","Gastropoda","Pteropoda","Limacinidae","Limacina","Limacina helicina",50,-145
"6136554274","d161c3e1-fa12-4eb5-8999-cf8e7c9695bb","7203_STNP26_0043_1_90000000000222-10027","Animalia","Mollusca","Gastropoda","Pteropoda","Limacinidae","Limacina","Limacina helicina",50,-145
"6136554268","d161c3e1-fa12-4eb5-8999-cf8e7c9695bb","7204_STNP26_0033_1_90000000000222-10192","Animalia","Mollusca","Gastropoda","Pteropoda","Limacinidae","Limacina","Limacina helicina",50,-145
"6136554252","d161c3e1-fa12-4eb5-8999-cf8e7c9695bb","7206_STNP26_0033_1_90000000000222-11269","Animalia","Mollusca","Gastropoda","Pteropoda","Limacinidae","Limacina","Limacina helicina",50,-145
"6136554212","d161c3e1-fa12-4eb5-8999-cf8e7c9695bb","7106_STNP26_0050_1_90000000000222-8845","Animalia","Mollusca","Gastropoda","Pteropoda","Limacinidae","Limacina","Limacina helicina",50,-145
"6136554156","d161c3e1-fa12-4eb5-8999-cf8e7c9695bb","7007_STNP26_0004_1_90000000000222-6472","Animalia","Mollusca","Gastropoda","Pteropoda","Limacinidae","Limacina","Limacina helicina",50,-145
"6136554150","d161c3e1-fa12-4eb5-8999-cf8e7c9695bb","6805_STNP26_0019_1_90000000000222-1982","Animalia","Mollusca","Gastropoda","Pteropoda","Limacinidae","Limacina","Limacina helicina",50,-145
"6136554134","d161c3e1-fa12-4eb5-8999-cf8e7c9695bb","7305_STNP26_0041_1_90000000000222-13100","Animalia","Mollusca","Gastropoda","Pteropoda","Limacinidae","Limacina","Limacina helicina",50,-145
"6136554126","d161c3e1-fa12-4eb5-8999-cf8e7c9695bb","7005_STNP26_0055_1_90000000000222-5233","Animalia","Mollusca","Gastropoda","Pteropoda","Limacinidae","Limacina","Limacina helicina",50,-145
"6136554099","d161c3e1-fa12-4eb5-8999-cf8e7c9695bb","6809_STNP26_0002_1_90000000000222-2214","Animalia","Mollusca","Gastropoda","Pteropoda","Limacinidae","Limacina","Limacina helicina",50,-145
"6136554076","d161c3e1-fa12-4eb5-8999-cf8e7c9695bb","7202_STNP26_0023_1_90000000000222-9583","Animalia","Mollusca","Gastropoda","Pteropoda","Limacinidae","Limacina","Limacina helicina",50,-145
"6136554021","d161c3e1-fa12-4eb5-8999-cf8e7c9695bb","7003_STNP26_0010_1_90000000000222-4121","Animalia","Mollusca","Gastropoda","Pteropoda","Limacinidae","Limacina","Limacina helicina",50,-145
"6136553993","d161c3e1-fa12-4eb5-8999-cf8e7c9695bb","7804_STNP26_0009_1_90000000000222-23449","Animalia","Mollusca","Gastropoda","Pteropoda","Limacinidae","Limacina","Limacina helicina",50,-145
"6136553963","d161c3e1-fa12-4eb5-8999-cf8e7c9695bb","7008_STNP26_0006_1_90000000000222-6598","Animalia","Mollusca","Gastropoda","Pteropoda","Limacinidae","Limacina","Limacina helicina",50,-145
"6136553935","d161c3e1-fa12-4eb5-8999-cf8e7c9695bb","7908_STNP26_0001_1_90000000000222-28664","Animalia","Mollusca","Gastropoda","Pteropoda","Limacinidae","Limacina","Limacina helicina",50,-145
"6136553918","d161c3e1-fa12-4eb5-8999-cf8e7c9695bb","6803_STNP26_0015_1_90000000000222-1474","Animalia","Mollusca","Gastropoda","Pteropoda","Limacinidae","Limacina","Limacina helicina",50,-145
"6136553912","d161c3e1-fa12-4eb5-8999-cf8e7c9695bb","6903_STNP26_0076_1_90000000000222-2794","Animalia","Mollusca","Gastropoda","Pteropoda","Limacinidae","Limacina","Limacina helicina",50,-145
"6136553900","d161c3e1-fa12-4eb5-8999-cf8e7c9695bb","7306_STNP26_0024_1_90000000000222-13633","Animalia","Mollusca","Gastropoda","Pteropoda","Limacinidae","Limacina","Limacina helicina",50,-145
"6136553803","d161c3e1-fa12-4eb5-8999-cf8e7c9695bb","7704_STNP26_0011_1_90000000000222-21120","Animalia","Mollusca","Gastropoda","Pteropoda","Limacinidae","Limacina","Limacina helicina",50,-145
"6136553769","d161c3e1-fa12-4eb5-8999-cf8e7c9695bb","7407_STNP26_0020_1_90000000000222-16167","Animalia","Mollusca","Gastropoda","Pteropoda","Limacinidae","Limacina","Limacina helicina",50,-145
"6136553753","d161c3e1-fa12-4eb5-8999-cf8e7c9695bb","7405_STNP26_0050_1_90000000000222-14795","Animalia","Mollusca","Gastropoda","Pteropoda","Limacinidae","Limacina","Limacina helicina",50,-145
"6136553713","d161c3e1-fa12-4eb5-8999-cf8e7c9695bb","7501_STNP26_0025_1_90000000000222-16699","Animalia","Mollusca","Gastropoda","Pteropoda","Limacinidae","Limacina","Limacina helicina",50,-145
"6136553712","d161c3e1-fa12-4eb5-8999-cf8e7c9695bb","7205_STNP26_0056_1_90000000000222-10751","Animalia","Mollusca","Gastropoda","Pteropoda","Limacinidae","Limacina","Limacina helicina",50,-145
"6136553710","d161c3e1-fa12-4eb5-8999-cf8e7c9695bb","7507_STNP26_0030_1_90000000000222-18259","Animalia","Mollusca","Gastropoda","Pteropoda","Limacinidae","Limacina","Limacina helicina",50,-145
"6136553664","d161c3e1-fa12-4eb5-8999-cf8e7c9695bb","7005_STNP26_0030_1_90000000000222-4898","Animalia","Mollusca","Gastropoda","Pteropoda","Limacinidae","Limacina","Limacina helicina",50,-145
"6136553641","d161c3e1-fa12-4eb5-8999-cf8e7c9695bb","8006_STNP26_0010_1_90000000000222-30073","Animalia","Mollusca","Gastropoda","Pteropoda","Limacinidae","Limacina","Limacina helicina",50,-145
"6136553502","d161c3e1-fa12-4eb5-8999-cf8e7c9695bb","7104_STNP26_0019_1_90000000000222-7616","Animalia","Mollusca","Gastropoda","Pteropoda","Limacinidae","Limacina","Limacina helicina",50,-145
"6136553453","d161c3e1-fa12-4eb5-8999-cf8e7c9695bb","7905_STNP26_0002_1_90000000000222-27922","Animalia","Mollusca","Gastropoda","Pteropoda","Limacinidae","Limacina","Limacina helicina",50,-145
"6136553439","d161c3e1-fa12-4eb5-8999-cf8e7c9695bb","7306_STNP26_0011_1_90000000000222-13344","Animalia","Mollusca","Gastropoda","Pteropoda","Limacinidae","Limacina","Limacina helicina",50,-145
"6136553435","d161c3e1-fa12-4eb5-8999-cf8e7c9695bb","6905_STNP26_0041_1_90000000000222-3177","Animalia","Mollusca","Gastropoda","Pteropoda","Limacinidae","Limacina","Limacina helicina",50,-145
"6136553431","d161c3e1-fa12-4eb5-8999-cf8e7c9695bb","7005_STNP26_0024_1_90000000000222-4815","Animalia","Mollusca","Gastropoda","Pteropoda","Limacinidae","Limacina","Limacina helicina",50,-145
"6136553414","d161c3e1-fa12-4eb5-8999-cf8e7c9695bb","7902_STNP26_0006_1_90000000000222-27014","Animalia","Mollusca","Gastropoda","Pteropoda","Limacinidae","Limacina","Limacina helicina",50,-145
"6136553397","d161c3e1-fa12-4eb5-8999-cf8e7c9695bb","6905_STNP26_0062_1_90000000000222-3214","Animalia","Mollusca","Gastropoda","Pteropoda","Limacinidae","Limacina","Limacina helicina",50,-145
"6136553395","d161c3e1-fa12-4eb5-8999-cf8e7c9695bb","7102_STNP26_0108_1_90000000000222-7186","Animalia","Mollusca","Gastropoda","Pteropoda","Limacinidae","Limacina","Limacina helicina",50,-145
"6136553382","d161c3e1-fa12-4eb5-8999-cf8e7c9695bb","7907_STNP26_0008_1_90000000000222-28579","Animalia","Mollusca","Gastropoda","Pteropoda","Limacinidae","Limacina","Limacina helicina",50,-145
"6136553368","d161c3e1-fa12-4eb5-8999-cf8e7c9695bb","7005_STNP26_0018_1_90000000000222-4744","Animalia","Mollusca","Gastropoda","Pteropoda","Limacinidae","Limacina","Limacina helicina",50,-145
"6136553356","d161c3e1-fa12-4eb5-8999-cf8e7c9695bb","6906_STNP26_0001_1_90000000000222-3248","Animalia","Mollusca","Gastropoda","Pteropoda","Limacinidae","Limacina","Limacina helicina",50,-145
"6136553327","d161c3e1-fa12-4eb5-8999-cf8e7c9695bb","8004_STNP26_0002_1_90000000000222-29504","Animalia","Mollusca","Gastropoda","Pteropoda","Limacinidae","Limacina","Limacina helicina",50,-145
"6136553310","d161c3e1-fa12-4eb5-8999-cf8e7c9695bb","7501_STNP26_0039_1_90000000000222-16799","Animalia","Mollusca","Gastropoda","Pteropoda","Limacinidae","Limacina","Limacina helicina",50,-145
"6136552300","d161c3e1-fa12-4eb5-8999-cf8e7c9695bb","7804_STNP26_0037_1_90000000000222-24164","Animalia","Mollusca","Gastropoda","Pteropoda","Limacinidae","Limacina","Limacina helicina",50,-145
"6136552288","d161c3e1-fa12-4eb5-8999-cf8e7c9695bb","7201_STNP26_0007_1_90000000000222-9363","Animalia","Mollusca","Gastropoda","Pteropoda","Limacinidae","Limacina","Limacina helicina",50,-145
"6136552279","d161c3e1-fa12-4eb5-8999-cf8e7c9695bb","6906_STNP26_0022_1_90000000000222-3328","Animalia","Mollusca","Gastropoda","Pteropoda","Limacinidae","Limacina","Limacina helicina",50,-145
"6136552264","d161c3e1-fa12-4eb5-8999-cf8e7c9695bb","7706_STNP26_0021_1_90000000000222-21714","Animalia","Mollusca","Gastropoda","Pteropoda","Limacinidae","Limacina","Limacina helicina",50,-145
"6136552186","d161c3e1-fa12-4eb5-8999-cf8e7c9695bb","7108_STNP26_0035_1_90000000000222-9240","Animalia","Mollusca","Gastropoda","Pteropoda","Limacinidae","Limacina","Limacina helicina",50,-145
"6136552168","d161c3e1-fa12-4eb5-8999-cf8e7c9695bb","8003_STNP26_0007_1_90000000000222-29270","Animalia","Mollusca","Gastropoda","Pteropoda","Limacinidae","Limacina","Limacina helicina",50,-145
"6136552154","d161c3e1-fa12-4eb5-8999-cf8e7c9695bb","7104_STNP26_0025_1_90000000000222-7664","Animalia","Mollusca","Gastropoda","Pteropoda","Limacinidae","Limacina","Limacina helicina",50,-145
"6136552103","d161c3e1-fa12-4eb5-8999-cf8e7c9695bb","7305_STNP26_0030_1_90000000000222-12741","Animalia","Mollusca","Gastropoda","Pteropoda","Limacinidae","Limacina","Limacina helicina",50,-145
"6136552096","d161c3e1-fa12-4eb5-8999-cf8e7c9695bb","7007_STNP26_0005_1_90000000000222-6500","Animalia","Mollusca","Gastropoda","Pteropoda","Limacinidae","Limacina","Limacina helicina",50,-145
"6136552095","d161c3e1-fa12-4eb5-8999-cf8e7c9695bb","7203_STNP26_0037_1_90000000000222-9979","Animalia","Mollusca","Gastropoda","Pteropoda","Limacinidae","Limacina","Limacina helicina",50,-145
"6136552070","d161c3e1-fa12-4eb5-8999-cf8e7c9695bb","6803_STNP26_0020_1_90000000000222-1544","Animalia","Mollusca","Gastropoda","Pteropoda","Limacinidae","Limacina","Limacina helicina",50,-145
"6136552054","d161c3e1-fa12-4eb5-8999-cf8e7c9695bb","7707_STNP26_0027_1_90000000000222-21996","Animalia","Mollusca","Gastropoda","Pteropoda","Limacinidae","Limacina","Limacina helicina",50,-145
"6136552032","d161c3e1-fa12-4eb5-8999-cf8e7c9695bb","7006_STNP26_0039_1_90000000000222-6318","Animalia","Mollusca","Gastropoda","Pteropoda","Limacinidae","Limacina","Limacina helicina",50,-145
"6136551993","d161c3e1-fa12-4eb5-8999-cf8e7c9695bb","7301_STNP26_0003_1_90000000000222-11432","Animalia","Mollusca","Gastropoda","Pteropoda","Limacinidae","Limacina","Limacina helicina",50,-145
"6136551918","d161c3e1-fa12-4eb5-8999-cf8e7c9695bb","7804_STNP26_0017_1_90000000000222-23669","Animalia","Mollusca","Gastropoda","Pteropoda","Limacinidae","Limacina","Limacina helicina",50,-145
"6136551881","d161c3e1-fa12-4eb5-8999-cf8e7c9695bb","7703_STNP26_0020_1_90000000000222-20831","Animalia","Mollusca","Gastropoda","Pteropoda","Limacinidae","Limacina","Limacina helicina",50,-145
"6136551861","d161c3e1-fa12-4eb5-8999-cf8e7c9695bb","7305_STNP26_0001_1_90000000000222-12098","Animalia","Mollusca","Gastropoda","Pteropoda","Limacinidae","Limacina","Limacina helicina",50,-145
"6136551814","d161c3e1-fa12-4eb5-8999-cf8e7c9695bb","7807_STNP26_0023_1_90000000000222-26458","Animalia","Mollusca","Gastropoda","Pteropoda","Limacinidae","Limacina","Limacina helicina",50,-145
"6136551808","d161c3e1-fa12-4eb5-8999-cf8e7c9695bb","7903_STNP26_0001_1_90000000000222-27231","Animalia","Mollusca","Gastropoda","Pteropoda","Limacinidae","Limacina","Limacina helicina",50,-145
"6136551791","d161c3e1-fa12-4eb5-8999-cf8e7c9695bb","7601_STNP26_0013_1_90000000000222-18600","Animalia","Mollusca","Gastropoda","Pteropoda","Limacinidae","Limacina","Limacina helicina",50,-145
"6136551739","d161c3e1-fa12-4eb5-8999-cf8e7c9695bb","7003_STNP26_0021_1_90000000000222-4324","Animalia","Mollusca","Gastropoda","Pteropoda","Limacinidae","Limacina","Limacina helicina",50,-145
"6136551677","d161c3e1-fa12-4eb5-8999-cf8e7c9695bb","7106_STNP26_0059_1_90000000000222-8917","Animalia","Mollusca","Gastropoda","Pteropoda","Limacinidae","Limacina","Limacina helicina",50,-145
"6136551670","d161c3e1-fa12-4eb5-8999-cf8e7c9695bb","7103_STNP26_0023_1_90000000000222-7400","Animalia","Mollusca","Gastropoda","Pteropoda","Limacinidae","Limacina","Limacina helicina",50,-145
"6136551669","d161c3e1-fa12-4eb5-8999-cf8e7c9695bb","7902_STNP26_0001_1_90000000000222-26962","Animalia","Mollusca","Gastropoda","Pteropoda","Limacinidae","Limacina","Limacina helicina",50,-145
"6136551662","d161c3e1-fa12-4eb5-8999-cf8e7c9695bb","7804_STNP26_0020_1_90000000000222-23754","Animalia","Mollusca","Gastropoda","Pteropoda","Limacinidae","Limacina","Limacina helicina",50,-145
"6136551647","d161c3e1-fa12-4eb5-8999-cf8e7c9695bb","8008_STNP26_0011_1_90000000000222-30576","Animalia","Mollusca","Gastropoda","Pteropoda","Limacinidae","Limacina","Limacina helicina",50,-145
"6136551634","d161c3e1-fa12-4eb5-8999-cf8e7c9695bb","7306_STNP26_0037_1_90000000000222-13907","Animalia","Mollusca","Gastropoda","Pteropoda","Limacinidae","Limacina","Limacina helicina",50,-145
"6136551570","d161c3e1-fa12-4eb5-8999-cf8e7c9695bb","7105_STNP26_0009_1_90000000000222-8028","Animalia","Mollusca","Gastropoda","Pteropoda","Limacinidae","Limacina","Limacina helicina",50,-145
"6136551554","d161c3e1-fa12-4eb5-8999-cf8e7c9695bb","7103_STNP26_0002_1_90000000000222-7237","Animalia","Mollusca","Gastropoda","Pteropoda","Limacinidae","Limacina","Limacina helicina",50,-145
"6136551517","d161c3e1-fa12-4eb5-8999-cf8e7c9695bb","7304_STNP26_0001_1_90000000000222-11787","Animalia","Mollusca","Gastropoda","Pteropoda","Limacinidae","Limacina","Limacina helicina",50,-145
"6136551488","d161c3e1-fa12-4eb5-8999-cf8e7c9695bb","7002_STNP26_0010_1_90000000000222-3991","Animalia","Mollusca","Gastropoda","Pteropoda","Limacinidae","Limacina","Limacina helicina",50,-145
"6136551470","d161c3e1-fa12-4eb5-8999-cf8e7c9695bb","7202_STNP26_0035_1_90000000000222-9680","Animalia","Mollusca","Gastropoda","Pteropoda","Limacinidae","Limacina","Limacina helicina",50,-145
"6136551459","d161c3e1-fa12-4eb5-8999-cf8e7c9695bb","7202_STNP26_0041_1_90000000000222-9724","Animalia","Mollusca","Gastropoda","Pteropoda","Limacinidae","Limacina","Limacina helicina",50,-145
"6136551410","d161c3e1-fa12-4eb5-8999-cf8e7c9695bb","6905_STNP26_0035_1_90000000000222-3133","Animalia","Mollusca","Gastropoda","Pteropoda","Limacinidae","Limacina","Limacina helicina",50,-145
"6136551401","d161c3e1-fa12-4eb5-8999-cf8e7c9695bb","7501_STNP26_0042_1_90000000000222-16857","Animalia","Mollusca","Gastropoda","Pteropoda","Limacinidae","Limacina","Limacina helicina",50,-145
"6136551389","d161c3e1-fa12-4eb5-8999-cf8e7c9695bb","7605_STNP26_0040_1_90000000000222-19547","Animalia","Mollusca","Gastropoda","Pteropoda","Limacinidae","Limacina","Limacina helicina",50,-145
"6136551373","d161c3e1-fa12-4eb5-8999-cf8e7c9695bb","6901_STNP26_0020_1_90000000000222-2500","Animalia","Mollusca","Gastropoda","Pteropoda","Limacinidae","Limacina","Limacina helicina",50,-145
"6136551328","d161c3e1-fa12-4eb5-8999-cf8e7c9695bb","7306_STNP26_0025_1_90000000000222-13654","Animalia","Mollusca","Gastropoda","Pteropoda","Limacinidae","Limacina","Limacina helicina",50,-145
"6136551313","d161c3e1-fa12-4eb5-8999-cf8e7c9695bb","7402_STNP26_0003_1_90000000000222-14406","Animalia","Mollusca","Gastropoda","Pteropoda","Limacinidae","Limacina","Limacina helicina",50,-145
"6136551304","d161c3e1-fa12-4eb5-8999-cf8e7c9695bb","7507_STNP26_0013_1_90000000000222-18194","Animalia","Mollusca","Gastropoda","Pteropoda","Limacinidae","Limacina","Limacina helicina",50,-145
"6136551286","d161c3e1-fa12-4eb5-8999-cf8e7c9695bb","7006_STNP26_0014_1_90000000000222-5686","Animalia","Mollusca","Gastropoda","Pteropoda","Limacinidae","Limacina","Limacina helicina",50,-145
"6136551263","d161c3e1-fa12-4eb5-8999-cf8e7c9695bb","7804_STNP26_0005_1_90000000000222-23333","Animalia","Mollusca","Gastropoda","Pteropoda","Limacinidae","Limacina","Limacina helicina",50,-145
"6136551164","d161c3e1-fa12-4eb5-8999-cf8e7c9695bb","7204_STNP26_0078_1_90000000000222-10356","Animalia","Mollusca","Gastropoda","Pteropoda","Limacinidae","Limacina","Limacina helicina",50,-145
"6136551125","d161c3e1-fa12-4eb5-8999-cf8e7c9695bb","6805_STNP26_0032_1_90000000000222-2026","Animalia","Mollusca","Gastropoda","Pteropoda","Limacinidae","Limacina","Limacina helicina",50,-145
"6136551098","d161c3e1-fa12-4eb5-8999-cf8e7c9695bb","7407_STNP26_0005_1_90000000000222-15800","Animalia","Mollusca","Gastropoda","Pteropoda","Limacinidae","Limacina","Limacina helicina",50,-145
"6136551082","d161c3e1-fa12-4eb5-8999-cf8e7c9695bb","6904_STNP26_0054_1_90000000000222-3029","Animalia","Mollusca","Gastropoda","Pteropoda","Limacinidae","Limacina","Limacina helicina",50,-145
"6136551077","d161c3e1-fa12-4eb5-8999-cf8e7c9695bb","7501_STNP26_0040_1_90000000000222-16834","Animalia","Mollusca","Gastropoda","Pteropoda","Limacinidae","Limacina","Limacina helicina",50,-145
"6136551070","d161c3e1-fa12-4eb5-8999-cf8e7c9695bb","8001_STNP26_0004_1_90000000000222-29002","Animalia","Mollusca","Gastropoda","Pteropoda","Limacinidae","Limacina","Limacina helicina",50,-145
"6136551037","d161c3e1-fa12-4eb5-8999-cf8e7c9695bb","7204_STNP26_0081_1_90000000000222-10369","Animalia","Mollusca","Gastropoda","Pteropoda","Limacinidae","Limacina","Limacina helicina",50,-145
"6136551021","d161c3e1-fa12-4eb5-8999-cf8e7c9695bb","7204_STNP26_0018_1_90000000000222-10136","Animalia","Mollusca","Gastropoda","Pteropoda","Limacinidae","Limacina","Limacina helicina",50,-145
"6136550987","d161c3e1-fa12-4eb5-8999-cf8e7c9695bb","7206_STNP26_0003_1_90000000000222-10934","Animalia","Mollusca","Gastropoda","Pteropoda","Limacinidae","Limacina","Limacina helicina",50,-145
"6136550864","d161c3e1-fa12-4eb5-8999-cf8e7c9695bb","7104_STNP26_0004_1_90000000000222-7541","Animalia","Mollusca","Gastropoda","Pteropoda","Limacinidae","Limacina","Limacina helicina",50,-145
"6136550844","d161c3e1-fa12-4eb5-8999-cf8e7c9695bb","7103_STNP26_0017_1_90000000000222-7353","Animalia","Mollusca","Gastropoda","Pteropoda","Limacinidae","Limacina","Limacina helicina",50,-145
"6136550833","d161c3e1-fa12-4eb5-8999-cf8e7c9695bb","7405_STNP26_0032_1_90000000000222-14649","Animalia","Mollusca","Gastropoda","Pteropoda","Limacinidae","Limacina","Limacina helicina",50,-145
"6136550808","d161c3e1-fa12-4eb5-8999-cf8e7c9695bb","7108_STNP26_0041_1_90000000000222-9257","Animalia","Mollusca","Gastropoda","Pteropoda","Limacinidae","Limacina","Limacina helicina",50,-145
"6136550805","d161c3e1-fa12-4eb5-8999-cf8e7c9695bb","8003_STNP26_0022_1_90000000000222-29461","Animalia","Mollusca","Gastropoda","Pteropoda","Limacinidae","Limacina","Limacina helicina",50,-145
"6136550787","d161c3e1-fa12-4eb5-8999-cf8e7c9695bb","7105_STNP26_0041_1_90000000000222-8202","Animalia","Mollusca","Gastropoda","Pteropoda","Limacinidae","Limacina","Limacina helicina",50,-145
"6136550757","d161c3e1-fa12-4eb5-8999-cf8e7c9695bb","7804_STNP26_0098_1_90000000000222-25330","Animalia","Mollusca","Gastropoda","Pteropoda","Limacinidae","Limacina","Limacina helicina",50,-145
"6136550755","d161c3e1-fa12-4eb5-8999-cf8e7c9695bb","7006_STNP26_0020_1_90000000000222-5854","Animalia","Mollusca","Gastropoda","Pteropoda","Limacinidae","Limacina","Limacina helicina",50,-145
"6136550719","d161c3e1-fa12-4eb5-8999-cf8e7c9695bb","7604_STNP26_0031_1_90000000000222-19045","Animalia","Mollusca","Gastropoda","Pteropoda","Limacinidae","Limacina","Limacina helicina",50,-145
"6136550710","d161c3e1-fa12-4eb5-8999-cf8e7c9695bb","7407_STNP26_0013_1_90000000000222-16004","Animalia","Mollusca","Gastropoda","Pteropoda","Limacinidae","Limacina","Limacina helicina",50,-145
"6136550697","d161c3e1-fa12-4eb5-8999-cf8e7c9695bb","7804_STNP26_0029_1_90000000000222-23979","Animalia","Mollusca","Gastropoda","Pteropoda","Limacinidae","Limacina","Limacina helicina",50,-145
"6136550684","d161c3e1-fa12-4eb5-8999-cf8e7c9695bb","7105_STNP26_0020_1_90000000000222-8082","Animalia","Mollusca","Gastropoda","Pteropoda","Limacinidae","Limacina","Limacina helicina",50,-145
"6136550663","d161c3e1-fa12-4eb5-8999-cf8e7c9695bb","7308_STNP26_0001_1_90000000000222-14063","Animalia","Mollusca","Gastropoda","Pteropoda","Limacinidae","Limacina","Limacina helicina",50,-145
"6136550642","d161c3e1-fa12-4eb5-8999-cf8e7c9695bb","7909_STNP26_0009_1_90000000000222-28936","Animalia","Mollusca","Gastropoda","Pteropoda","Limacinidae","Limacina","Limacina helicina",50,-145
"6136550576","d161c3e1-fa12-4eb5-8999-cf8e7c9695bb","7306_STNP26_0023_1_90000000000222-13607","Animalia","Mollusca","Gastropoda","Pteropoda","Limacinidae","Limacina","Limacina helicina",50,-145
"6136550536","d161c3e1-fa12-4eb5-8999-cf8e7c9695bb","7904_STNP26_0009_1_90000000000222-27652","Animalia","Mollusca","Gastropoda","Pteropoda","Limacinidae","Limacina","Limacina helicina",50,-145
"6136550527","d161c3e1-fa12-4eb5-8999-cf8e7c9695bb","7505_STNP26_0006_1_90000000000222-17717","Animalia","Mollusca","Gastropoda","Pteropoda","Limacinidae","Limacina","Limacina helicina",50,-145
"6136550509","d161c3e1-fa12-4eb5-8999-cf8e7c9695bb","6805_STNP26_0073_1_90000000000222-2173","Animalia","Mollusca","Gastropoda","Pteropoda","Limacinidae","Limacina","Limacina helicina",50,-145
"6136550506","d161c3e1-fa12-4eb5-8999-cf8e7c9695bb","6803_STNP26_0082_1_90000000000222-1861","Animalia","Mollusca","Gastropoda","Pteropoda","Limacinidae","Limacina","Limacina helicina",50,-145
"6136550478","d161c3e1-fa12-4eb5-8999-cf8e7c9695bb","7006_STNP26_0015_1_90000000000222-5718","Animalia","Mollusca","Gastropoda","Pteropoda","Limacinidae","Limacina","Limacina helicina",50,-145
"6136550450","d161c3e1-fa12-4eb5-8999-cf8e7c9695bb","6803_STNP26_0061_1_90000000000222-1783","Animalia","Mollusca","Gastropoda","Pteropoda","Limacinidae","Limacina","Limacina helicina",50,-145
"6136550348","d161c3e1-fa12-4eb5-8999-cf8e7c9695bb","7202_STNP26_0029_1_90000000000222-9632","Animalia","Mollusca","Gastropoda","Pteropoda","Limacinidae","Limacina","Limacina helicina",50,-145
"6136550319","d161c3e1-fa12-4eb5-8999-cf8e7c9695bb","7303_STNP26_0021_1_90000000000222-11697","Animalia","Mollusca","Gastropoda","Pteropoda","Limacinidae","Limacina","Limacina helicina",50,-145
"6136550310","d161c3e1-fa12-4eb5-8999-cf8e7c9695bb","7306_STNP26_0013_1_90000000000222-13384","Animalia","Mollusca","Gastropoda","Pteropoda","Limacinidae","Limacina","Limacina helicina",50,-145
"6136549273","d161c3e1-fa12-4eb5-8999-cf8e7c9695bb","7807_STNP26_0011_1_90000000000222-26322","Animalia","Mollusca","Gastropoda","Pteropoda","Limacinidae","Limacina","Limacina helicina",50,-145
"6136549258","d161c3e1-fa12-4eb5-8999-cf8e7c9695bb","7006_STNP26_0030_1_90000000000222-6102","Animalia","Mollusca","Gastropoda","Pteropoda","Limacinidae","Limacina","Limacina helicina",50,-145
"6136549188","d161c3e1-fa12-4eb5-8999-cf8e7c9695bb","7204_STNP26_0021_1_90000000000222-10150","Animalia","Mollusca","Gastropoda","Pteropoda","Limacinidae","Limacina","Limacina helicina",50,-145
"6136549183","d161c3e1-fa12-4eb5-8999-cf8e7c9695bb","7804_STNP26_0049_1_90000000000222-24489","Animalia","Mollusca","Gastropoda","Pteropoda","Limacinidae","Limacina","Limacina helicina",50,-145
"6136549173","d161c3e1-fa12-4eb5-8999-cf8e7c9695bb","7102_STNP26_0098_1_90000000000222-7132","Animalia","Mollusca","Gastropoda","Pteropoda","Limacinidae","Limacina","Limacina helicina",50,-145
"6136549150","d161c3e1-fa12-4eb5-8999-cf8e7c9695bb","7107_STNP26_0010_1_90000000000222-8998","Animalia","Mollusca","Gastropoda","Pteropoda","Limacinidae","Limacina","Limacina helicina",50,-145
"6136549148","d161c3e1-fa12-4eb5-8999-cf8e7c9695bb","7309_STNP26_0014_1_90000000000222-14226","Animalia","Mollusca","Gastropoda","Pteropoda","Limacinidae","Limacina","Limacina helicina",50,-145
"6136549135","d161c3e1-fa12-4eb5-8999-cf8e7c9695bb","7305_STNP26_0029_1_90000000000222-12704","Animalia","Mollusca","Gastropoda","Pteropoda","Limacinidae","Limacina","Limacina helicina",50,-145
"6136549117","d161c3e1-fa12-4eb5-8999-cf8e7c9695bb","7106_STNP26_0044_1_90000000000222-8794","Animalia","Mollusca","Gastropoda","Pteropoda","Limacinidae","Limacina","Limacina helicina",50,-145
"6136549101","d161c3e1-fa12-4eb5-8999-cf8e7c9695bb","7601_STNP26_0001_1_90000000000222-18518","Animalia","Mollusca","Gastropoda","Pteropoda","Limacinidae","Limacina","Limacina helicina",50,-145
"6136549066","d161c3e1-fa12-4eb5-8999-cf8e7c9695bb","7105_STNP26_0077_1_90000000000222-8366","Animalia","Mollusca","Gastropoda","Pteropoda","Limacinidae","Limacina","Limacina helicina",50,-145
"6136549030","d161c3e1-fa12-4eb5-8999-cf8e7c9695bb","7606_STNP26_0020_1_90000000000222-19834","Animalia","Mollusca","Gastropoda","Pteropoda","Limacinidae","Limacina","Limacina helicina",50,-145
"6136549012","d161c3e1-fa12-4eb5-8999-cf8e7c9695bb","7105_STNP26_0114_1_90000000000222-8508","Animalia","Mollusca","Gastropoda","Pteropoda","Limacinidae","Limacina","Limacina helicina",50,-145
"6136548979","d161c3e1-fa12-4eb5-8999-cf8e7c9695bb","7905_STNP26_0024_1_90000000000222-28080","Animalia","Mollusca","Gastropoda","Pteropoda","Limacinidae","Limacina","Limacina helicina",50,-145
"6136548969","d161c3e1-fa12-4eb5-8999-cf8e7c9695bb","7006_STNP26_0038_1_90000000000222-6296","Animalia","Mollusca","Gastropoda","Pteropoda","Limacinidae","Limacina","Limacina helicina",50,-145
"6136548955","d161c3e1-fa12-4eb5-8999-cf8e7c9695bb","7107_STNP26_0027_1_90000000000222-9102","Animalia","Mollusca","Gastropoda","Pteropoda","Limacinidae","Limacina","Limacina helicina",50,-145
"6136548923","d161c3e1-fa12-4eb5-8999-cf8e7c9695bb","6908_STNP26_0005_1_90000000000222-3606","Animalia","Mollusca","Gastropoda","Pteropoda","Limacinidae","Limacina","Limacina helicina",50,-145
"6136548920","d161c3e1-fa12-4eb5-8999-cf8e7c9695bb","6901_STNP26_0029_1_90000000000222-2609","Animalia","Mollusca","Gastropoda","Pteropoda","Limacinidae","Limacina","Limacina helicina",50,-145
"6136548868","d161c3e1-fa12-4eb5-8999-cf8e7c9695bb","7602_STNP26_0010_1_90000000000222-18741","Animalia","Mollusca","Gastropoda","Pteropoda","Limacinidae","Limacina","Limacina helicina",50,-145
"6136548815","d161c3e1-fa12-4eb5-8999-cf8e7c9695bb","7908_STNP26_0003_1_90000000000222-28691","Animalia","Mollusca","Gastropoda","Pteropoda","Limacinidae","Limacina","Limacina helicina",50,-145
"6136548780","d161c3e1-fa12-4eb5-8999-cf8e7c9695bb","7902_STNP26_0008_1_90000000000222-27038","Animalia","Mollusca","Gastropoda","Pteropoda","Limacinidae","Limacina","Limacina helicina",50,-145
"6136548775","d161c3e1-fa12-4eb5-8999-cf8e7c9695bb","7406_STNP26_0015_1_90000000000222-15158","Animalia","Mollusca","Gastropoda","Pteropoda","Limacinidae","Limacina","Limacina helicina",50,-145
"6136548759","d161c3e1-fa12-4eb5-8999-cf8e7c9695bb","7205_STNP26_0008_1_90000000000222-10576","Animalia","Mollusca","Gastropoda","Pteropoda","Limacinidae","Limacina","Limacina helicina",50,-145
"6136548755","d161c3e1-fa12-4eb5-8999-cf8e7c9695bb","7808_STNP26_0001_1_90000000000222-26578","Animalia","Mollusca","Gastropoda","Pteropoda","Limacinidae","Limacina","Limacina helicina",50,-145
"6136548699","d161c3e1-fa12-4eb5-8999-cf8e7c9695bb","8002_STNP26_0001_1_90000000000222-29079","Animalia","Mollusca","Gastropoda","Pteropoda","Limacinidae","Limacina","Limacina helicina",50,-145
"6136548692","d161c3e1-fa12-4eb5-8999-cf8e7c9695bb","7203_STNP26_0023_1_90000000000222-9888","Animalia","Mollusca","Gastropoda","Pteropoda","Limacinidae","Limacina","Limacina helicina",50,-145
"6136548685","d161c3e1-fa12-4eb5-8999-cf8e7c9695bb","7204_STNP26_0117_1_90000000000222-10517","Animalia","Mollusca","Gastropoda","Pteropoda","Limacinidae","Limacina","Limacina helicina",50,-145
"6136548664","d161c3e1-fa12-4eb5-8999-cf8e7c9695bb","6803_STNP26_0034_1_90000000000222-1670","Animalia","Mollusca","Gastropoda","Pteropoda","Limacinidae","Limacina","Limacina helicina",50,-145
"6136548612","d161c3e1-fa12-4eb5-8999-cf8e7c9695bb","7505_STNP26_0047_1_90000000000222-17968","Animalia","Mollusca","Gastropoda","Pteropoda","Limacinidae","Limacina","Limacina helicina",50,-145
"6136548596","d161c3e1-fa12-4eb5-8999-cf8e7c9695bb","7204_STNP26_0047_1_90000000000222-10233","Animalia","Mollusca","Gastropoda","Pteropoda","Limacinidae","Limacina","Limacina helicina",50,-145
"6136548572","d161c3e1-fa12-4eb5-8999-cf8e7c9695bb","7503_STNP26_0036_1_90000000000222-17241","Animalia","Mollusca","Gastropoda","Pteropoda","Limacinidae","Limacina","Limacina helicina",50,-145
"6136548526","d161c3e1-fa12-4eb5-8999-cf8e7c9695bb","7004_STNP26_0022_1_90000000000222-4523","Animalia","Mollusca","Gastropoda","Pteropoda","Limacinidae","Limacina","Limacina helicina",50,-145
"6136548509","d161c3e1-fa12-4eb5-8999-cf8e7c9695bb","7804_STNP26_0040_1_90000000000222-24248","Animalia","Mollusca","Gastropoda","Pteropoda","Limacinidae","Limacina","Limacina helicina",50,-145
"6136548498","d161c3e1-fa12-4eb5-8999-cf8e7c9695bb","7005_STNP26_0061_1_90000000000222-5307","Animalia","Mollusca","Gastropoda","Pteropoda","Limacinidae","Limacina","Limacina helicina",50,-145
"6136548442","d161c3e1-fa12-4eb5-8999-cf8e7c9695bb","7303_STNP26_0006_1_90000000000222-11535","Animalia","Mollusca","Gastropoda","Pteropoda","Limacinidae","Limacina","Limacina helicina",50,-145
"6136548427","d161c3e1-fa12-4eb5-8999-cf8e7c9695bb","7801_STNP26_0004_1_90000000000222-22384","Animalia","Mollusca","Gastropoda","Pteropoda","Limacinidae","Limacina","Limacina helicina",50,-145
"6136548397","d161c3e1-fa12-4eb5-8999-cf8e7c9695bb","7807_STNP26_0018_1_90000000000222-26403","Animalia","Mollusca","Gastropoda","Pteropoda","Limacinidae","Limacina","Limacina helicina",50,-145
"6136548324","d161c3e1-fa12-4eb5-8999-cf8e7c9695bb","7607_STNP26_0002_1_90000000000222-20003","Animalia","Mollusca","Gastropoda","Pteropoda","Limacinidae","Limacina","Limacina helicina",50,-145
"6136548308","d161c3e1-fa12-4eb5-8999-cf8e7c9695bb","8003_STNP26_0010_1_90000000000222-29325","Animalia","Mollusca","Gastropoda","Pteropoda","Limacinidae","Limacina","Limacina helicina",50,-145
"6136548306","d161c3e1-fa12-4eb5-8999-cf8e7c9695bb","7606_STNP26_0001_1_90000000000222-19643","Animalia","Mollusca","Gastropoda","Pteropoda","Limacinidae","Limacina","Limacina helicina",50,-145
"6136547221","d161c3e1-fa12-4eb5-8999-cf8e7c9695bb","7203_STNP26_0041_1_90000000000222-10012","Animalia","Mollusca","Gastropoda","Pteropoda","Limacinidae","Limacina","Limacina helicina",50,-145
"6136547220","d161c3e1-fa12-4eb5-8999-cf8e7c9695bb","6805_STNP26_0046_1_90000000000222-2082","Animalia","Mollusca","Gastropoda","Pteropoda","Limacinidae","Limacina","Limacina helicina",50,-145
"6136547205","d161c3e1-fa12-4eb5-8999-cf8e7c9695bb","7206_STNP26_0025_1_90000000000222-11174","Animalia","Mollusca","Gastropoda","Pteropoda","Limacinidae","Limacina","Limacina helicina",50,-145
"6136547150","d161c3e1-fa12-4eb5-8999-cf8e7c9695bb","7305_STNP26_0013_1_90000000000222-12319","Animalia","Mollusca","Gastropoda","Pteropoda","Limacinidae","Limacina","Limacina helicina",50,-145
"6136547138","d161c3e1-fa12-4eb5-8999-cf8e7c9695bb","7608_STNP26_0008_1_90000000000222-20211","Animalia","Mollusca","Gastropoda","Pteropoda","Limacinidae","Limacina","Limacina helicina",50,-145
"6136547075","d161c3e1-fa12-4eb5-8999-cf8e7c9695bb","7308_STNP26_0020_1_90000000000222-14102","Animalia","Mollusca","Gastropoda","Pteropoda","Limacinidae","Limacina","Limacina helicina",50,-145
"6136547070","d161c3e1-fa12-4eb5-8999-cf8e7c9695bb","7804_STNP26_0052_1_90000000000222-24579","Animalia","Mollusca","Gastropoda","Pteropoda","Limacinidae","Limacina","Limacina helicina",50,-145
"6136547041","d161c3e1-fa12-4eb5-8999-cf8e7c9695bb","6803_STNP26_0013_1_90000000000222-1455","Animalia","Mollusca","Gastropoda","Pteropoda","Limacinidae","Limacina","Limacina helicina",50,-145
"6136547040","d161c3e1-fa12-4eb5-8999-cf8e7c9695bb","7102_STNP26_0048_1_90000000000222-6936","Animalia","Mollusca","Gastropoda","Pteropoda","Limacinidae","Limacina","Limacina helicina",50,-145
"6136547024","d161c3e1-fa12-4eb5-8999-cf8e7c9695bb","7504_STNP26_0007_1_90000000000222-17487","Animalia","Mollusca","Gastropoda","Pteropoda","Limacinidae","Limacina","Limacina helicina",50,-145
"6136546971","d161c3e1-fa12-4eb5-8999-cf8e7c9695bb","8006_STNP26_0007_1_90000000000222-30024","Animalia","Mollusca","Gastropoda","Pteropoda","Limacinidae","Limacina","Limacina helicina",50,-145
"6136546916","d161c3e1-fa12-4eb5-8999-cf8e7c9695bb","7202_STNP26_0008_1_90000000000222-9471","Animalia","Mollusca","Gastropoda","Pteropoda","Limacinidae","Limacina","Limacina helicina",50,-145
"6136546915","d161c3e1-fa12-4eb5-8999-cf8e7c9695bb","7202_STNP26_0021_1_90000000000222-9565","Animalia","Mollusca","Gastropoda","Pteropoda","Limacinidae","Limacina","Limacina helicina",50,-145
"6136546912","d161c3e1-fa12-4eb5-8999-cf8e7c9695bb","7105_STNP26_0098_1_90000000000222-8447","Animalia","Mollusca","Gastropoda","Pteropoda","Limacinidae","Limacina","Limacina helicina",50,-145
"6136546896","d161c3e1-fa12-4eb5-8999-cf8e7c9695bb","6809_STNP26_0003_1_90000000000222-2223","Animalia","Mollusca","Gastropoda","Pteropoda","Limacinidae","Limacina","Limacina helicina",50,-145
"6136546792","d161c3e1-fa12-4eb5-8999-cf8e7c9695bb","6906_STNP26_0038_1_90000000000222-3428","Animalia","Mollusca","Gastropoda","Pteropoda","Limacinidae","Limacina","Limacina helicina",50,-145
"6136546779","d161c3e1-fa12-4eb5-8999-cf8e7c9695bb","7005_STNP26_0040_1_90000000000222-5037","Animalia","Mollusca","Gastropoda","Pteropoda","Limacinidae","Limacina","Limacina helicina",50,-145
"6136546736","d161c3e1-fa12-4eb5-8999-cf8e7c9695bb","6803_STNP26_0021_1_90000000000222-1562","Animalia","Mollusca","Gastropoda","Pteropoda","Limacinidae","Limacina","Limacina helicina",50,-145
"6136546692","d161c3e1-fa12-4eb5-8999-cf8e7c9695bb","7701_STNP26_0012_1_90000000000222-20449","Animalia","Mollusca","Gastropoda","Pteropoda","Limacinidae","Limacina","Limacina helicina",50,-145
"6136546690","d161c3e1-fa12-4eb5-8999-cf8e7c9695bb","7104_STNP26_0032_1_90000000000222-7711","Animalia","Mollusca","Gastropoda","Pteropoda","Limacinidae","Limacina","Limacina helicina",50,-145
"6136546681","d161c3e1-fa12-4eb5-8999-cf8e7c9695bb","7406_STNP26_0005_1_90000000000222-14991","Animalia","Mollusca","Gastropoda","Pteropoda","Limacinidae","Limacina","Limacina helicina",50,-145
"6136546636","d161c3e1-fa12-4eb5-8999-cf8e7c9695bb","7206_STNP26_0035_1_90000000000222-11292","Animalia","Mollusca","Gastropoda","Pteropoda","Limacinidae","Limacina","Limacina helicina",50,-145
"6136546608","d161c3e1-fa12-4eb5-8999-cf8e7c9695bb","7607_STNP26_0012_1_90000000000222-20072","Animalia","Mollusca","Gastropoda","Pteropoda","Limacinidae","Limacina","Limacina helicina",50,-145
"6136546606","d161c3e1-fa12-4eb5-8999-cf8e7c9695bb","7104_STNP26_0053_1_90000000000222-7830","Animalia","Mollusca","Gastropoda","Pteropoda","Limacinidae","Limacina","Limacina helicina",50,-145
"6136546586","d161c3e1-fa12-4eb5-8999-cf8e7c9695bb","7804_STNP26_0007_1_90000000000222-23391","Animalia","Mollusca","Gastropoda","Pteropoda","Limacinidae","Limacina","Limacina helicina",50,-145
"6136546470","d161c3e1-fa12-4eb5-8999-cf8e7c9695bb","7803_STNP26_0003_1_90000000000222-22630","Animalia","Mollusca","Gastropoda","Pteropoda","Limacinidae","Limacina","Limacina helicina",50,-145
"6136546417","d161c3e1-fa12-4eb5-8999-cf8e7c9695bb","7709_STNP26_0003_1_90000000000222-22186","Animalia","Mollusca","Gastropoda","Pteropoda","Limacinidae","Limacina","Limacina helicina",50,-145
"6136546400","d161c3e1-fa12-4eb5-8999-cf8e7c9695bb","7005_STNP26_0049_1_90000000000222-5158","Animalia","Mollusca","Gastropoda","Pteropoda","Limacinidae","Limacina","Limacina helicina",50,-145
"6136546383","d161c3e1-fa12-4eb5-8999-cf8e7c9695bb","7306_STNP26_0027_1_90000000000222-13688","Animalia","Mollusca","Gastropoda","Pteropoda","Limacinidae","Limacina","Limacina helicina",50,-145
"6136546334","d161c3e1-fa12-4eb5-8999-cf8e7c9695bb","7804_STNP26_0039_1_90000000000222-24218","Animalia","Mollusca","Gastropoda","Pteropoda","Limacinidae","Limacina","Limacina helicina",50,-145
"6136545295","d161c3e1-fa12-4eb5-8999-cf8e7c9695bb","7902_STNP26_0011_1_90000000000222-27074","Animalia","Mollusca","Gastropoda","Pteropoda","Limacinidae","Limacina","Limacina helicina",50,-145
"6136545188","d161c3e1-fa12-4eb5-8999-cf8e7c9695bb","6906_STNP26_0036_1_90000000000222-3407","Animalia","Mollusca","Gastropoda","Pteropoda","Limacinidae","Limacina","Limacina helicina",50,-145
"6136545129","d161c3e1-fa12-4eb5-8999-cf8e7c9695bb","7106_STNP26_0018_1_90000000000222-8636","Animalia","Mollusca","Gastropoda","Pteropoda","Limacinidae","Limacina","Limacina helicina",50,-145
"6136545115","d161c3e1-fa12-4eb5-8999-cf8e7c9695bb","7804_STNP26_0068_1_90000000000222-24914","Animalia","Mollusca","Gastropoda","Pteropoda","Limacinidae","Limacina","Limacina helicina",50,-145
"6136545069","d161c3e1-fa12-4eb5-8999-cf8e7c9695bb","7804_STNP26_0050_1_90000000000222-24518","Animalia","Mollusca","Gastropoda","Pteropoda","Limacinidae","Limacina","Limacina helicina",50,-145
"6136545049","d161c3e1-fa12-4eb5-8999-cf8e7c9695bb","7305_STNP26_0011_1_90000000000222-12273","Animalia","Mollusca","Gastropoda","Pteropoda","Limacinidae","Limacina","Limacina helicina",50,-145
"6136544971","d161c3e1-fa12-4eb5-8999-cf8e7c9695bb","7808_STNP26_0005_1_90000000000222-26666","Animalia","Mollusca","Gastropoda","Pteropoda","Limacinidae","Limacina","Limacina helicina",50,-145
"6136544958","d161c3e1-fa12-4eb5-8999-cf8e7c9695bb","6908_STNP26_0011_1_90000000000222-3633","Animalia","Mollusca","Gastropoda","Pteropoda","Limacinidae","Limacina","Limacina helicina",50,-145
"6136544955","d161c3e1-fa12-4eb5-8999-cf8e7c9695bb","6805_STNP26_0069_1_90000000000222-2141","Animalia","Mollusca","Gastropoda","Pteropoda","Limacinidae","Limacina","Limacina helicina",50,-145
"6136544921","d161c3e1-fa12-4eb5-8999-cf8e7c9695bb","7206_STNP26_0001_1_90000000000222-10920","Animalia","Mollusca","Gastropoda","Pteropoda","Limacinidae","Limacina","Limacina helicina",50,-145
"6136544837","d161c3e1-fa12-4eb5-8999-cf8e7c9695bb","7305_STNP26_0037_1_90000000000222-12976","Animalia","Mollusca","Gastropoda","Pteropoda","Limacinidae","Limacina","Limacina helicina",50,-145
"6136544834","d161c3e1-fa12-4eb5-8999-cf8e7c9695bb","7102_STNP26_0008_1_90000000000222-6832","Animalia","Mollusca","Gastropoda","Pteropoda","Limacinidae","Limacina","Limacina helicina",50,-145
"6136544817","d161c3e1-fa12-4eb5-8999-cf8e7c9695bb","7804_STNP26_0096_1_90000000000222-25264","Animalia","Mollusca","Gastropoda","Pteropoda","Limacinidae","Limacina","Limacina helicina",50,-145
"6136544746","d161c3e1-fa12-4eb5-8999-cf8e7c9695bb","6809_STNP26_0001_1_90000000000222-2207","Animalia","Mollusca","Gastropoda","Pteropoda","Limacinidae","Limacina","Limacina helicina",50,-145
"6136544744","d161c3e1-fa12-4eb5-8999-cf8e7c9695bb","7206_STNP26_0018_1_90000000000222-11097","Animalia","Mollusca","Gastropoda","Pteropoda","Limacinidae","Limacina","Limacina helicina",50,-145
"6136544738","d161c3e1-fa12-4eb5-8999-cf8e7c9695bb","7804_STNP26_0019_1_90000000000222-23727","Animalia","Mollusca","Gastropoda","Pteropoda","Limacinidae","Limacina","Limacina helicina",50,-145
"6136544672","d161c3e1-fa12-4eb5-8999-cf8e7c9695bb","7206_STNP26_0030_1_90000000000222-11233","Animalia","Mollusca","Gastropoda","Pteropoda","Limacinidae","Limacina","Limacina helicina",50,-145
"6136544628","d161c3e1-fa12-4eb5-8999-cf8e7c9695bb","8006_STNP26_0012_1_90000000000222-30094","Animalia","Mollusca","Gastropoda","Pteropoda","Limacinidae","Limacina","Limacina helicina",50,-145
"6136544624","d161c3e1-fa12-4eb5-8999-cf8e7c9695bb","7104_STNP26_0045_1_90000000000222-7798","Animalia","Mollusca","Gastropoda","Pteropoda","Limacinidae","Limacina","Limacina helicina",50,-145
"6136544574","d161c3e1-fa12-4eb5-8999-cf8e7c9695bb","7503_STNP26_0029_1_90000000000222-17207","Animalia","Mollusca","Gastropoda","Pteropoda","Limacinidae","Limacina","Limacina helicina",50,-145
"6136544478","d161c3e1-fa12-4eb5-8999-cf8e7c9695bb","7804_STNP26_0091_1_90000000000222-25113","Animalia","Mollusca","Gastropoda","Pteropoda","Limacinidae","Limacina","Limacina helicina",50,-145
"6136544462","d161c3e1-fa12-4eb5-8999-cf8e7c9695bb","7008_STNP26_0007_1_90000000000222-6621","Animalia","Mollusca","Gastropoda","Pteropoda","Limacinidae","Limacina","Limacina helicina",50,-145
"6136544429","d161c3e1-fa12-4eb5-8999-cf8e7c9695bb","7201_STNP26_0020_1_90000000000222-9377","Animalia","Mollusca","Gastropoda","Pteropoda","Limacinidae","Limacina","Limacina helicina",50,-145
"6136544425","d161c3e1-fa12-4eb5-8999-cf8e7c9695bb","7102_STNP26_0032_1_90000000000222-6892","Animalia","Mollusca","Gastropoda","Pteropoda","Limacinidae","Limacina","Limacina helicina",50,-145
"6136544424","d161c3e1-fa12-4eb5-8999-cf8e7c9695bb","7502_STNP26_0029_1_90000000000222-16993","Animalia","Mollusca","Gastropoda","Pteropoda","Limacinidae","Limacina","Limacina helicina",50,-145
"6136544406","d161c3e1-fa12-4eb5-8999-cf8e7c9695bb","7805_STNP26_0035_1_90000000000222-25947","Animalia","Mollusca","Gastropoda","Pteropoda","Limacinidae","Limacina","Limacina helicina",50,-145
"6136544396","d161c3e1-fa12-4eb5-8999-cf8e7c9695bb","7804_STNP26_0033_1_90000000000222-24071","Animalia","Mollusca","Gastropoda","Pteropoda","Limacinidae","Limacina","Limacina helicina",50,-145
"6136544374","d161c3e1-fa12-4eb5-8999-cf8e7c9695bb","7803_STNP26_0023_1_90000000000222-23136","Animalia","Mollusca","Gastropoda","Pteropoda","Limacinidae","Limacina","Limacina helicina",50,-145
"6136544351","d161c3e1-fa12-4eb5-8999-cf8e7c9695bb","6901_STNP26_0001_1_90000000000222-2423","Animalia","Mollusca","Gastropoda","Pteropoda","Limacinidae","Limacina","Limacina helicina",50,-145
"6136544321","d161c3e1-fa12-4eb5-8999-cf8e7c9695bb","8009_STNP26_0001_1_90000000000222-30599","Animalia","Mollusca","Gastropoda","Pteropoda","Limacinidae","Limacina","Limacina helicina",50,-145
"6136543281","d161c3e1-fa12-4eb5-8999-cf8e7c9695bb","7102_STNP26_0085_1_90000000000222-7078","Animalia","Mollusca","Gastropoda","Pteropoda","Limacinidae","Limacina","Limacina helicina",50,-145
"6136543276","d161c3e1-fa12-4eb5-8999-cf8e7c9695bb","7405_STNP26_0048_1_90000000000222-14766","Animalia","Mollusca","Gastropoda","Pteropoda","Limacinidae","Limacina","Limacina helicina",50,-145
"6136543224","d161c3e1-fa12-4eb5-8999-cf8e7c9695bb","7806_STNP26_0002_1_90000000000222-26004","Animalia","Mollusca","Gastropoda","Pteropoda","Limacinidae","Limacina","Limacina helicina",50,-145
"6136543220","d161c3e1-fa12-4eb5-8999-cf8e7c9695bb","8003_STNP26_0020_1_90000000000222-29430","Animalia","Mollusca","Gastropoda","Pteropoda","Limacinidae","Limacina","Limacina helicina",50,-145
"6136543212","d161c3e1-fa12-4eb5-8999-cf8e7c9695bb","7105_STNP26_0109_1_90000000000222-8494","Animalia","Mollusca","Gastropoda","Pteropoda","Limacinidae","Limacina","Limacina helicina",50,-145
"6136543211","d161c3e1-fa12-4eb5-8999-cf8e7c9695bb","7303_STNP26_0018_1_90000000000222-11609","Animalia","Mollusca","Gastropoda","Pteropoda","Limacinidae","Limacina","Limacina helicina",50,-145
"6136543202","d161c3e1-fa12-4eb5-8999-cf8e7c9695bb","7008_STNP26_0005_1_90000000000222-6578","Animalia","Mollusca","Gastropoda","Pteropoda","Limacinidae","Limacina","Limacina helicina",50,-145
"6136543158","d161c3e1-fa12-4eb5-8999-cf8e7c9695bb","7107_STNP26_0032_1_90000000000222-9129","Animalia","Mollusca","Gastropoda","Pteropoda","Limacinidae","Limacina","Limacina helicina",50,-145
"6136543156","d161c3e1-fa12-4eb5-8999-cf8e7c9695bb","7202_STNP26_0037_1_90000000000222-9696","Animalia","Mollusca","Gastropoda","Pteropoda","Limacinidae","Limacina","Limacina helicina",50,-145
"6136543134","d161c3e1-fa12-4eb5-8999-cf8e7c9695bb","7104_STNP26_0066_1_90000000000222-7942","Animalia","Mollusca","Gastropoda","Pteropoda","Limacinidae","Limacina","Limacina helicina",50,-145
"6136543121","d161c3e1-fa12-4eb5-8999-cf8e7c9695bb","7104_STNP26_0030_1_90000000000222-7692","Animalia","Mollusca","Gastropoda","Pteropoda","Limacinidae","Limacina","Limacina helicina",50,-145
"6136543102","d161c3e1-fa12-4eb5-8999-cf8e7c9695bb","7606_STNP26_0027_1_90000000000222-19926","Animalia","Mollusca","Gastropoda","Pteropoda","Limacinidae","Limacina","Limacina helicina",50,-145
"6136543051","d161c3e1-fa12-4eb5-8999-cf8e7c9695bb","7305_STNP26_0017_1_90000000000222-12415","Animalia","Mollusca","Gastropoda","Pteropoda","Limacinidae","Limacina","Limacina helicina",50,-145
"6136543005","d161c3e1-fa12-4eb5-8999-cf8e7c9695bb","7108_STNP26_0015_1_90000000000222-9181","Animalia","Mollusca","Gastropoda","Pteropoda","Limacinidae","Limacina","Limacina helicina",50,-145
"6136543000","d161c3e1-fa12-4eb5-8999-cf8e7c9695bb","7006_STNP26_0022_1_90000000000222-5909","Animalia","Mollusca","Gastropoda","Pteropoda","Limacinidae","Limacina","Limacina helicina",50,-145
"6136542948","d161c3e1-fa12-4eb5-8999-cf8e7c9695bb","7505_STNP26_0074_1_90000000000222-18091","Animalia","Mollusca","Gastropoda","Pteropoda","Limacinidae","Limacina","Limacina helicina",50,-145
"6136542879","d161c3e1-fa12-4eb5-8999-cf8e7c9695bb","7106_STNP26_0057_1_90000000000222-8902","Animalia","Mollusca","Gastropoda","Pteropoda","Limacinidae","Limacina","Limacina helicina",50,-145
"6136542878","d161c3e1-fa12-4eb5-8999-cf8e7c9695bb","7804_STNP26_0056_1_90000000000222-24708","Animalia","Mollusca","Gastropoda","Pteropoda","Limacinidae","Limacina","Limacina helicina",50,-145
"6136542768","d161c3e1-fa12-4eb5-8999-cf8e7c9695bb","7105_STNP26_0070_1_90000000000222-8334","Animalia","Mollusca","Gastropoda","Pteropoda","Limacinidae","Limacina","Limacina helicina",50,-145
"6136542743","d161c3e1-fa12-4eb5-8999-cf8e7c9695bb","6805_STNP26_0074_1_90000000000222-2183","Animalia","Mollusca","Gastropoda","Pteropoda","Limacinidae","Limacina","Limacina helicina",50,-145
"6136542715","d161c3e1-fa12-4eb5-8999-cf8e7c9695bb","7103_STNP26_0004_1_90000000000222-7254","Animalia","Mollusca","Gastropoda","Pteropoda","Limacinidae","Limacina","Limacina helicina",50,-145
"6136542693","d161c3e1-fa12-4eb5-8999-cf8e7c9695bb","7107_STNP26_0034_1_90000000000222-9144","Animalia","Mollusca","Gastropoda","Pteropoda","Limacinidae","Limacina","Limacina helicina",50,-145
"6136542597","d161c3e1-fa12-4eb5-8999-cf8e7c9695bb","7605_STNP26_0001_1_90000000000222-19190","Animalia","Mollusca","Gastropoda","Pteropoda","Limacinidae","Limacina","Limacina helicina",50,-145
"6136542570","d161c3e1-fa12-4eb5-8999-cf8e7c9695bb","7402_STNP26_0001_1_90000000000222-14380","Animalia","Mollusca","Gastropoda","Pteropoda","Limacinidae","Limacina","Limacina helicina",50,-145
"6136542534","d161c3e1-fa12-4eb5-8999-cf8e7c9695bb","7003_STNP26_0009_1_90000000000222-4089","Animalia","Mollusca","Gastropoda","Pteropoda","Limacinidae","Limacina","Limacina helicina",50,-145
"6136542445","d161c3e1-fa12-4eb5-8999-cf8e7c9695bb","7406_STNP26_0008_1_90000000000222-15023","Animalia","Mollusca","Gastropoda","Pteropoda","Limacinidae","Limacina","Limacina helicina",50,-145
"6136542443","d161c3e1-fa12-4eb5-8999-cf8e7c9695bb","7107_STNP26_0029_1_90000000000222-9116","Animalia","Mollusca","Gastropoda","Pteropoda","Limacinidae","Limacina","Limacina helicina",50,-145
"6136542406","d161c3e1-fa12-4eb5-8999-cf8e7c9695bb","8005_STNP26_0008_1_90000000000222-29782","Animalia","Mollusca","Gastropoda","Pteropoda","Limacinidae","Limacina","Limacina helicina",50,-145
"6136542387","d161c3e1-fa12-4eb5-8999-cf8e7c9695bb","7108_STNP26_0049_1_90000000000222-9290","Animalia","Mollusca","Gastropoda","Pteropoda","Limacinidae","Limacina","Limacina helicina",50,-145
"6136542331","d161c3e1-fa12-4eb5-8999-cf8e7c9695bb","7705_STNP26_0010_1_90000000000222-21368","Animalia","Mollusca","Gastropoda","Pteropoda","Limacinidae","Limacina","Limacina helicina",50,-145
"6136541219","d161c3e1-fa12-4eb5-8999-cf8e7c9695bb","8005_STNP26_0013_1_90000000000222-29865","Animalia","Mollusca","Gastropoda","Pteropoda","Limacinidae","Limacina","Limacina helicina",50,-145
"6136541197","d161c3e1-fa12-4eb5-8999-cf8e7c9695bb","7103_STNP26_0025_1_90000000000222-7418","Animalia","Mollusca","Gastropoda","Pteropoda","Limacinidae","Limacina","Limacina helicina",50,-145
"6136541188","d161c3e1-fa12-4eb5-8999-cf8e7c9695bb","7205_STNP26_0044_1_90000000000222-10672","Animalia","Mollusca","Gastropoda","Pteropoda","Limacinidae","Limacina","Limacina helicina",50,-145
"6136541168","d161c3e1-fa12-4eb5-8999-cf8e7c9695bb","7409_STNP26_0004_1_90000000000222-16382","Animalia","Mollusca","Gastropoda","Pteropoda","Limacinidae","Limacina","Limacina helicina",50,-145
"6136541164","d161c3e1-fa12-4eb5-8999-cf8e7c9695bb","7006_STNP26_0001_1_90000000000222-5420","Animalia","Mollusca","Gastropoda","Pteropoda","Limacinidae","Limacina","Limacina helicina",50,-145
"6136541119","d161c3e1-fa12-4eb5-8999-cf8e7c9695bb","7006_STNP26_0037_1_90000000000222-6273","Animalia","Mollusca","Gastropoda","Pteropoda","Limacinidae","Limacina","Limacina helicina",50,-145
"6136540990","d161c3e1-fa12-4eb5-8999-cf8e7c9695bb","7906_STNP26_0031_1_90000000000222-28399","Animalia","Mollusca","Gastropoda","Pteropoda","Limacinidae","Limacina","Limacina helicina",50,-145
"6136540979","d161c3e1-fa12-4eb5-8999-cf8e7c9695bb","7108_STNP26_0062_1_90000000000222-9318","Animalia","Mollusca","Gastropoda","Pteropoda","Limacinidae","Limacina","Limacina helicina",50,-145
"6136540958","d161c3e1-fa12-4eb5-8999-cf8e7c9695bb","8001_STNP26_0001_1_90000000000222-28977","Animalia","Mollusca","Gastropoda","Pteropoda","Limacinidae","Limacina","Limacina helicina",50,-145
"6136540925","d161c3e1-fa12-4eb5-8999-cf8e7c9695bb","7306_STNP26_0033_1_90000000000222-13826","Animalia","Mollusca","Gastropoda","Pteropoda","Limacinidae","Limacina","Limacina helicina",50,-145
"6136540867","d161c3e1-fa12-4eb5-8999-cf8e7c9695bb","6805_STNP26_0002_1_90000000000222-1909","Animalia","Mollusca","Gastropoda","Pteropoda","Limacinidae","Limacina","Limacina helicina",50,-145
"6136540827","d161c3e1-fa12-4eb5-8999-cf8e7c9695bb","7105_STNP26_0083_1_90000000000222-8381","Animalia","Mollusca","Gastropoda","Pteropoda","Limacinidae","Limacina","Limacina helicina",50,-145
"6136540800","d161c3e1-fa12-4eb5-8999-cf8e7c9695bb","7107_STNP26_0004_1_90000000000222-8948","Animalia","Mollusca","Gastropoda","Pteropoda","Limacinidae","Limacina","Limacina helicina",50,-145
"6136540795","d161c3e1-fa12-4eb5-8999-cf8e7c9695bb","7003_STNP26_0001_1_90000000000222-4023","Animalia","Mollusca","Gastropoda","Pteropoda","Limacinidae","Limacina","Limacina helicina",50,-145
"6136540784","d161c3e1-fa12-4eb5-8999-cf8e7c9695bb","6811_STNP26_0006_1_90000000000222-2403","Animalia","Mollusca","Gastropoda","Pteropoda","Limacinidae","Limacina","Limacina helicina",50,-145
"6136540777","d161c3e1-fa12-4eb5-8999-cf8e7c9695bb","7207_STNP26_0013_1_90000000000222-11357","Animalia","Mollusca","Gastropoda","Pteropoda","Limacinidae","Limacina","Limacina helicina",50,-145
"6136540683","d161c3e1-fa12-4eb5-8999-cf8e7c9695bb","7203_STNP26_0016_1_90000000000222-9844","Animalia","Mollusca","Gastropoda","Pteropoda","Limacinidae","Limacina","Limacina helicina",50,-145
"6136540664","d161c3e1-fa12-4eb5-8999-cf8e7c9695bb","7005_STNP26_0046_1_90000000000222-5130","Animalia","Mollusca","Gastropoda","Pteropoda","Limacinidae","Limacina","Limacina helicina",50,-145
"6136540644","d161c3e1-fa12-4eb5-8999-cf8e7c9695bb","7605_STNP26_0032_1_90000000000222-19489","Animalia","Mollusca","Gastropoda","Pteropoda","Limacinidae","Limacina","Limacina helicina",50,-145
"6136540604","d161c3e1-fa12-4eb5-8999-cf8e7c9695bb","7306_STNP26_0021_1_90000000000222-13559","Animalia","Mollusca","Gastropoda","Pteropoda","Limacinidae","Limacina","Limacina helicina",50,-145
"6136540601","d161c3e1-fa12-4eb5-8999-cf8e7c9695bb","7204_STNP26_0068_1_90000000000222-10311","Animalia","Mollusca","Gastropoda","Pteropoda","Limacinidae","Limacina","Limacina helicina",50,-145
"6136540542","d161c3e1-fa12-4eb5-8999-cf8e7c9695bb","8005_STNP26_0001_1_90000000000222-29705","Animalia","Mollusca","Gastropoda","Pteropoda","Limacinidae","Limacina","Limacina helicina",50,-145
"6136540540","d161c3e1-fa12-4eb5-8999-cf8e7c9695bb","7407_STNP26_0023_1_90000000000222-16240","Animalia","Mollusca","Gastropoda","Pteropoda","Limacinidae","Limacina","Limacina helicina",50,-145
"6136540470","d161c3e1-fa12-4eb5-8999-cf8e7c9695bb","7004_STNP26_0003_1_90000000000222-4438","Animalia","Mollusca","Gastropoda","Pteropoda","Limacinidae","Limacina","Limacina helicina",50,-145
"6136540403","d161c3e1-fa12-4eb5-8999-cf8e7c9695bb","7303_STNP26_0023_1_90000000000222-11729","Animalia","Mollusca","Gastropoda","Pteropoda","Limacinidae","Limacina","Limacina helicina",50,-145
"6136539276","d161c3e1-fa12-4eb5-8999-cf8e7c9695bb","7607_STNP26_0007_1_90000000000222-20038","Animalia","Mollusca","Gastropoda","Pteropoda","Limacinidae","Limacina","Limacina helicina",50,-145
"6136539247","d161c3e1-fa12-4eb5-8999-cf8e7c9695bb","7809_STNP26_0009_1_90000000000222-26804","Animalia","Mollusca","Gastropoda","Pteropoda","Limacinidae","Limacina","Limacina helicina",50,-145
"6136539232","d161c3e1-fa12-4eb5-8999-cf8e7c9695bb","7407_STNP26_0009_1_90000000000222-15897","Animalia","Mollusca","Gastropoda","Pteropoda","Limacinidae","Limacina","Limacina helicina",50,-145
"6136539172","d161c3e1-fa12-4eb5-8999-cf8e7c9695bb","7804_STNP26_0024_1_90000000000222-23873","Animalia","Mollusca","Gastropoda","Pteropoda","Limacinidae","Limacina","Limacina helicina",50,-145
"6136539087","d161c3e1-fa12-4eb5-8999-cf8e7c9695bb","7402_STNP26_0007_1_90000000000222-14463","Animalia","Mollusca","Gastropoda","Pteropoda","Limacinidae","Limacina","Limacina helicina",50,-145
"6136539081","d161c3e1-fa12-4eb5-8999-cf8e7c9695bb","7108_STNP26_0057_1_90000000000222-9304","Animalia","Mollusca","Gastropoda","Pteropoda","Limacinidae","Limacina","Limacina helicina",50,-145
"6136539068","d161c3e1-fa12-4eb5-8999-cf8e7c9695bb","8002_STNP26_0006_1_90000000000222-29118","Animalia","Mollusca","Gastropoda","Pteropoda","Limacinidae","Limacina","Limacina helicina",50,-145
"6136538971","d161c3e1-fa12-4eb5-8999-cf8e7c9695bb","7401_STNP26_0001_1_90000000000222-14335","Animalia","Mollusca","Gastropoda","Pteropoda","Limacinidae","Limacina","Limacina helicina",50,-145
"6136538961","d161c3e1-fa12-4eb5-8999-cf8e7c9695bb","7206_STNP26_0032_1_90000000000222-11254","Animalia","Mollusca","Gastropoda","Pteropoda","Limacinidae","Limacina","Limacina helicina",50,-145
"6136538958","d161c3e1-fa12-4eb5-8999-cf8e7c9695bb","6811_STNP26_0004_1_90000000000222-2381","Animalia","Mollusca","Gastropoda","Pteropoda","Limacinidae","Limacina","Limacina helicina",50,-145
"6136538911","d161c3e1-fa12-4eb5-8999-cf8e7c9695bb","7803_STNP26_0020_1_90000000000222-23060","Animalia","Mollusca","Gastropoda","Pteropoda","Limacinidae","Limacina","Limacina helicina",50,-145
"6136538893","d161c3e1-fa12-4eb5-8999-cf8e7c9695bb","7104_STNP26_0060_1_90000000000222-7892","Animalia","Mollusca","Gastropoda","Pteropoda","Limacinidae","Limacina","Limacina helicina",50,-145
"6136538866","d161c3e1-fa12-4eb5-8999-cf8e7c9695bb","7902_STNP26_0014_1_90000000000222-27110","Animalia","Mollusca","Gastropoda","Pteropoda","Limacinidae","Limacina","Limacina helicina",50,-145
"6136538860","d161c3e1-fa12-4eb5-8999-cf8e7c9695bb","7008_STNP26_0010_1_90000000000222-6665","Animalia","Mollusca","Gastropoda","Pteropoda","Limacinidae","Limacina","Limacina helicina",50,-145
"6136538849","d161c3e1-fa12-4eb5-8999-cf8e7c9695bb","8004_STNP26_0008_1_90000000000222-29586","Animalia","Mollusca","Gastropoda","Pteropoda","Limacinidae","Limacina","Limacina helicina",50,-145
"6136538846","d161c3e1-fa12-4eb5-8999-cf8e7c9695bb","7507_STNP26_0036_1_90000000000222-18294","Animalia","Mollusca","Gastropoda","Pteropoda","Limacinidae","Limacina","Limacina helicina",50,-145
"6136538841","d161c3e1-fa12-4eb5-8999-cf8e7c9695bb","7501_STNP26_0047_1_90000000000222-16870","Animalia","Mollusca","Gastropoda","Pteropoda","Limacinidae","Limacina","Limacina helicina",50,-145
"6136538817","d161c3e1-fa12-4eb5-8999-cf8e7c9695bb","8005_STNP26_0017_1_90000000000222-29925","Animalia","Mollusca","Gastropoda","Pteropoda","Limacinidae","Limacina","Limacina helicina",50,-145
"6136538809","d161c3e1-fa12-4eb5-8999-cf8e7c9695bb","7103_STNP26_0015_1_90000000000222-7337","Animalia","Mollusca","Gastropoda","Pteropoda","Limacinidae","Limacina","Limacina helicina",50,-145
"6136538765","d161c3e1-fa12-4eb5-8999-cf8e7c9695bb","7205_STNP26_0003_1_90000000000222-10561","Animalia","Mollusca","Gastropoda","Pteropoda","Limacinidae","Limacina","Limacina helicina",50,-145
"6136538695","d161c3e1-fa12-4eb5-8999-cf8e7c9695bb","6805_STNP26_0055_1_90000000000222-2104","Animalia","Mollusca","Gastropoda","Pteropoda","Limacinidae","Limacina","Limacina helicina",50,-145
"6136538682","d161c3e1-fa12-4eb5-8999-cf8e7c9695bb","7107_STNP26_0006_1_90000000000222-8963","Animalia","Mollusca","Gastropoda","Pteropoda","Limacinidae","Limacina","Limacina helicina",50,-145
"6136538681","d161c3e1-fa12-4eb5-8999-cf8e7c9695bb","6903_STNP26_0036_1_90000000000222-2715","Animalia","Mollusca","Gastropoda","Pteropoda","Limacinidae","Limacina","Limacina helicina",50,-145
"6136538632","d161c3e1-fa12-4eb5-8999-cf8e7c9695bb","7908_STNP26_0009_1_90000000000222-28761","Animalia","Mollusca","Gastropoda","Pteropoda","Limacinidae","Limacina","Limacina helicina",50,-145
"6136538620","d161c3e1-fa12-4eb5-8999-cf8e7c9695bb","6907_STNP26_0005_1_90000000000222-3550","Animalia","Mollusca","Gastropoda","Pteropoda","Limacinidae","Limacina","Limacina helicina",50,-145
"6136538616","d161c3e1-fa12-4eb5-8999-cf8e7c9695bb","6803_STNP26_0058_1_90000000000222-1772","Animalia","Mollusca","Gastropoda","Pteropoda","Limacinidae","Limacina","Limacina helicina",50,-145
"6136538557","d161c3e1-fa12-4eb5-8999-cf8e7c9695bb","7607_STNP26_0023_1_90000000000222-20143","Animalia","Mollusca","Gastropoda","Pteropoda","Limacinidae","Limacina","Limacina helicina",50,-145
"6136538552","d161c3e1-fa12-4eb5-8999-cf8e7c9695bb","7204_STNP26_0011_1_90000000000222-10114","Animalia","Mollusca","Gastropoda","Pteropoda","Limacinidae","Limacina","Limacina helicina",50,-145
"6136538551","d161c3e1-fa12-4eb5-8999-cf8e7c9695bb","7305_STNP26_0022_1_90000000000222-12487","Animalia","Mollusca","Gastropoda","Pteropoda","Limacinidae","Limacina","Limacina helicina",50,-145
"6136538535","d161c3e1-fa12-4eb5-8999-cf8e7c9695bb","7604_STNP26_0017_1_90000000000222-18953","Animalia","Mollusca","Gastropoda","Pteropoda","Limacinidae","Limacina","Limacina helicina",50,-145
"6136538493","d161c3e1-fa12-4eb5-8999-cf8e7c9695bb","7307_STNP26_0008_1_90000000000222-13947","Animalia","Mollusca","Gastropoda","Pteropoda","Limacinidae","Limacina","Limacina helicina",50,-145
"6136538481","d161c3e1-fa12-4eb5-8999-cf8e7c9695bb","7104_STNP26_0027_1_90000000000222-7678","Animalia","Mollusca","Gastropoda","Pteropoda","Limacinidae","Limacina","Limacina helicina",50,-145
"6136538460","d161c3e1-fa12-4eb5-8999-cf8e7c9695bb","7203_STNP26_0020_1_90000000000222-9874","Animalia","Mollusca","Gastropoda","Pteropoda","Limacinidae","Limacina","Limacina helicina",50,-145
"6136538453","d161c3e1-fa12-4eb5-8999-cf8e7c9695bb","7202_STNP26_0033_1_90000000000222-9663","Animalia","Mollusca","Gastropoda","Pteropoda","Limacinidae","Limacina","Limacina helicina",50,-145
"6136538439","d161c3e1-fa12-4eb5-8999-cf8e7c9695bb","7204_STNP26_0008_1_90000000000222-10101","Animalia","Mollusca","Gastropoda","Pteropoda","Limacinidae","Limacina","Limacina helicina",50,-145
"6136538434","d161c3e1-fa12-4eb5-8999-cf8e7c9695bb","7205_STNP26_0048_1_90000000000222-10702","Animalia","Mollusca","Gastropoda","Pteropoda","Limacinidae","Limacina","Limacina helicina",50,-145
"6136538433","d161c3e1-fa12-4eb5-8999-cf8e7c9695bb","7907_STNP26_0003_1_90000000000222-28489","Animalia","Mollusca","Gastropoda","Pteropoda","Limacinidae","Limacina","Limacina helicina",50,-145
"6136538399","d161c3e1-fa12-4eb5-8999-cf8e7c9695bb","8006_STNP26_0016_1_90000000000222-30166","Animalia","Mollusca","Gastropoda","Pteropoda","Limacinidae","Limacina","Limacina helicina",50,-145
"6136538398","d161c3e1-fa12-4eb5-8999-cf8e7c9695bb","7706_STNP26_0026_1_90000000000222-21750","Animalia","Mollusca","Gastropoda","Pteropoda","Limacinidae","Limacina","Limacina helicina",50,-145
"6136538360","d161c3e1-fa12-4eb5-8999-cf8e7c9695bb","7305_STNP26_0006_1_90000000000222-12179","Animalia","Mollusca","Gastropoda","Pteropoda","Limacinidae","Limacina","Limacina helicina",50,-145
"6136538353","d161c3e1-fa12-4eb5-8999-cf8e7c9695bb","8003_STNP26_0001_1_90000000000222-29239","Animalia","Mollusca","Gastropoda","Pteropoda","Limacinidae","Limacina","Limacina helicina",50,-145
"6136537244","d161c3e1-fa12-4eb5-8999-cf8e7c9695bb","7001_STNP26_0011_1_90000000000222-3908","Animalia","Mollusca","Gastropoda","Pteropoda","Limacinidae","Limacina","Limacina helicina",50,-145
"6136537243","d161c3e1-fa12-4eb5-8999-cf8e7c9695bb","7802_STNP26_0005_1_90000000000222-22535","Animalia","Mollusca","Gastropoda","Pteropoda","Limacinidae","Limacina","Limacina helicina",50,-145
"6136537223","d161c3e1-fa12-4eb5-8999-cf8e7c9695bb","7106_STNP26_0004_1_90000000000222-8578","Animalia","Mollusca","Gastropoda","Pteropoda","Limacinidae","Limacina","Limacina helicina",50,-145
"6136537222","d161c3e1-fa12-4eb5-8999-cf8e7c9695bb","7205_STNP26_0050_1_90000000000222-10719","Animalia","Mollusca","Gastropoda","Pteropoda","Limacinidae","Limacina","Limacina helicina",50,-145
"6136537219","d161c3e1-fa12-4eb5-8999-cf8e7c9695bb","7306_STNP26_0032_1_90000000000222-13799","Animalia","Mollusca","Gastropoda","Pteropoda","Limacinidae","Limacina","Limacina helicina",50,-145
"6136537198","d161c3e1-fa12-4eb5-8999-cf8e7c9695bb","6901_STNP26_0027_1_90000000000222-2586","Animalia","Mollusca","Gastropoda","Pteropoda","Limacinidae","Limacina","Limacina helicina",50,-145
"6136537176","d161c3e1-fa12-4eb5-8999-cf8e7c9695bb","7804_STNP26_0045_1_90000000000222-24387","Animalia","Mollusca","Gastropoda","Pteropoda","Limacinidae","Limacina","Limacina helicina",50,-145
"6136537169","d161c3e1-fa12-4eb5-8999-cf8e7c9695bb","8007_STNP26_0011_1_90000000000222-30372","Animalia","Mollusca","Gastropoda","Pteropoda","Limacinidae","Limacina","Limacina helicina",50,-145
"6136537124","d161c3e1-fa12-4eb5-8999-cf8e7c9695bb","7805_STNP26_0040_1_90000000000222-25972","Animalia","Mollusca","Gastropoda","Pteropoda","Limacinidae","Limacina","Limacina helicina",50,-145
"6136537001","d161c3e1-fa12-4eb5-8999-cf8e7c9695bb","7005_STNP26_0073_1_90000000000222-5378","Animalia","Mollusca","Gastropoda","Pteropoda","Limacinidae","Limacina","Limacina helicina",50,-145
"6136536978","d161c3e1-fa12-4eb5-8999-cf8e7c9695bb","7306_STNP26_0016_1_90000000000222-13437","Animalia","Mollusca","Gastropoda","Pteropoda","Limacinidae","Limacina","Limacina helicina",50,-145
"6136536956","d161c3e1-fa12-4eb5-8999-cf8e7c9695bb","8007_STNP26_0009_1_90000000000222-30338","Animalia","Mollusca","Gastropoda","Pteropoda","Limacinidae","Limacina","Limacina helicina",50,-145
"6136536930","d161c3e1-fa12-4eb5-8999-cf8e7c9695bb","6805_STNP26_0071_1_90000000000222-2150","Animalia","Mollusca","Gastropoda","Pteropoda","Limacinidae","Limacina","Limacina helicina",50,-145
"6136536921","d161c3e1-fa12-4eb5-8999-cf8e7c9695bb","7206_STNP26_0015_1_90000000000222-11060","Animalia","Mollusca","Gastropoda","Pteropoda","Limacinidae","Limacina","Limacina helicina",50,-145
"6136536904","d161c3e1-fa12-4eb5-8999-cf8e7c9695bb","8003_STNP26_0016_1_90000000000222-29394","Animalia","Mollusca","Gastropoda","Pteropoda","Limacinidae","Limacina","Limacina helicina",50,-145
"6136536763","d161c3e1-fa12-4eb5-8999-cf8e7c9695bb","7504_STNP26_0003_1_90000000000222-17450","Animalia","Mollusca","Gastropoda","Pteropoda","Limacinidae","Limacina","Limacina helicina",50,-145
"6136536690","d161c3e1-fa12-4eb5-8999-cf8e7c9695bb","7309_STNP26_0003_1_90000000000222-14191","Animalia","Mollusca","Gastropoda","Pteropoda","Limacinidae","Limacina","Limacina helicina",50,-145
"6136536685","d161c3e1-fa12-4eb5-8999-cf8e7c9695bb","7501_STNP26_0020_1_90000000000222-16660","Animalia","Mollusca","Gastropoda","Pteropoda","Limacinidae","Limacina","Limacina helicina",50,-145
"6136536626","d161c3e1-fa12-4eb5-8999-cf8e7c9695bb","7206_STNP26_0029_1_90000000000222-11221","Animalia","Mollusca","Gastropoda","Pteropoda","Limacinidae","Limacina","Limacina helicina",50,-145
"6136536610","d161c3e1-fa12-4eb5-8999-cf8e7c9695bb","7807_STNP26_0016_1_90000000000222-26379","Animalia","Mollusca","Gastropoda","Pteropoda","Limacinidae","Limacina","Limacina helicina",50,-145
"6136536579","d161c3e1-fa12-4eb5-8999-cf8e7c9695bb","7804_STNP26_0044_1_90000000000222-24356","Animalia","Mollusca","Gastropoda","Pteropoda","Limacinidae","Limacina","Limacina helicina",50,-145
"6136536576","d161c3e1-fa12-4eb5-8999-cf8e7c9695bb","8008_STNP26_0003_1_90000000000222-30454","Animalia","Mollusca","Gastropoda","Pteropoda","Limacinidae","Limacina","Limacina helicina",50,-145
"6136536527","d161c3e1-fa12-4eb5-8999-cf8e7c9695bb","7703_STNP26_0012_1_90000000000222-20760","Animalia","Mollusca","Gastropoda","Pteropoda","Limacinidae","Limacina","Limacina helicina",50,-145
"6136536516","d161c3e1-fa12-4eb5-8999-cf8e7c9695bb","6803_STNP26_0033_1_90000000000222-1645","Animalia","Mollusca","Gastropoda","Pteropoda","Limacinidae","Limacina","Limacina helicina",50,-145
"6136536505","d161c3e1-fa12-4eb5-8999-cf8e7c9695bb","6803_STNP26_0048_1_90000000000222-1751","Animalia","Mollusca","Gastropoda","Pteropoda","Limacinidae","Limacina","Limacina helicina",50,-145
"6136536503","d161c3e1-fa12-4eb5-8999-cf8e7c9695bb","7409_STNP26_0006_1_90000000000222-16395","Animalia","Mollusca","Gastropoda","Pteropoda","Limacinidae","Limacina","Limacina helicina",50,-145
"6136536499","d161c3e1-fa12-4eb5-8999-cf8e7c9695bb","6805_STNP26_0030_1_90000000000222-2014","Animalia","Mollusca","Gastropoda","Pteropoda","Limacinidae","Limacina","Limacina helicina",50,-145
"6136536484","d161c3e1-fa12-4eb5-8999-cf8e7c9695bb","7604_STNP26_0037_1_90000000000222-19122","Animalia","Mollusca","Gastropoda","Pteropoda","Limacinidae","Limacina","Limacina helicina",50,-145
"6136536462","d161c3e1-fa12-4eb5-8999-cf8e7c9695bb","7402_STNP26_0008_1_90000000000222-14489","Animalia","Mollusca","Gastropoda","Pteropoda","Limacinidae","Limacina","Limacina helicina",50,-145
"6136536448","d161c3e1-fa12-4eb5-8999-cf8e7c9695bb","7702_STNP26_0003_1_90000000000222-20602","Animalia","Mollusca","Gastropoda","Pteropoda","Limacinidae","Limacina","Limacina helicina",50,-145
"6136536397","d161c3e1-fa12-4eb5-8999-cf8e7c9695bb","7806_STNP26_0007_1_90000000000222-26065","Animalia","Mollusca","Gastropoda","Pteropoda","Limacinidae","Limacina","Limacina helicina",50,-145
"6136536387","d161c3e1-fa12-4eb5-8999-cf8e7c9695bb","7304_STNP26_0013_1_90000000000222-12071","Animalia","Mollusca","Gastropoda","Pteropoda","Limacinidae","Limacina","Limacina helicina",50,-145
"6136536360","d161c3e1-fa12-4eb5-8999-cf8e7c9695bb","7807_STNP26_0014_1_90000000000222-26351","Animalia","Mollusca","Gastropoda","Pteropoda","Limacinidae","Limacina","Limacina helicina",50,-145
"6136536352","d161c3e1-fa12-4eb5-8999-cf8e7c9695bb","7001_STNP26_0001_1_90000000000222-3809","Animalia","Mollusca","Gastropoda","Pteropoda","Limacinidae","Limacina","Limacina helicina",50,-145
"6136536349","d161c3e1-fa12-4eb5-8999-cf8e7c9695bb","7105_STNP26_0122_1_90000000000222-8543","Animalia","Mollusca","Gastropoda","Pteropoda","Limacinidae","Limacina","Limacina helicina",50,-145
"6136536308","d161c3e1-fa12-4eb5-8999-cf8e7c9695bb","7306_STNP26_0020_1_90000000000222-13532","Animalia","Mollusca","Gastropoda","Pteropoda","Limacinidae","Limacina","Limacina helicina",50,-145
"6136536274","d161c3e1-fa12-4eb5-8999-cf8e7c9695bb","7406_STNP26_0001_1_90000000000222-14865","Animalia","Mollusca","Gastropoda","Pteropoda","Limacinidae","Limacina","Limacina helicina",50,-145
"6136536224","d161c3e1-fa12-4eb5-8999-cf8e7c9695bb","7104_STNP26_0017_1_90000000000222-7599","Animalia","Mollusca","Gastropoda","Pteropoda","Limacinidae","Limacina","Limacina helicina",50,-145
"6136536190","d161c3e1-fa12-4eb5-8999-cf8e7c9695bb","7807_STNP26_0031_1_90000000000222-26550","Animalia","Mollusca","Gastropoda","Pteropoda","Limacinidae","Limacina","Limacina helicina",50,-145
"6136536188","d161c3e1-fa12-4eb5-8999-cf8e7c9695bb","8001_STNP26_0009_1_90000000000222-29058","Animalia","Mollusca","Gastropoda","Pteropoda","Limacinidae","Limacina","Limacina helicina",50,-145
"6136536186","d161c3e1-fa12-4eb5-8999-cf8e7c9695bb","7601_STNP26_0004_1_90000000000222-18540","Animalia","Mollusca","Gastropoda","Pteropoda","Limacinidae","Limacina","Limacina helicina",50,-145
"6136536138","d161c3e1-fa12-4eb5-8999-cf8e7c9695bb","7805_STNP26_0024_1_90000000000222-25906","Animalia","Mollusca","Gastropoda","Pteropoda","Limacinidae","Limacina","Limacina helicina",50,-145
"6136536132","d161c3e1-fa12-4eb5-8999-cf8e7c9695bb","7904_STNP26_0032_1_90000000000222-27865","Animalia","Mollusca","Gastropoda","Pteropoda","Limacinidae","Limacina","Limacina helicina",50,-145
"6136536096","d161c3e1-fa12-4eb5-8999-cf8e7c9695bb","7207_STNP26_0008_1_90000000000222-11336","Animalia","Mollusca","Gastropoda","Pteropoda","Limacinidae","Limacina","Limacina helicina",50,-145
"6136536053","d161c3e1-fa12-4eb5-8999-cf8e7c9695bb","7804_STNP26_0008_1_90000000000222-23417","Animalia","Mollusca","Gastropoda","Pteropoda","Limacinidae","Limacina","Limacina helicina",50,-145
"6136536052","d161c3e1-fa12-4eb5-8999-cf8e7c9695bb","7008_STNP26_0008_1_90000000000222-6643","Animalia","Mollusca","Gastropoda","Pteropoda","Limacinidae","Limacina","Limacina helicina",50,-145
"6136536031","d161c3e1-fa12-4eb5-8999-cf8e7c9695bb","7002_STNP26_0006_1_90000000000222-3957","Animalia","Mollusca","Gastropoda","Pteropoda","Limacinidae","Limacina","Limacina helicina",50,-145
"6136536010","d161c3e1-fa12-4eb5-8999-cf8e7c9695bb","6904_STNP26_0037_1_90000000000222-2988","Animalia","Mollusca","Gastropoda","Pteropoda","Limacinidae","Limacina","Limacina helicina",50,-145
"6136536008","d161c3e1-fa12-4eb5-8999-cf8e7c9695bb","7004_STNP26_0039_1_90000000000222-4615","Animalia","Mollusca","Gastropoda","Pteropoda","Limacinidae","Limacina","Limacina helicina",50,-145
"6136535994","d161c3e1-fa12-4eb5-8999-cf8e7c9695bb","7704_STNP26_0007_1_90000000000222-21037","Animalia","Mollusca","Gastropoda","Pteropoda","Limacinidae","Limacina","Limacina helicina",50,-145
"6136535989","d161c3e1-fa12-4eb5-8999-cf8e7c9695bb","7104_STNP26_0058_1_90000000000222-7877","Animalia","Mollusca","Gastropoda","Pteropoda","Limacinidae","Limacina","Limacina helicina",50,-145
"6136535974","d161c3e1-fa12-4eb5-8999-cf8e7c9695bb","7708_STNP26_0006_1_90000000000222-22120","Animalia","Mollusca","Gastropoda","Pteropoda","Limacinidae","Limacina","Limacina helicina",50,-145
"6136535971","d161c3e1-fa12-4eb5-8999-cf8e7c9695bb","6803_STNP26_0047_1_90000000000222-1740","Animalia","Mollusca","Gastropoda","Pteropoda","Limacinidae","Limacina","Limacina helicina",50,-145
"6136535959","d161c3e1-fa12-4eb5-8999-cf8e7c9695bb","7407_STNP26_0021_1_90000000000222-16192","Animalia","Mollusca","Gastropoda","Pteropoda","Limacinidae","Limacina","Limacina helicina",50,-145
"6136535949","d161c3e1-fa12-4eb5-8999-cf8e7c9695bb","7804_STNP26_0013_1_90000000000222-23554","Animalia","Mollusca","Gastropoda","Pteropoda","Limacinidae","Limacina","Limacina helicina",50,-145
"6136535919","d161c3e1-fa12-4eb5-8999-cf8e7c9695bb","7204_STNP26_0060_1_90000000000222-10281","Animalia","Mollusca","Gastropoda","Pteropoda","Limacinidae","Limacina","Limacina helicina",50,-145
"6136535902","d161c3e1-fa12-4eb5-8999-cf8e7c9695bb","7105_STNP26_0106_1_90000000000222-8480","Animalia","Mollusca","Gastropoda","Pteropoda","Limacinidae","Limacina","Limacina helicina",50,-145
"6136535864","d161c3e1-fa12-4eb5-8999-cf8e7c9695bb","7501_STNP26_0051_1_90000000000222-16892","Animalia","Mollusca","Gastropoda","Pteropoda","Limacinidae","Limacina","Limacina helicina",50,-145
"6136535799","d161c3e1-fa12-4eb5-8999-cf8e7c9695bb","7705_STNP26_0002_1_90000000000222-21292","Animalia","Mollusca","Gastropoda","Pteropoda","Limacinidae","Limacina","Limacina helicina",50,-145
"6136535792","d161c3e1-fa12-4eb5-8999-cf8e7c9695bb","7804_STNP26_0030_1_90000000000222-24003","Animalia","Mollusca","Gastropoda","Pteropoda","Limacinidae","Limacina","Limacina helicina",50,-145
"6136535787","d161c3e1-fa12-4eb5-8999-cf8e7c9695bb","7102_STNP26_0102_1_90000000000222-7150","Animalia","Mollusca","Gastropoda","Pteropoda","Limacinidae","Limacina","Limacina helicina",50,-145
"6136535777","d161c3e1-fa12-4eb5-8999-cf8e7c9695bb","7305_STNP26_0010_1_90000000000222-12255","Animalia","Mollusca","Gastropoda","Pteropoda","Limacinidae","Limacina","Limacina helicina",50,-145
"6136535734","d161c3e1-fa12-4eb5-8999-cf8e7c9695bb","7305_STNP26_0040_1_90000000000222-13071","Animalia","Mollusca","Gastropoda","Pteropoda","Limacinidae","Limacina","Limacina helicina",50,-145
"6136535723","d161c3e1-fa12-4eb5-8999-cf8e7c9695bb","7007_STNP26_0002_1_90000000000222-6449","Animalia","Mollusca","Gastropoda","Pteropoda","Limacinidae","Limacina","Limacina helicina",50,-145
"6136535645","d161c3e1-fa12-4eb5-8999-cf8e7c9695bb","7006_STNP26_0042_1_90000000000222-6394","Animalia","Mollusca","Gastropoda","Pteropoda","Limacinidae","Limacina","Limacina helicina",50,-145
"6136535593","d161c3e1-fa12-4eb5-8999-cf8e7c9695bb","6803_STNP26_0005_1_90000000000222-1427","Animalia","Mollusca","Gastropoda","Pteropoda","Limacinidae","Limacina","Limacina helicina",50,-145
"6136535591","d161c3e1-fa12-4eb5-8999-cf8e7c9695bb","6906_STNP26_0062_1_90000000000222-3475","Animalia","Mollusca","Gastropoda","Pteropoda","Limacinidae","Limacina","Limacina helicina",50,-145
"6136535510","d161c3e1-fa12-4eb5-8999-cf8e7c9695bb","7105_STNP26_0064_1_90000000000222-8301","Animalia","Mollusca","Gastropoda","Pteropoda","Limacinidae","Limacina","Limacina helicina",50,-145
"6136535487","d161c3e1-fa12-4eb5-8999-cf8e7c9695bb","7705_STNP26_0021_1_90000000000222-21450","Animalia","Mollusca","Gastropoda","Pteropoda","Limacinidae","Limacina","Limacina helicina",50,-145
"6136535477","d161c3e1-fa12-4eb5-8999-cf8e7c9695bb","7203_STNP26_0018_1_90000000000222-9858","Animalia","Mollusca","Gastropoda","Pteropoda","Limacinidae","Limacina","Limacina helicina",50,-145
"6136535448","d161c3e1-fa12-4eb5-8999-cf8e7c9695bb","7906_STNP26_0036_1_90000000000222-28451","Animalia","Mollusca","Gastropoda","Pteropoda","Limacinidae","Limacina","Limacina helicina",50,-145
"6136535397","d161c3e1-fa12-4eb5-8999-cf8e7c9695bb","7005_STNP26_0032_1_90000000000222-4928","Animalia","Mollusca","Gastropoda","Pteropoda","Limacinidae","Limacina","Limacina helicina",50,-145
"6136535344","d161c3e1-fa12-4eb5-8999-cf8e7c9695bb","6904_STNP26_0007_1_90000000000222-2909","Animalia","Mollusca","Gastropoda","Pteropoda","Limacinidae","Limacina","Limacina helicina",50,-145
"6136535321","d161c3e1-fa12-4eb5-8999-cf8e7c9695bb","7803_STNP26_0012_1_90000000000222-22851","Animalia","Mollusca","Gastropoda","Pteropoda","Limacinidae","Limacina","Limacina helicina",50,-145
"6136535310","d161c3e1-fa12-4eb5-8999-cf8e7c9695bb","7009_STNP26_0011_1_90000000000222-6785","Animalia","Mollusca","Gastropoda","Pteropoda","Limacinidae","Limacina","Limacina helicina",50,-145
"6136534286","d161c3e1-fa12-4eb5-8999-cf8e7c9695bb","7509_STNP26_0006_1_90000000000222-18466","Animalia","Mollusca","Gastropoda","Pteropoda","Limacinidae","Limacina","Limacina helicina",50,-145
"6136534284","d161c3e1-fa12-4eb5-8999-cf8e7c9695bb","7305_STNP26_0034_1_90000000000222-12868","Animalia","Mollusca","Gastropoda","Pteropoda","Limacinidae","Limacina","Limacina helicina",50,-145
"6136534199","d161c3e1-fa12-4eb5-8999-cf8e7c9695bb","8004_STNP26_0006_1_90000000000222-29547","Animalia","Mollusca","Gastropoda","Pteropoda","Limacinidae","Limacina","Limacina helicina",50,-145
"6136534188","d161c3e1-fa12-4eb5-8999-cf8e7c9695bb","7206_STNP26_0034_1_90000000000222-11282","Animalia","Mollusca","Gastropoda","Pteropoda","Limacinidae","Limacina","Limacina helicina",50,-145
"6136534114","d161c3e1-fa12-4eb5-8999-cf8e7c9695bb","7102_STNP26_0069_1_90000000000222-7024","Animalia","Mollusca","Gastropoda","Pteropoda","Limacinidae","Limacina","Limacina helicina",50,-145
"6136534073","d161c3e1-fa12-4eb5-8999-cf8e7c9695bb","8005_STNP26_0015_1_90000000000222-29897","Animalia","Mollusca","Gastropoda","Pteropoda","Limacinidae","Limacina","Limacina helicina",50,-145
"6136534031","d161c3e1-fa12-4eb5-8999-cf8e7c9695bb","7504_STNP26_0022_1_90000000000222-17607","Animalia","Mollusca","Gastropoda","Pteropoda","Limacinidae","Limacina","Limacina helicina",50,-145
"6136534013","d161c3e1-fa12-4eb5-8999-cf8e7c9695bb","7502_STNP26_0025_1_90000000000222-16960","Animalia","Mollusca","Gastropoda","Pteropoda","Limacinidae","Limacina","Limacina helicina",50,-145
"6136533999","d161c3e1-fa12-4eb5-8999-cf8e7c9695bb","7202_STNP26_0017_1_90000000000222-9529","Animalia","Mollusca","Gastropoda","Pteropoda","Limacinidae","Limacina","Limacina helicina",50,-145
"6136533958","d161c3e1-fa12-4eb5-8999-cf8e7c9695bb","7605_STNP26_0046_1_90000000000222-19590","Animalia","Mollusca","Gastropoda","Pteropoda","Limacinidae","Limacina","Limacina helicina",50,-145
"6136533950","d161c3e1-fa12-4eb5-8999-cf8e7c9695bb","7501_STNP26_0016_1_90000000000222-16643","Animalia","Mollusca","Gastropoda","Pteropoda","Limacinidae","Limacina","Limacina helicina",50,-145
"6136533905","d161c3e1-fa12-4eb5-8999-cf8e7c9695bb","7304_STNP26_0005_1_90000000000222-11885","Animalia","Mollusca","Gastropoda","Pteropoda","Limacinidae","Limacina","Limacina helicina",50,-145
"6136533870","d161c3e1-fa12-4eb5-8999-cf8e7c9695bb","7309_STNP26_0017_1_90000000000222-14310","Animalia","Mollusca","Gastropoda","Pteropoda","Limacinidae","Limacina","Limacina helicina",50,-145
"6136533846","d161c3e1-fa12-4eb5-8999-cf8e7c9695bb","7804_STNP26_0104_1_90000000000222-25526","Animalia","Mollusca","Gastropoda","Pteropoda","Limacinidae","Limacina","Limacina helicina",50,-145
"6136533802","d161c3e1-fa12-4eb5-8999-cf8e7c9695bb","7307_STNP26_0006_1_90000000000222-13927","Animalia","Mollusca","Gastropoda","Pteropoda","Limacinidae","Limacina","Limacina helicina",50,-145
"6136533799","d161c3e1-fa12-4eb5-8999-cf8e7c9695bb","7206_STNP26_0007_1_90000000000222-10978","Animalia","Mollusca","Gastropoda","Pteropoda","Limacinidae","Limacina","Limacina helicina",50,-145
"6136533781","d161c3e1-fa12-4eb5-8999-cf8e7c9695bb","7908_STNP26_0012_1_90000000000222-28826","Animalia","Mollusca","Gastropoda","Pteropoda","Limacinidae","Limacina","Limacina helicina",50,-145
"6136533753","d161c3e1-fa12-4eb5-8999-cf8e7c9695bb","7405_STNP26_0008_1_90000000000222-14557","Animalia","Mollusca","Gastropoda","Pteropoda","Limacinidae","Limacina","Limacina helicina",50,-145
"6136533693","d161c3e1-fa12-4eb5-8999-cf8e7c9695bb","7105_STNP26_0059_1_90000000000222-8286","Animalia","Mollusca","Gastropoda","Pteropoda","Limacinidae","Limacina","Limacina helicina",50,-145
"6136533685","d161c3e1-fa12-4eb5-8999-cf8e7c9695bb","7004_STNP26_0009_1_90000000000222-4480","Animalia","Mollusca","Gastropoda","Pteropoda","Limacinidae","Limacina","Limacina helicina",50,-145
"6136533657","d161c3e1-fa12-4eb5-8999-cf8e7c9695bb","7306_STNP26_0001_1_90000000000222-13131","Animalia","Mollusca","Gastropoda","Pteropoda","Limacinidae","Limacina","Limacina helicina",50,-145
"6136533655","d161c3e1-fa12-4eb5-8999-cf8e7c9695bb","7809_STNP26_0001_1_90000000000222-26712","Animalia","Mollusca","Gastropoda","Pteropoda","Limacinidae","Limacina","Limacina helicina",50,-145
"6136533613","d161c3e1-fa12-4eb5-8999-cf8e7c9695bb","7107_STNP26_0014_1_90000000000222-9034","Animalia","Mollusca","Gastropoda","Pteropoda","Limacinidae","Limacina","Limacina helicina",50,-145
"6136533600","d161c3e1-fa12-4eb5-8999-cf8e7c9695bb","7005_STNP26_0057_1_90000000000222-5261","Animalia","Mollusca","Gastropoda","Pteropoda","Limacinidae","Limacina","Limacina helicina",50,-145
"6136533581","d161c3e1-fa12-4eb5-8999-cf8e7c9695bb","7503_STNP26_0042_1_90000000000222-17354","Animalia","Mollusca","Gastropoda","Pteropoda","Limacinidae","Limacina","Limacina helicina",50,-145
"6136533573","d161c3e1-fa12-4eb5-8999-cf8e7c9695bb","7205_STNP26_0046_1_90000000000222-10687","Animalia","Mollusca","Gastropoda","Pteropoda","Limacinidae","Limacina","Limacina helicina",50,-145
"6136533566","d161c3e1-fa12-4eb5-8999-cf8e7c9695bb","7103_STNP26_0031_1_90000000000222-7467","Animalia","Mollusca","Gastropoda","Pteropoda","Limacinidae","Limacina","Limacina helicina",50,-145
"6136533560","d161c3e1-fa12-4eb5-8999-cf8e7c9695bb","7009_STNP26_0006_1_90000000000222-6758","Animalia","Mollusca","Gastropoda","Pteropoda","Limacinidae","Limacina","Limacina helicina",50,-145
"6136533551","d161c3e1-fa12-4eb5-8999-cf8e7c9695bb","6809_STNP26_0004_1_90000000000222-2232","Animalia","Mollusca","Gastropoda","Pteropoda","Limacinidae","Limacina","Limacina helicina",50,-145
"6136533515","d161c3e1-fa12-4eb5-8999-cf8e7c9695bb","7804_STNP26_0095_1_90000000000222-25227","Animalia","Mollusca","Gastropoda","Pteropoda","Limacinidae","Limacina","Limacina helicina",50,-145
"6136533497","d161c3e1-fa12-4eb5-8999-cf8e7c9695bb","6803_STNP26_0017_1_90000000000222-1497","Animalia","Mollusca","Gastropoda","Pteropoda","Limacinidae","Limacina","Limacina helicina",50,-145
"6136533485","d161c3e1-fa12-4eb5-8999-cf8e7c9695bb","6805_STNP26_0072_1_90000000000222-2162","Animalia","Mollusca","Gastropoda","Pteropoda","Limacinidae","Limacina","Limacina helicina",50,-145
"6136533451","d161c3e1-fa12-4eb5-8999-cf8e7c9695bb","7602_STNP26_0001_1_90000000000222-18666","Animalia","Mollusca","Gastropoda","Pteropoda","Limacinidae","Limacina","Limacina helicina",50,-145
"6136533435","d161c3e1-fa12-4eb5-8999-cf8e7c9695bb","7804_STNP26_0010_1_90000000000222-23474","Animalia","Mollusca","Gastropoda","Pteropoda","Limacinidae","Limacina","Limacina helicina",50,-145
"6136533317","d161c3e1-fa12-4eb5-8999-cf8e7c9695bb","7006_STNP26_0026_1_90000000000222-6010","Animalia","Mollusca","Gastropoda","Pteropoda","Limacinidae","Limacina","Limacina helicina",50,-145
"6136533309","d161c3e1-fa12-4eb5-8999-cf8e7c9695bb","7804_STNP26_0101_1_90000000000222-25431","Animalia","Mollusca","Gastropoda","Pteropoda","Limacinidae","Limacina","Limacina helicina",50,-145
"6136532269","d161c3e1-fa12-4eb5-8999-cf8e7c9695bb","7503_STNP26_0008_1_90000000000222-17051","Animalia","Mollusca","Gastropoda","Pteropoda","Limacinidae","Limacina","Limacina helicina",50,-145
"6136532267","d161c3e1-fa12-4eb5-8999-cf8e7c9695bb","7306_STNP26_0004_1_90000000000222-13211","Animalia","Mollusca","Gastropoda","Pteropoda","Limacinidae","Limacina","Limacina helicina",50,-145
"6136532259","d161c3e1-fa12-4eb5-8999-cf8e7c9695bb","7407_STNP26_0019_1_90000000000222-16143","Animalia","Mollusca","Gastropoda","Pteropoda","Limacinidae","Limacina","Limacina helicina",50,-145
"6136532166","d161c3e1-fa12-4eb5-8999-cf8e7c9695bb","6809_STNP26_0018_1_90000000000222-2344","Animalia","Mollusca","Gastropoda","Pteropoda","Limacinidae","Limacina","Limacina helicina",50,-145
"6136532144","d161c3e1-fa12-4eb5-8999-cf8e7c9695bb","7804_STNP26_0022_1_90000000000222-23816","Animalia","Mollusca","Gastropoda","Pteropoda","Limacinidae","Limacina","Limacina helicina",50,-145
"6136532087","d161c3e1-fa12-4eb5-8999-cf8e7c9695bb","7306_STNP26_0006_1_90000000000222-13270","Animalia","Mollusca","Gastropoda","Pteropoda","Limacinidae","Limacina","Limacina helicina",50,-145
"6136532069","d161c3e1-fa12-4eb5-8999-cf8e7c9695bb","7309_STNP26_0015_1_90000000000222-14255","Animalia","Mollusca","Gastropoda","Pteropoda","Limacinidae","Limacina","Limacina helicina",50,-145
"6136532068","d161c3e1-fa12-4eb5-8999-cf8e7c9695bb","7303_STNP26_0020_1_90000000000222-11666","Animalia","Mollusca","Gastropoda","Pteropoda","Limacinidae","Limacina","Limacina helicina",50,-145
"6136532057","d161c3e1-fa12-4eb5-8999-cf8e7c9695bb","7309_STNP26_0001_1_90000000000222-14141","Animalia","Mollusca","Gastropoda","Pteropoda","Limacinidae","Limacina","Limacina helicina",50,-145
"6136531973","d161c3e1-fa12-4eb5-8999-cf8e7c9695bb","8008_STNP26_0001_1_90000000000222-30426","Animalia","Mollusca","Gastropoda","Pteropoda","Limacinidae","Limacina","Limacina helicina",50,-145
"6136531879","d161c3e1-fa12-4eb5-8999-cf8e7c9695bb","8004_STNP26_0013_1_90000000000222-29658","Animalia","Mollusca","Gastropoda","Pteropoda","Limacinidae","Limacina","Limacina helicina",50,-145
"6136531832","d161c3e1-fa12-4eb5-8999-cf8e7c9695bb","7806_STNP26_0017_1_90000000000222-26142","Animalia","Mollusca","Gastropoda","Pteropoda","Limacinidae","Limacina","Limacina helicina",50,-145
"6136531827","d161c3e1-fa12-4eb5-8999-cf8e7c9695bb","7206_STNP26_0013_1_90000000000222-11030","Animalia","Mollusca","Gastropoda","Pteropoda","Limacinidae","Limacina","Limacina helicina",50,-145
"6136531825","d161c3e1-fa12-4eb5-8999-cf8e7c9695bb","7105_STNP26_0030_1_90000000000222-8137","Animalia","Mollusca","Gastropoda","Pteropoda","Limacinidae","Limacina","Limacina helicina",50,-145
"6136531820","d161c3e1-fa12-4eb5-8999-cf8e7c9695bb","7203_STNP26_0015_1_90000000000222-9828","Animalia","Mollusca","Gastropoda","Pteropoda","Limacinidae","Limacina","Limacina helicina",50,-145
"6136531741","d161c3e1-fa12-4eb5-8999-cf8e7c9695bb","7804_STNP26_0106_1_90000000000222-25572","Animalia","Mollusca","Gastropoda","Pteropoda","Limacinidae","Limacina","Limacina helicina",50,-145
"6136531740","d161c3e1-fa12-4eb5-8999-cf8e7c9695bb","7206_STNP26_0027_1_90000000000222-11198","Animalia","Mollusca","Gastropoda","Pteropoda","Limacinidae","Limacina","Limacina helicina",50,-145
"6136531726","d161c3e1-fa12-4eb5-8999-cf8e7c9695bb","7005_STNP26_0053_1_90000000000222-5206","Animalia","Mollusca","Gastropoda","Pteropoda","Limacinidae","Limacina","Limacina helicina",50,-145
"6136531651","d161c3e1-fa12-4eb5-8999-cf8e7c9695bb","7204_STNP26_0089_1_90000000000222-10409","Animalia","Mollusca","Gastropoda","Pteropoda","Limacinidae","Limacina","Limacina helicina",50,-145
"6136531646","d161c3e1-fa12-4eb5-8999-cf8e7c9695bb","7808_STNP26_0004_1_90000000000222-26634","Animalia","Mollusca","Gastropoda","Pteropoda","Limacinidae","Limacina","Limacina helicina",50,-145
"6136531602","d161c3e1-fa12-4eb5-8999-cf8e7c9695bb","8007_STNP26_0006_1_90000000000222-30283","Animalia","Mollusca","Gastropoda","Pteropoda","Limacinidae","Limacina","Limacina helicina",50,-145
"6136531577","d161c3e1-fa12-4eb5-8999-cf8e7c9695bb","7103_STNP26_0029_1_90000000000222-7452","Animalia","Mollusca","Gastropoda","Pteropoda","Limacinidae","Limacina","Limacina helicina",50,-145
"6136531537","d161c3e1-fa12-4eb5-8999-cf8e7c9695bb","7203_STNP26_0007_1_90000000000222-9767","Animalia","Mollusca","Gastropoda","Pteropoda","Limacinidae","Limacina","Limacina helicina",50,-145
"6136531520","d161c3e1-fa12-4eb5-8999-cf8e7c9695bb","7006_STNP26_0005_1_90000000000222-5467","Animalia","Mollusca","Gastropoda","Pteropoda","Limacinidae","Limacina","Limacina helicina",50,-145
"6136531513","d161c3e1-fa12-4eb5-8999-cf8e7c9695bb","7204_STNP26_0084_1_90000000000222-10383","Animalia","Mollusca","Gastropoda","Pteropoda","Limacinidae","Limacina","Limacina helicina",50,-145
"6136531507","d161c3e1-fa12-4eb5-8999-cf8e7c9695bb","7503_STNP26_0044_1_90000000000222-17412","Animalia","Mollusca","Gastropoda","Pteropoda","Limacinidae","Limacina","Limacina helicina",50,-145
"6136531391","d161c3e1-fa12-4eb5-8999-cf8e7c9695bb","6908_STNP26_0001_1_90000000000222-3579","Animalia","Mollusca","Gastropoda","Pteropoda","Limacinidae","Limacina","Limacina helicina",50,-145
"6136531379","d161c3e1-fa12-4eb5-8999-cf8e7c9695bb","6903_STNP26_0058_1_90000000000222-2753","Animalia","Mollusca","Gastropoda","Pteropoda","Limacinidae","Limacina","Limacina helicina",50,-145
"6136531372","d161c3e1-fa12-4eb5-8999-cf8e7c9695bb","7203_STNP26_0044_1_90000000000222-10042","Animalia","Mollusca","Gastropoda","Pteropoda","Limacinidae","Limacina","Limacina helicina",50,-145
"6136531369","d161c3e1-fa12-4eb5-8999-cf8e7c9695bb","7804_STNP26_0137_1_90000000000222-25771","Animalia","Mollusca","Gastropoda","Pteropoda","Limacinidae","Limacina","Limacina helicina",50,-145
"6136531333","d161c3e1-fa12-4eb5-8999-cf8e7c9695bb","7502_STNP26_0015_1_90000000000222-16909","Animalia","Mollusca","Gastropoda","Pteropoda","Limacinidae","Limacina","Limacina helicina",50,-145
"6136530224","d161c3e1-fa12-4eb5-8999-cf8e7c9695bb","8008_STNP26_0006_1_90000000000222-30509","Animalia","Mollusca","Gastropoda","Pteropoda","Limacinidae","Limacina","Limacina helicina",50,-145
"6136530217","d161c3e1-fa12-4eb5-8999-cf8e7c9695bb","7705_STNP26_0014_1_90000000000222-21409","Animalia","Mollusca","Gastropoda","Pteropoda","Limacinidae","Limacina","Limacina helicina",50,-145
"6136530216","d161c3e1-fa12-4eb5-8999-cf8e7c9695bb","7202_STNP26_0013_1_90000000000222-9498","Animalia","Mollusca","Gastropoda","Pteropoda","Limacinidae","Limacina","Limacina helicina",50,-145
"6136530165","d161c3e1-fa12-4eb5-8999-cf8e7c9695bb","6903_STNP26_0001_1_90000000000222-2653","Animalia","Mollusca","Gastropoda","Pteropoda","Limacinidae","Limacina","Limacina helicina",50,-145
"6136530153","d161c3e1-fa12-4eb5-8999-cf8e7c9695bb","8002_STNP26_0004_1_90000000000222-29096","Animalia","Mollusca","Gastropoda","Pteropoda","Limacinidae","Limacina","Limacina helicina",50,-145
"6136530084","d161c3e1-fa12-4eb5-8999-cf8e7c9695bb","7407_STNP26_0011_1_90000000000222-15941","Animalia","Mollusca","Gastropoda","Pteropoda","Limacinidae","Limacina","Limacina helicina",50,-145
"6136530066","d161c3e1-fa12-4eb5-8999-cf8e7c9695bb","6805_STNP26_0060_1_90000000000222-2132","Animalia","Mollusca","Gastropoda","Pteropoda","Limacinidae","Limacina","Limacina helicina",50,-145
"6136529969","d161c3e1-fa12-4eb5-8999-cf8e7c9695bb","7307_STNP26_0013_1_90000000000222-13993","Animalia","Mollusca","Gastropoda","Pteropoda","Limacinidae","Limacina","Limacina helicina",50,-145
"6136529953","d161c3e1-fa12-4eb5-8999-cf8e7c9695bb","7305_STNP26_0020_1_90000000000222-12438","Animalia","Mollusca","Gastropoda","Pteropoda","Limacinidae","Limacina","Limacina helicina",50,-145
"6136529938","d161c3e1-fa12-4eb5-8999-cf8e7c9695bb","7006_STNP26_0031_1_90000000000222-6129","Animalia","Mollusca","Gastropoda","Pteropoda","Limacinidae","Limacina","Limacina helicina",50,-145
"6136529898","d161c3e1-fa12-4eb5-8999-cf8e7c9695bb","7006_STNP26_0016_1_90000000000222-5743","Animalia","Mollusca","Gastropoda","Pteropoda","Limacinidae","Limacina","Limacina helicina",50,-145
"6136529808","d161c3e1-fa12-4eb5-8999-cf8e7c9695bb","6805_STNP26_0014_1_90000000000222-1960","Animalia","Mollusca","Gastropoda","Pteropoda","Limacinidae","Limacina","Limacina helicina",50,-145
"6136529749","d161c3e1-fa12-4eb5-8999-cf8e7c9695bb","7608_STNP26_0018_1_90000000000222-20300","Animalia","Mollusca","Gastropoda","Pteropoda","Limacinidae","Limacina","Limacina helicina",50,-145
"6136529740","d161c3e1-fa12-4eb5-8999-cf8e7c9695bb","7704_STNP26_0002_1_90000000000222-20950","Animalia","Mollusca","Gastropoda","Pteropoda","Limacinidae","Limacina","Limacina helicina",50,-145
"6136529725","d161c3e1-fa12-4eb5-8999-cf8e7c9695bb","6803_STNP26_0044_1_90000000000222-1707","Animalia","Mollusca","Gastropoda","Pteropoda","Limacinidae","Limacina","Limacina helicina",50,-145
"6136529707","d161c3e1-fa12-4eb5-8999-cf8e7c9695bb","7304_STNP26_0011_1_90000000000222-12018","Animalia","Mollusca","Gastropoda","Pteropoda","Limacinidae","Limacina","Limacina helicina",50,-145
"6136529661","d161c3e1-fa12-4eb5-8999-cf8e7c9695bb","7804_STNP26_0059_1_90000000000222-24801","Animalia","Mollusca","Gastropoda","Pteropoda","Limacinidae","Limacina","Limacina helicina",50,-145
"6136529660","d161c3e1-fa12-4eb5-8999-cf8e7c9695bb","7804_STNP26_0042_1_90000000000222-24304","Animalia","Mollusca","Gastropoda","Pteropoda","Limacinidae","Limacina","Limacina helicina",50,-145
"6136529613","d161c3e1-fa12-4eb5-8999-cf8e7c9695bb","7008_STNP26_0001_1_90000000000222-6526","Animalia","Mollusca","Gastropoda","Pteropoda","Limacinidae","Limacina","Limacina helicina",50,-145
"6136529611","d161c3e1-fa12-4eb5-8999-cf8e7c9695bb","7804_STNP26_0071_1_90000000000222-24985","Animalia","Mollusca","Gastropoda","Pteropoda","Limacinidae","Limacina","Limacina helicina",50,-145
"6136529590","d161c3e1-fa12-4eb5-8999-cf8e7c9695bb","7305_STNP26_0008_1_90000000000222-12217","Animalia","Mollusca","Gastropoda","Pteropoda","Limacinidae","Limacina","Limacina helicina",50,-145
"6136529582","d161c3e1-fa12-4eb5-8999-cf8e7c9695bb","6906_STNP26_0050_1_90000000000222-3455","Animalia","Mollusca","Gastropoda","Pteropoda","Limacinidae","Limacina","Limacina helicina",50,-145
"6136529544","d161c3e1-fa12-4eb5-8999-cf8e7c9695bb","7903_STNP26_0025_1_90000000000222-27458","Animalia","Mollusca","Gastropoda","Pteropoda","Limacinidae","Limacina","Limacina helicina",50,-145
"6136529510","d161c3e1-fa12-4eb5-8999-cf8e7c9695bb","6805_STNP26_0003_1_90000000000222-1919","Animalia","Mollusca","Gastropoda","Pteropoda","Limacinidae","Limacina","Limacina helicina",50,-145
"6136529441","d161c3e1-fa12-4eb5-8999-cf8e7c9695bb","7108_STNP26_0069_1_90000000000222-9346","Animalia","Mollusca","Gastropoda","Pteropoda","Limacinidae","Limacina","Limacina helicina",50,-145
"6136529397","d161c3e1-fa12-4eb5-8999-cf8e7c9695bb","7006_STNP26_0024_1_90000000000222-5963","Animalia","Mollusca","Gastropoda","Pteropoda","Limacinidae","Limacina","Limacina helicina",50,-145
"6136529388","d161c3e1-fa12-4eb5-8999-cf8e7c9695bb","6907_STNP26_0002_1_90000000000222-3518","Animalia","Mollusca","Gastropoda","Pteropoda","Limacinidae","Limacina","Limacina helicina",50,-145
"6136529361","d161c3e1-fa12-4eb5-8999-cf8e7c9695bb","7104_STNP26_0036_1_90000000000222-7730","Animalia","Mollusca","Gastropoda","Pteropoda","Limacinidae","Limacina","Limacina helicina",50,-145
"6136529353","d161c3e1-fa12-4eb5-8999-cf8e7c9695bb","7305_STNP26_0003_1_90000000000222-12136","Animalia","Mollusca","Gastropoda","Pteropoda","Limacinidae","Limacina","Limacina helicina",50,-145
"6136528222","d161c3e1-fa12-4eb5-8999-cf8e7c9695bb","7804_STNP26_0047_1_90000000000222-24436","Animalia","Mollusca","Gastropoda","Pteropoda","Limacinidae","Limacina","Limacina helicina",50,-145
"6136528212","d161c3e1-fa12-4eb5-8999-cf8e7c9695bb","7503_STNP26_0037_1_90000000000222-17273","Animalia","Mollusca","Gastropoda","Pteropoda","Limacinidae","Limacina","Limacina helicina",50,-145
"6136528190","d161c3e1-fa12-4eb5-8999-cf8e7c9695bb","7406_STNP26_0047_1_90000000000222-15689","Animalia","Mollusca","Gastropoda","Pteropoda","Limacinidae","Limacina","Limacina helicina",50,-145
"6136528142","d161c3e1-fa12-4eb5-8999-cf8e7c9695bb","7205_STNP26_0060_1_90000000000222-10766","Animalia","Mollusca","Gastropoda","Pteropoda","Limacinidae","Limacina","Limacina helicina",50,-145
"6136528113","d161c3e1-fa12-4eb5-8999-cf8e7c9695bb","6906_STNP26_0034_1_90000000000222-3353","Animalia","Mollusca","Gastropoda","Pteropoda","Limacinidae","Limacina","Limacina helicina",50,-145
"6136528095","d161c3e1-fa12-4eb5-8999-cf8e7c9695bb","7709_STNP26_0013_1_90000000000222-22243","Animalia","Mollusca","Gastropoda","Pteropoda","Limacinidae","Limacina","Limacina helicina",50,-145
"6136528094","d161c3e1-fa12-4eb5-8999-cf8e7c9695bb","6805_STNP26_0011_1_90000000000222-1929","Animalia","Mollusca","Gastropoda","Pteropoda","Limacinidae","Limacina","Limacina helicina",50,-145
"6136527983","d161c3e1-fa12-4eb5-8999-cf8e7c9695bb","7504_STNP26_0027_1_90000000000222-17646","Animalia","Mollusca","Gastropoda","Pteropoda","Limacinidae","Limacina","Limacina helicina",50,-145
"6136527962","d161c3e1-fa12-4eb5-8999-cf8e7c9695bb","8004_STNP26_0001_1_90000000000222-29484","Animalia","Mollusca","Gastropoda","Pteropoda","Limacinidae","Limacina","Limacina helicina",50,-145
"6136527937","d161c3e1-fa12-4eb5-8999-cf8e7c9695bb","8005_STNP26_0010_1_90000000000222-29810","Animalia","Mollusca","Gastropoda","Pteropoda","Limacinidae","Limacina","Limacina helicina",50,-145
"6136527890","d161c3e1-fa12-4eb5-8999-cf8e7c9695bb","6803_STNP26_0083_1_90000000000222-1884","Animalia","Mollusca","Gastropoda","Pteropoda","Limacinidae","Limacina","Limacina helicina",50,-145
"6136527889","d161c3e1-fa12-4eb5-8999-cf8e7c9695bb","8008_STNP26_0008_1_90000000000222-30543","Animalia","Mollusca","Gastropoda","Pteropoda","Limacinidae","Limacina","Limacina helicina",50,-145
"6136527816","d161c3e1-fa12-4eb5-8999-cf8e7c9695bb","7304_STNP26_0003_1_90000000000222-11834","Animalia","Mollusca","Gastropoda","Pteropoda","Limacinidae","Limacina","Limacina helicina",50,-145
"6136527775","d161c3e1-fa12-4eb5-8999-cf8e7c9695bb","8006_STNP26_0014_1_90000000000222-30115","Animalia","Mollusca","Gastropoda","Pteropoda","Limacinidae","Limacina","Limacina helicina",50,-145
"6136527764","d161c3e1-fa12-4eb5-8999-cf8e7c9695bb","7204_STNP26_0096_1_90000000000222-10437","Animalia","Mollusca","Gastropoda","Pteropoda","Limacinidae","Limacina","Limacina helicina",50,-145
"6136527700","d161c3e1-fa12-4eb5-8999-cf8e7c9695bb","7804_STNP26_0035_1_90000000000222-24116","Animalia","Mollusca","Gastropoda","Pteropoda","Limacinidae","Limacina","Limacina helicina",50,-145
"6136527630","d161c3e1-fa12-4eb5-8999-cf8e7c9695bb","7905_STNP26_0013_1_90000000000222-28007","Animalia","Mollusca","Gastropoda","Pteropoda","Limacinidae","Limacina","Limacina helicina",50,-145
"6136527628","d161c3e1-fa12-4eb5-8999-cf8e7c9695bb","7206_STNP26_0005_1_90000000000222-10959","Animalia","Mollusca","Gastropoda","Pteropoda","Limacinidae","Limacina","Limacina helicina",50,-145
"6136527565","d161c3e1-fa12-4eb5-8999-cf8e7c9695bb","7006_STNP26_0008_1_90000000000222-5572","Animalia","Mollusca","Gastropoda","Pteropoda","Limacinidae","Limacina","Limacina helicina",50,-145
"6136527563","d161c3e1-fa12-4eb5-8999-cf8e7c9695bb","7701_STNP26_0027_1_90000000000222-20570","Animalia","Mollusca","Gastropoda","Pteropoda","Limacinidae","Limacina","Limacina helicina",50,-145
"6136527464","d161c3e1-fa12-4eb5-8999-cf8e7c9695bb","7804_STNP26_0093_1_90000000000222-25164","Animalia","Mollusca","Gastropoda","Pteropoda","Limacinidae","Limacina","Limacina helicina",50,-145
"6136527419","d161c3e1-fa12-4eb5-8999-cf8e7c9695bb","7105_STNP26_0006_1_90000000000222-8010","Animalia","Mollusca","Gastropoda","Pteropoda","Limacinidae","Limacina","Limacina helicina",50,-145
"6136526269","d161c3e1-fa12-4eb5-8999-cf8e7c9695bb","7902_STNP26_0016_1_90000000000222-27139","Animalia","Mollusca","Gastropoda","Pteropoda","Limacinidae","Limacina","Limacina helicina",50,-145
"6136526248","d161c3e1-fa12-4eb5-8999-cf8e7c9695bb","7305_STNP26_0015_1_90000000000222-12369","Animalia","Mollusca","Gastropoda","Pteropoda","Limacinidae","Limacina","Limacina helicina",50,-145
"6136526233","d161c3e1-fa12-4eb5-8999-cf8e7c9695bb","7804_STNP26_0054_1_90000000000222-24646","Animalia","Mollusca","Gastropoda","Pteropoda","Limacinidae","Limacina","Limacina helicina",50,-145
"6136526232","d161c3e1-fa12-4eb5-8999-cf8e7c9695bb","7203_STNP26_0004_1_90000000000222-9752","Animalia","Mollusca","Gastropoda","Pteropoda","Limacinidae","Limacina","Limacina helicina",50,-145
"6136526213","d161c3e1-fa12-4eb5-8999-cf8e7c9695bb","7409_STNP26_0013_1_90000000000222-16443","Animalia","Mollusca","Gastropoda","Pteropoda","Limacinidae","Limacina","Limacina helicina",50,-145
"6136526210","d161c3e1-fa12-4eb5-8999-cf8e7c9695bb","7804_STNP26_0015_1_90000000000222-23610","Animalia","Mollusca","Gastropoda","Pteropoda","Limacinidae","Limacina","Limacina helicina",50,-145
"6136526194","d161c3e1-fa12-4eb5-8999-cf8e7c9695bb","7304_STNP26_0010_1_90000000000222-11990","Animalia","Mollusca","Gastropoda","Pteropoda","Limacinidae","Limacina","Limacina helicina",50,-145
"6136526182","d161c3e1-fa12-4eb5-8999-cf8e7c9695bb","7005_STNP26_0042_1_90000000000222-5064","Animalia","Mollusca","Gastropoda","Pteropoda","Limacinidae","Limacina","Limacina helicina",50,-145
"6136526152","d161c3e1-fa12-4eb5-8999-cf8e7c9695bb","7707_STNP26_0006_1_90000000000222-21826","Animalia","Mollusca","Gastropoda","Pteropoda","Limacinidae","Limacina","Limacina helicina",50,-145
"6136526136","d161c3e1-fa12-4eb5-8999-cf8e7c9695bb","7202_STNP26_0002_1_90000000000222-9431","Animalia","Mollusca","Gastropoda","Pteropoda","Limacinidae","Limacina","Limacina helicina",50,-145
"6136526103","d161c3e1-fa12-4eb5-8999-cf8e7c9695bb","6803_STNP26_0080_1_90000000000222-1812","Animalia","Mollusca","Gastropoda","Pteropoda","Limacinidae","Limacina","Limacina helicina",50,-145
"6136526071","d161c3e1-fa12-4eb5-8999-cf8e7c9695bb","7004_STNP26_0033_1_90000000000222-4573","Animalia","Mollusca","Gastropoda","Pteropoda","Limacinidae","Limacina","Limacina helicina",50,-145
"6136526011","d161c3e1-fa12-4eb5-8999-cf8e7c9695bb","7406_STNP26_0035_1_90000000000222-15486","Animalia","Mollusca","Gastropoda","Pteropoda","Limacinidae","Limacina","Limacina helicina",50,-145
"6136526004","d161c3e1-fa12-4eb5-8999-cf8e7c9695bb","7105_STNP26_0048_1_90000000000222-8234","Animalia","Mollusca","Gastropoda","Pteropoda","Limacinidae","Limacina","Limacina helicina",50,-145
"6136525956","d161c3e1-fa12-4eb5-8999-cf8e7c9695bb","7804_STNP26_0027_1_90000000000222-23939","Animalia","Mollusca","Gastropoda","Pteropoda","Limacinidae","Limacina","Limacina helicina",50,-145
"6136525905","d161c3e1-fa12-4eb5-8999-cf8e7c9695bb","6809_STNP26_0015_1_90000000000222-2320","Animalia","Mollusca","Gastropoda","Pteropoda","Limacinidae","Limacina","Limacina helicina",50,-145
"6136525851","d161c3e1-fa12-4eb5-8999-cf8e7c9695bb","6803_STNP26_0002_1_90000000000222-1367","Animalia","Mollusca","Gastropoda","Pteropoda","Limacinidae","Limacina","Limacina helicina",50,-145
"6136525805","d161c3e1-fa12-4eb5-8999-cf8e7c9695bb","7108_STNP26_0027_1_90000000000222-9226","Animalia","Mollusca","Gastropoda","Pteropoda","Limacinidae","Limacina","Limacina helicina",50,-145
"6136525753","d161c3e1-fa12-4eb5-8999-cf8e7c9695bb","6901_STNP26_0015_1_90000000000222-2453","Animalia","Mollusca","Gastropoda","Pteropoda","Limacinidae","Limacina","Limacina helicina",50,-145
"6136525735","d161c3e1-fa12-4eb5-8999-cf8e7c9695bb","7306_STNP26_0030_1_90000000000222-13754","Animalia","Mollusca","Gastropoda","Pteropoda","Limacinidae","Limacina","Limacina helicina",50,-145
"6136525699","d161c3e1-fa12-4eb5-8999-cf8e7c9695bb","7005_STNP26_0001_1_90000000000222-4656","Animalia","Mollusca","Gastropoda","Pteropoda","Limacinidae","Limacina","Limacina helicina",50,-145
"6136525653","d161c3e1-fa12-4eb5-8999-cf8e7c9695bb","7606_STNP26_0012_1_90000000000222-19787","Animalia","Mollusca","Gastropoda","Pteropoda","Limacinidae","Limacina","Limacina helicina",50,-145
"6136525616","d161c3e1-fa12-4eb5-8999-cf8e7c9695bb","7303_STNP26_0001_1_90000000000222-11502","Animalia","Mollusca","Gastropoda","Pteropoda","Limacinidae","Limacina","Limacina helicina",50,-145
"6136525575","d161c3e1-fa12-4eb5-8999-cf8e7c9695bb","7407_STNP26_0014_1_90000000000222-16028","Animalia","Mollusca","Gastropoda","Pteropoda","Limacinidae","Limacina","Limacina helicina",50,-145
"6136525533","d161c3e1-fa12-4eb5-8999-cf8e7c9695bb","7804_STNP26_0066_1_90000000000222-24861","Animalia","Mollusca","Gastropoda","Pteropoda","Limacinidae","Limacina","Limacina helicina",50,-145
"6136525532","d161c3e1-fa12-4eb5-8999-cf8e7c9695bb","7006_STNP26_0021_1_90000000000222-5881","Animalia","Mollusca","Gastropoda","Pteropoda","Limacinidae","Limacina","Limacina helicina",50,-145
"6136525518","d161c3e1-fa12-4eb5-8999-cf8e7c9695bb","7305_STNP26_0027_1_90000000000222-12627","Animalia","Mollusca","Gastropoda","Pteropoda","Limacinidae","Limacina","Limacina helicina",50,-145
"6136525511","d161c3e1-fa12-4eb5-8999-cf8e7c9695bb","7405_STNP26_0044_1_90000000000222-14716","Animalia","Mollusca","Gastropoda","Pteropoda","Limacinidae","Limacina","Limacina helicina",50,-145
"6136525506","d161c3e1-fa12-4eb5-8999-cf8e7c9695bb","7501_STNP26_0030_1_90000000000222-16735","Animalia","Mollusca","Gastropoda","Pteropoda","Limacinidae","Limacina","Limacina helicina",50,-145
"6136525469","d161c3e1-fa12-4eb5-8999-cf8e7c9695bb","7704_STNP26_0005_1_90000000000222-21006","Animalia","Mollusca","Gastropoda","Pteropoda","Limacinidae","Limacina","Limacina helicina",50,-145
"6136525315","d161c3e1-fa12-4eb5-8999-cf8e7c9695bb","7602_STNP26_0006_1_90000000000222-18717","Animalia","Mollusca","Gastropoda","Pteropoda","Limacinidae","Limacina","Limacina helicina",50,-145
"6136525313","d161c3e1-fa12-4eb5-8999-cf8e7c9695bb","6805_STNP26_0044_1_90000000000222-2060","Animalia","Mollusca","Gastropoda","Pteropoda","Limacinidae","Limacina","Limacina helicina",50,-145
"6136409234","9d7dfa75-2fce-493d-b586-acc2b5eeae6c","0906_STNNP5_3_1_101926_","Animalia","Mollusca","Gastropoda","Pteropoda","Limacinidae","Limacina","Limacina helicina",51.59,-135.56
"6136408331","9d7dfa75-2fce-493d-b586-acc2b5eeae6c","0906_STNNP7a_4_1_7350_","Animalia","Mollusca","Gastropoda","Pteropoda","Limacinidae","Limacina","Limacina helicina",52.84,-143.82
"6136408235","9d7dfa75-2fce-493d-b586-acc2b5eeae6c","0702_STNNP9_9_1_7350_","Animalia","Mollusca","Gastropoda","Pteropoda","Limacinidae","Limacina","Limacina helicina",53.44,-149.55
"6136407976","9d7dfa75-2fce-493d-b586-acc2b5eeae6c","0702_STNNP5_5_1_101926_","Animalia","Mollusca","Gastropoda","Pteropoda","Limacinidae","Limacina","Limacina helicina",51.91,-137.84
"6136407216","9d7dfa75-2fce-493d-b586-acc2b5eeae6c","0702_STNNP3_3_1_101926_","Animalia","Mollusca","Gastropoda","Pteropoda","Limacinidae","Limacina","Limacina helicina",50.64,-131.78
"6136406530","9d7dfa75-2fce-493d-b586-acc2b5eeae6c","0702_STNNP7_7_1_7350_","Animalia","Mollusca","Gastropoda","Pteropoda","Limacinidae","Limacina","Limacina helicina",52.78,-142.24
"6136405820","9d7dfa75-2fce-493d-b586-acc2b5eeae6c","0802_STNNP11_64_1_101926_","Animalia","Mollusca","Gastropoda","Pteropoda","Limacinidae","Limacina","Limacina helicina",53.63,-152.23
"6136405215","9d7dfa75-2fce-493d-b586-acc2b5eeae6c","0702_STNNP10_10_1_101926_","Animalia","Mollusca","Gastropoda","Pteropoda","Limacinidae","Limacina","Limacina helicina",53.6,-152.95
"6136405115","9d7dfa75-2fce-493d-b586-acc2b5eeae6c","0702_STNNP3_3_1_7350_","Animalia","Mollusca","Gastropoda","Pteropoda","Limacinidae","Limacina","Limacina helicina",50.64,-131.78
"6136405001","9d7dfa75-2fce-493d-b586-acc2b5eeae6c","0906_STNNP12a_6_1_101926_","Animalia","Mollusca","Gastropoda","Pteropoda","Limacinidae","Limacina","Limacina helicina",53.68,-159.12
"6136404674","9d7dfa75-2fce-493d-b586-acc2b5eeae6c","0702_STNNP11_11_1_7350_","Animalia","Mollusca","Gastropoda","Pteropoda","Limacinidae","Limacina","Limacina helicina",53.71,-155.24
"6136404663","9d7dfa75-2fce-493d-b586-acc2b5eeae6c","0702_STNNP10_10_1_7350_","Animalia","Mollusca","Gastropoda","Pteropoda","Limacinidae","Limacina","Limacina helicina",53.6,-152.95
"6136404120","9d7dfa75-2fce-493d-b586-acc2b5eeae6c","0802_STNNP5_29_1_101926_","Animalia","Mollusca","Gastropoda","Pteropoda","Limacinidae","Limacina","Limacina helicina",51.61,-135.34
"6136403984","9d7dfa75-2fce-493d-b586-acc2b5eeae6c","0802_STNNP8_46_1_7350_","Animalia","Mollusca","Gastropoda","Pteropoda","Limacinidae","Limacina","Limacina helicina",52.62,-141.52
"6136403863","9d7dfa75-2fce-493d-b586-acc2b5eeae6c","0906_STNNP7a_4_1_101926_","Animalia","Mollusca","Gastropoda","Pteropoda","Limacinidae","Limacina","Limacina helicina",52.84,-143.82
"6136403228","9d7dfa75-2fce-493d-b586-acc2b5eeae6c","0702_STNNP5_5_1_7350_","Animalia","Mollusca","Gastropoda","Pteropoda","Limacinidae","Limacina","Limacina helicina",51.91,-137.84
"6136402857","9d7dfa75-2fce-493d-b586-acc2b5eeae6c","0906_STNNP10_5_1_7350_","Animalia","Mollusca","Gastropoda","Pteropoda","Limacinidae","Limacina","Limacina helicina",53.54,-151.58
"6136402064","9d7dfa75-2fce-493d-b586-acc2b5eeae6c","0906_STNNP3a_2_1_7350_","Animalia","Mollusca","Gastropoda","Pteropoda","Limacinidae","Limacina","Limacina helicina",49.86,-128.76
"6136401732","9d7dfa75-2fce-493d-b586-acc2b5eeae6c","0906_STNNP5_3_1_7350_","Animalia","Mollusca","Gastropoda","Pteropoda","Limacinidae","Limacina","Limacina helicina",51.59,-135.56
"6136400374","9d7dfa75-2fce-493d-b586-acc2b5eeae6c","0802_STNNP5_29_1_7350_","Animalia","Mollusca","Gastropoda","Pteropoda","Limacinidae","Limacina","Limacina helicina",51.61,-135.34
"6136400197","9d7dfa75-2fce-493d-b586-acc2b5eeae6c","0906_STNNP10_5_1_101926_","Animalia","Mollusca","Gastropoda","Pteropoda","Limacinidae","Limacina","Limacina helicina",53.54,-151.58
"6136399422","9d7dfa75-2fce-493d-b586-acc2b5eeae6c","0906_STNNP12a_6_1_7350_","Animalia","Mollusca","Gastropoda","Pteropoda","Limacinidae","Limacina","Limacina helicina",53.68,-159.12
"6136399110","9d7dfa75-2fce-493d-b586-acc2b5eeae6c","0702_STNNP7_7_1_101926_","Animalia","Mollusca","Gastropoda","Pteropoda","Limacinidae","Limacina","Limacina helicina",52.78,-142.24
"6136398968","9d7dfa75-2fce-493d-b586-acc2b5eeae6c","0802_STNNP3_17_1_7350_","Animalia","Mollusca","Gastropoda","Pteropoda","Limacinidae","Limacina","Limacina helicina",50.46,-130.49
"6136398967","9d7dfa75-2fce-493d-b586-acc2b5eeae6c","0802_STNNP11_64_1_7350_","Animalia","Mollusca","Gastropoda","Pteropoda","Limacinidae","Limacina","Limacina helicina",53.63,-152.23
"6136397782","5e618452-d449-4290-a29c-6564b5fb3154","IOS2016005005501:126","Animalia","Mollusca","Gastropoda","Pteropoda","Limacinidae","Limacina","Limacina helicina",49.143,-123.613
"6136397781","5e618452-d449-4290-a29c-6564b5fb3154","IOS2016005005501:127","Animalia","Mollusca","Gastropoda","Pteropoda","Limacinidae","Limacina","Limacina helicina",49.143,-123.613
"6136397628","5e618452-d449-4290-a29c-6564b5fb3154","IOS1998014005801:89","Animalia","Mollusca","Gastropoda","Pteropoda","Limacinidae","Limacina","Limacina helicina",49.466,-124.499
"6136397577","5e618452-d449-4290-a29c-6564b5fb3154","IOS2016007005601:164","Animalia","Mollusca","Gastropoda","Pteropoda","Limacinidae","Limacina","Limacina helicina",49.2,-123.439
"6136397575","5e618452-d449-4290-a29c-6564b5fb3154","IOS2016007005601:165","Animalia","Mollusca","Gastropoda","Pteropoda","Limacinidae","Limacina","Limacina helicina",49.2,-123.439
"6136397330","5e618452-d449-4290-a29c-6564b5fb3154","IOS2017063007201:150","Animalia","Mollusca","Gastropoda","Pteropoda","Limacinidae","Limacina","Limacina helicina",49.25,-123.747
"6136397329","5e618452-d449-4290-a29c-6564b5fb3154","IOS2017063007201:151","Animalia","Mollusca","Gastropoda","Pteropoda","Limacinidae","Limacina","Limacina helicina",49.25,-123.747
"6136397304","5e618452-d449-4290-a29c-6564b5fb3154","PBS2013010005101:98","Animalia","Mollusca","Gastropoda","Pteropoda","Limacinidae","Limacina","Limacina helicina",49.466,-124.499
"6136396511","9d7dfa75-2fce-493d-b586-acc2b5eeae6c","0702_STNNP9_9_1_101926_","Animalia","Mollusca","Gastropoda","Pteropoda","Limacinidae","Limacina","Limacina helicina",53.44,-149.55
"6136396243","5e618452-d449-4290-a29c-6564b5fb3154","IOS2018001009601:107","Animalia","Mollusca","Gastropoda","Pteropoda","Limacinidae","Limacina","Limacina helicina",49.25,-123.751
"6136396203","5e618452-d449-4290-a29c-6564b5fb3154","PBS2017032000101:105","Animalia","Mollusca","Gastropoda","Pteropoda","Limacinidae","Limacina","Limacina helicina",49.342,-123.347
"6136396115","5e618452-d449-4290-a29c-6564b5fb3154","IOS2016010004801:124","Animalia","Mollusca","Gastropoda","Pteropoda","Limacinidae","Limacina","Limacina helicina",49.251,-123.743
"6136396113","5e618452-d449-4290-a29c-6564b5fb3154","IOS2016010004801:125","Animalia","Mollusca","Gastropoda","Pteropoda","Limacinidae","Limacina","Limacina helicina",49.251,-123.743
"6136396047","5e618452-d449-4290-a29c-6564b5fb3154","PBS2009001005901:94","Animalia","Mollusca","Gastropoda","Pteropoda","Limacinidae","Limacina","Limacina helicina",49.017,-123.552
"6136396043","5e618452-d449-4290-a29c-6564b5fb3154","IOS2015022003801:130","Animalia","Mollusca","Gastropoda","Pteropoda","Limacinidae","Limacina","Limacina helicina",49.706,-124.723
"6136396026","5e618452-d449-4290-a29c-6564b5fb3154","IOS2015022003801:129","Animalia","Mollusca","Gastropoda","Pteropoda","Limacinidae","Limacina","Limacina helicina",49.706,-124.723
"6136395995","5e618452-d449-4290-a29c-6564b5fb3154","UBC9999099001301:95","Animalia","Mollusca","Gastropoda","Pteropoda","Limacinidae","Limacina","Limacina helicina",49.25,-123.667
"6136395923","5e618452-d449-4290-a29c-6564b5fb3154","PBS1998057000101:76","Animalia","Mollusca","Gastropoda","Pteropoda","Limacinidae","Limacina","Limacina helicina",49.25,-123.75
"6136395922","5e618452-d449-4290-a29c-6564b5fb3154","PBS1998057000101:77","Animalia","Mollusca","Gastropoda","Pteropoda","Limacinidae","Limacina","Limacina helicina",49.25,-123.75
"6136395766","5e618452-d449-4290-a29c-6564b5fb3154","IOS2017005017301:176","Animalia","Mollusca","Gastropoda","Pteropoda","Limacinidae","Limacina","Limacina helicina",49.505,-124.101
"6136395765","5e618452-d449-4290-a29c-6564b5fb3154","IOS2017005017301:177","Animalia","Mollusca","Gastropoda","Pteropoda","Limacinidae","Limacina","Limacina helicina",49.505,-124.101
"6136395471","5e618452-d449-4290-a29c-6564b5fb3154","PBS2009001002701:70","Animalia","Mollusca","Gastropoda","Pteropoda","Limacinidae","Limacina","Limacina helicina",49.889,-124.638
"6136395082","5e618452-d449-4290-a29c-6564b5fb3154","IOS2015022002701:127","Animalia","Mollusca","Gastropoda","Pteropoda","Limacinidae","Limacina","Limacina helicina",49.055,-123.372
"6136395080","5e618452-d449-4290-a29c-6564b5fb3154","IOS2015022002701:128","Animalia","Mollusca","Gastropoda","Pteropoda","Limacinidae","Limacina","Limacina helicina",49.055,-123.372
"6136395044","5e618452-d449-4290-a29c-6564b5fb3154","IOS2016062020201:113","Animalia","Mollusca","Gastropoda","Pteropoda","Limacinidae","Limacina","Limacina helicina",49.252,-123.752
"6136395043","5e618452-d449-4290-a29c-6564b5fb3154","IOS2016062020201:114","Animalia","Mollusca","Gastropoda","Pteropoda","Limacinidae","Limacina","Limacina helicina",49.252,-123.752
"6136395011","5e618452-d449-4290-a29c-6564b5fb3154","IOS2018029010301:150","Animalia","Mollusca","Gastropoda","Pteropoda","Limacinidae","Limacina","Limacina helicina",49.466,-124.499
"6136395010","5e618452-d449-4290-a29c-6564b5fb3154","IOS2018029010301:151","Animalia","Mollusca","Gastropoda","Pteropoda","Limacinidae","Limacina","Limacina helicina",49.466,-124.499
"6136394950","5e618452-d449-4290-a29c-6564b5fb3154","IOS2017064006501:153","Animalia","Mollusca","Gastropoda","Pteropoda","Limacinidae","Limacina","Limacina helicina",49.506,-124.101
"6136394949","5e618452-d449-4290-a29c-6564b5fb3154","IOS2017064006501:154","Animalia","Mollusca","Gastropoda","Pteropoda","Limacinidae","Limacina","Limacina helicina",49.506,-124.101
"6136394768","5e618452-d449-4290-a29c-6564b5fb3154","IOS2016009000901:143","Animalia","Mollusca","Gastropoda","Pteropoda","Limacinidae","Limacina","Limacina helicina",49.706,-124.729
"6136394680","5e618452-d449-4290-a29c-6564b5fb3154","IOS2016009004601:123","Animalia","Mollusca","Gastropoda","Pteropoda","Limacinidae","Limacina","Limacina helicina",49.465,-124.499
"6136394633","5e618452-d449-4290-a29c-6564b5fb3154","HAK2017097001401:93","Animalia","Mollusca","Gastropoda","Pteropoda","Limacinidae","Limacina","Limacina helicina",50.031,-125.099
"6136394506","5e618452-d449-4290-a29c-6564b5fb3154","PBS2008014035401:99","Animalia","Mollusca","Gastropoda","Pteropoda","Limacinidae","Limacina","Limacina helicina",49.612,-124.566
"6136394502","5e618452-d449-4290-a29c-6564b5fb3154","IOS2015020021501:145","Animalia","Mollusca","Gastropoda","Pteropoda","Limacinidae","Limacina","Limacina helicina",49.202,-123.44
"6136394498","5e618452-d449-4290-a29c-6564b5fb3154","IOS2015020021501:144","Animalia","Mollusca","Gastropoda","Pteropoda","Limacinidae","Limacina","Limacina helicina",49.202,-123.44
"6136394299","5e618452-d449-4290-a29c-6564b5fb3154","IOS2015022017501:126","Animalia","Mollusca","Gastropoda","Pteropoda","Limacinidae","Limacina","Limacina helicina",49.051,-123.378
"6136394298","5e618452-d449-4290-a29c-6564b5fb3154","IOS2015022017501:127","Animalia","Mollusca","Gastropoda","Pteropoda","Limacinidae","Limacina","Limacina helicina",49.051,-123.378
"6136394206","5e618452-d449-4290-a29c-6564b5fb3154","IOS1999016005601:88","Animalia","Mollusca","Gastropoda","Pteropoda","Limacinidae","Limacina","Limacina helicina",49.461,-124.51
"6136394195","5e618452-d449-4290-a29c-6564b5fb3154","IOS2016003002101:139","Animalia","Mollusca","Gastropoda","Pteropoda","Limacinidae","Limacina","Limacina helicina",49.367,-124.092
"6136394001","5e618452-d449-4290-a29c-6564b5fb3154","IOS2013012005701:90","Animalia","Mollusca","Gastropoda","Pteropoda","Limacinidae","Limacina","Limacina helicina",49.249,-123.746
"6136393933","5e618452-d449-4290-a29c-6564b5fb3154","IOS2016047018501:145","Animalia","Mollusca","Gastropoda","Pteropoda","Limacinidae","Limacina","Limacina helicina",49.675,-124.277
"6136393700","5e618452-d449-4290-a29c-6564b5fb3154","IOS2013012004001:146","Animalia","Mollusca","Gastropoda","Pteropoda","Limacinidae","Limacina","Limacina helicina",49.705,-124.723
"6136393696","5e618452-d449-4290-a29c-6564b5fb3154","IOS2013012004001:145","Animalia","Mollusca","Gastropoda","Pteropoda","Limacinidae","Limacina","Limacina helicina",49.705,-124.723
"6136393641","5e618452-d449-4290-a29c-6564b5fb3154","IOS1998001002301:71","Animalia","Mollusca","Gastropoda","Pteropoda","Limacinidae","Limacina","Limacina helicina",49.467,-124.5
"6136393567","5e618452-d449-4290-a29c-6564b5fb3154","IOS2017001012301A:124","Animalia","Mollusca","Gastropoda","Pteropoda","Limacinidae","Limacina","Limacina helicina",49.319,-123.8
"6136393479","5e618452-d449-4290-a29c-6564b5fb3154","IOS2004006002301:76","Animalia","Mollusca","Gastropoda","Pteropoda","Limacinidae","Limacina","Limacina helicina",49.272,-123.748
"6136393362","5e618452-d449-4290-a29c-6564b5fb3154","IOS2017064009801:137","Animalia","Mollusca","Gastropoda","Pteropoda","Limacinidae","Limacina","Limacina helicina",49.669,-124.272
"6136393359","5e618452-d449-4290-a29c-6564b5fb3154","IOS2017064009801:136","Animalia","Mollusca","Gastropoda","Pteropoda","Limacinidae","Limacina","Limacina helicina",49.669,-124.272
"6136393183","5e618452-d449-4290-a29c-6564b5fb3154","IOS2016009011101:144","Animalia","Mollusca","Gastropoda","Pteropoda","Limacinidae","Limacina","Limacina helicina",49.053,-123.371
"6136393182","5e618452-d449-4290-a29c-6564b5fb3154","IOS2016009011101:145","Animalia","Mollusca","Gastropoda","Pteropoda","Limacinidae","Limacina","Limacina helicina",49.053,-123.371
"6136393063","5e618452-d449-4290-a29c-6564b5fb3154","IOS2017005017101:164","Animalia","Mollusca","Gastropoda","Pteropoda","Limacinidae","Limacina","Limacina helicina",49.672,-124.273
"6136393062","5e618452-d449-4290-a29c-6564b5fb3154","IOS2017005017101:165","Animalia","Mollusca","Gastropoda","Pteropoda","Limacinidae","Limacina","Limacina helicina",49.672,-124.273
"6136392754","5e618452-d449-4290-a29c-6564b5fb3154","IOS2016047018701:157","Animalia","Mollusca","Gastropoda","Pteropoda","Limacinidae","Limacina","Limacina helicina",49.504,-124.116
"6136392752","5e618452-d449-4290-a29c-6564b5fb3154","IOS2016047018701:158","Animalia","Mollusca","Gastropoda","Pteropoda","Limacinidae","Limacina","Limacina helicina",49.504,-124.116
"6136392541","5e618452-d449-4290-a29c-6564b5fb3154","IOS2016056004501:117","Animalia","Mollusca","Gastropoda","Pteropoda","Limacinidae","Limacina","Limacina helicina",49.884,-124.996
"6136392540","5e618452-d449-4290-a29c-6564b5fb3154","IOS2016056004501:118","Animalia","Mollusca","Gastropoda","Pteropoda","Limacinidae","Limacina","Limacina helicina",49.884,-124.996
"6136392508","5e618452-d449-4290-a29c-6564b5fb3154","IOS2016007008001:150","Animalia","Mollusca","Gastropoda","Pteropoda","Limacinidae","Limacina","Limacina helicina",49.467,-124.5
"6136392493","5e618452-d449-4290-a29c-6564b5fb3154","IOS2016007008001:149","Animalia","Mollusca","Gastropoda","Pteropoda","Limacinidae","Limacina","Limacina helicina",49.467,-124.5
"6136392420","5e618452-d449-4290-a29c-6564b5fb3154","PBS2009046002001:84","Animalia","Mollusca","Gastropoda","Pteropoda","Limacinidae","Limacina","Limacina helicina",49.84,-124.569
"6136392418","5e618452-d449-4290-a29c-6564b5fb3154","PBS2009046002001:85","Animalia","Mollusca","Gastropoda","Pteropoda","Limacinidae","Limacina","Limacina helicina",49.84,-124.569
"6136392326","5e618452-d449-4290-a29c-6564b5fb3154","HAK2017097002501:114","Animalia","Mollusca","Gastropoda","Pteropoda","Limacinidae","Limacina","Limacina helicina",50.031,-125.099
"6136392246","5e618452-d449-4290-a29c-6564b5fb3154","IOS2015017008201:124","Animalia","Mollusca","Gastropoda","Pteropoda","Limacinidae","Limacina","Limacina helicina",49.882,-124.994
"6136392240","5e618452-d449-4290-a29c-6564b5fb3154","IOS2015017008201:125","Animalia","Mollusca","Gastropoda","Pteropoda","Limacinidae","Limacina","Limacina helicina",49.882,-124.994
"6136392169","5e618452-d449-4290-a29c-6564b5fb3154","IOS2017026002401:158","Animalia","Mollusca","Gastropoda","Pteropoda","Limacinidae","Limacina","Limacina helicina",49.67,-124.274
"6136392158","5e618452-d449-4290-a29c-6564b5fb3154","IOS2017026002401:157","Animalia","Mollusca","Gastropoda","Pteropoda","Limacinidae","Limacina","Limacina helicina",49.67,-124.274
"6136391908","5e618452-d449-4290-a29c-6564b5fb3154","PBS2013043005701:54","Animalia","Mollusca","Gastropoda","Pteropoda","Limacinidae","Limacina","Limacina helicina",49.484,-124.569
"6136391907","5e618452-d449-4290-a29c-6564b5fb3154","PBS2013043005701:55","Animalia","Mollusca","Gastropoda","Pteropoda","Limacinidae","Limacina","Limacina helicina",49.484,-124.569
"6136391837","5e618452-d449-4290-a29c-6564b5fb3154","IOS2017063012201:182","Animalia","Mollusca","Gastropoda","Pteropoda","Limacinidae","Limacina","Limacina helicina",49.67,-124.272
"6136391809","5e618452-d449-4290-a29c-6564b5fb3154","IOS2017063012201:183","Animalia","Mollusca","Gastropoda","Pteropoda","Limacinidae","Limacina","Limacina helicina",49.67,-124.272
"6136391661","5e618452-d449-4290-a29c-6564b5fb3154","PSF2015098004401:65","Animalia","Mollusca","Gastropoda","Pteropoda","Limacinidae","Limacina","Limacina helicina",49.485,-124.605
"6136391376","5e618452-d449-4290-a29c-6564b5fb3154","IOS2016062019801:115","Animalia","Mollusca","Gastropoda","Pteropoda","Limacinidae","Limacina","Limacina helicina",49.505,-124.1
"6136391375","5e618452-d449-4290-a29c-6564b5fb3154","IOS2016062019801:116","Animalia","Mollusca","Gastropoda","Pteropoda","Limacinidae","Limacina","Limacina helicina",49.505,-124.1
"6136391312","5e618452-d449-4290-a29c-6564b5fb3154","IOS2016003001501:123","Animalia","Mollusca","Gastropoda","Pteropoda","Limacinidae","Limacina","Limacina helicina",49.194,-123.441
"6136391195","5e618452-d449-4290-a29c-6564b5fb3154","IOS2001027003001:73","Animalia","Mollusca","Gastropoda","Pteropoda","Limacinidae","Limacina","Limacina helicina",49.694,-124.242
"6136390971","5e618452-d449-4290-a29c-6564b5fb3154","PBS2008012004501:71","Animalia","Mollusca","Gastropoda","Pteropoda","Limacinidae","Limacina","Limacina helicina",48.935,-123.352
"6136390968","5e618452-d449-4290-a29c-6564b5fb3154","PBS2008012004501:72","Animalia","Mollusca","Gastropoda","Pteropoda","Limacinidae","Limacina","Limacina helicina",48.935,-123.352
"6136390953","5e618452-d449-4290-a29c-6564b5fb3154","IOS2015022011801:169","Animalia","Mollusca","Gastropoda","Pteropoda","Limacinidae","Limacina","Limacina helicina",49.706,-124.724
"6136390951","5e618452-d449-4290-a29c-6564b5fb3154","IOS2015022011801:168","Animalia","Mollusca","Gastropoda","Pteropoda","Limacinidae","Limacina","Limacina helicina",49.706,-124.724
"6136390947","5e618452-d449-4290-a29c-6564b5fb3154","IOS2007014005101:90","Animalia","Mollusca","Gastropoda","Pteropoda","Limacinidae","Limacina","Limacina helicina",49.248,-123.737
"6136390883","5e618452-d449-4290-a29c-6564b5fb3154","IOS2006030001101:52","Animalia","Mollusca","Gastropoda","Pteropoda","Limacinidae","Limacina","Limacina helicina",49.25,-123.702
"6136390846","5e618452-d449-4290-a29c-6564b5fb3154","HAK2017097000701:72","Animalia","Mollusca","Gastropoda","Pteropoda","Limacinidae","Limacina","Limacina helicina",50.031,-125.099
"6136390840","5e618452-d449-4290-a29c-6564b5fb3154","IOS2016009013301:158","Animalia","Mollusca","Gastropoda","Pteropoda","Limacinidae","Limacina","Limacina helicina",49.707,-124.721
"6136390839","5e618452-d449-4290-a29c-6564b5fb3154","IOS2016009013301:159","Animalia","Mollusca","Gastropoda","Pteropoda","Limacinidae","Limacina","Limacina helicina",49.707,-124.721
"6136390751","5e618452-d449-4290-a29c-6564b5fb3154","IOS2014060003501:104","Animalia","Mollusca","Gastropoda","Pteropoda","Limacinidae","Limacina","Limacina helicina",49.055,-123.37
"6136390750","5e618452-d449-4290-a29c-6564b5fb3154","IOS2014060003501:105","Animalia","Mollusca","Gastropoda","Pteropoda","Limacinidae","Limacina","Limacina helicina",49.055,-123.37
"6136390725","5e618452-d449-4290-a29c-6564b5fb3154","PBS1998052000201:84","Animalia","Mollusca","Gastropoda","Pteropoda","Limacinidae","Limacina","Limacina helicina",49.25,-123.75
"6136390580","5e618452-d449-4290-a29c-6564b5fb3154","IOS2015017006501:157","Animalia","Mollusca","Gastropoda","Pteropoda","Limacinidae","Limacina","Limacina helicina",49.366,-124.085
"6136390579","5e618452-d449-4290-a29c-6564b5fb3154","IOS2015017006501:158","Animalia","Mollusca","Gastropoda","Pteropoda","Limacinidae","Limacina","Limacina helicina",49.366,-124.085
"6136390333","5e618452-d449-4290-a29c-6564b5fb3154","PBS2009046005401:69","Animalia","Mollusca","Gastropoda","Pteropoda","Limacinidae","Limacina","Limacina helicina",49.021,-123.286
"6136390276","5e618452-d449-4290-a29c-6564b5fb3154","IOS2017007018701:122","Animalia","Mollusca","Gastropoda","Pteropoda","Limacinidae","Limacina","Limacina helicina",49.708,-124.723
"6136390275","5e618452-d449-4290-a29c-6564b5fb3154","IOS2017007018701:123","Animalia","Mollusca","Gastropoda","Pteropoda","Limacinidae","Limacina","Limacina helicina",49.708,-124.723
"6136390270","5e618452-d449-4290-a29c-6564b5fb3154","IOS2015022001401:130","Animalia","Mollusca","Gastropoda","Pteropoda","Limacinidae","Limacina","Limacina helicina",49.199,-123.439
"6136390240","5e618452-d449-4290-a29c-6564b5fb3154","IOS2015021015201:79","Animalia","Mollusca","Gastropoda","Pteropoda","Limacinidae","Limacina","Limacina helicina",49.363,-124.085
"6136390211","5e618452-d449-4290-a29c-6564b5fb3154","IOS2017063005501:148","Animalia","Mollusca","Gastropoda","Pteropoda","Limacinidae","Limacina","Limacina helicina",49.055,-123.371
"6136390210","5e618452-d449-4290-a29c-6564b5fb3154","IOS2017063005501:149","Animalia","Mollusca","Gastropoda","Pteropoda","Limacinidae","Limacina","Limacina helicina",49.055,-123.371
"6136390134","5e618452-d449-4290-a29c-6564b5fb3154","PBS2008014034001:77","Animalia","Mollusca","Gastropoda","Pteropoda","Limacinidae","Limacina","Limacina helicina",49.832,-124.936
"6136389622","5e618452-d449-4290-a29c-6564b5fb3154","IOS2004030000601:71","Animalia","Mollusca","Gastropoda","Pteropoda","Limacinidae","Limacina","Limacina helicina",49.364,-124.087
"6136389619","5e618452-d449-4290-a29c-6564b5fb3154","IOS2004030000601:72","Animalia","Mollusca","Gastropoda","Pteropoda","Limacinidae","Limacina","Limacina helicina",49.364,-124.087
"6136389575","5e618452-d449-4290-a29c-6564b5fb3154","IOS2015020019801:149","Animalia","Mollusca","Gastropoda","Pteropoda","Limacinidae","Limacina","Limacina helicina",49.884,-124.997
"6136389538","5e618452-d449-4290-a29c-6564b5fb3154","IOS2004030001301:72","Animalia","Mollusca","Gastropoda","Pteropoda","Limacinidae","Limacina","Limacina helicina",49.248,-123.75
"6136389537","5e618452-d449-4290-a29c-6564b5fb3154","IOS2004030001301:73","Animalia","Mollusca","Gastropoda","Pteropoda","Limacinidae","Limacina","Limacina helicina",49.248,-123.75
"6136389522","5e618452-d449-4290-a29c-6564b5fb3154","IOS2015020019801:150","Animalia","Mollusca","Gastropoda","Pteropoda","Limacinidae","Limacina","Limacina helicina",49.884,-124.997
"6136389060","5e618452-d449-4290-a29c-6564b5fb3154","IOS2017049001501:128","Animalia","Mollusca","Gastropoda","Pteropoda","Limacinidae","Limacina","Limacina helicina",49.709,-124.719
"6136389058","5e618452-d449-4290-a29c-6564b5fb3154","IOS2017007000701:127","Animalia","Mollusca","Gastropoda","Pteropoda","Limacinidae","Limacina","Limacina helicina",49.251,-123.75
"6136389054","5e618452-d449-4290-a29c-6564b5fb3154","IOS2017049001501:127","Animalia","Mollusca","Gastropoda","Pteropoda","Limacinidae","Limacina","Limacina helicina",49.709,-124.719
"6136389000","5e618452-d449-4290-a29c-6564b5fb3154","IOS2016009001301:140","Animalia","Mollusca","Gastropoda","Pteropoda","Limacinidae","Limacina","Limacina helicina",49.506,-124.1
"6136388850","5e618452-d449-4290-a29c-6564b5fb3154","IOS2017009022701:121","Animalia","Mollusca","Gastropoda","Pteropoda","Limacinidae","Limacina","Limacina helicina",49.053,-123.371
"6136388845","5e618452-d449-4290-a29c-6564b5fb3154","IOS2017009022701:120","Animalia","Mollusca","Gastropoda","Pteropoda","Limacinidae","Limacina","Limacina helicina",49.053,-123.371
"6136388608","5e618452-d449-4290-a29c-6564b5fb3154","PBS2015056012001:87","Animalia","Mollusca","Gastropoda","Pteropoda","Limacinidae","Limacina","Limacina helicina",49.452,-123.885
"6136388417","5e618452-d449-4290-a29c-6564b5fb3154","IOS2000029001601:84","Animalia","Mollusca","Gastropoda","Pteropoda","Limacinidae","Limacina","Limacina helicina",49.368,-124.078
"6136388028","5e618452-d449-4290-a29c-6564b5fb3154","IOS2017007008001:179","Animalia","Mollusca","Gastropoda","Pteropoda","Limacinidae","Limacina","Limacina helicina",49.67,-124.269
"6136388022","5e618452-d449-4290-a29c-6564b5fb3154","IOS2017007008001:178","Animalia","Mollusca","Gastropoda","Pteropoda","Limacinidae","Limacina","Limacina helicina",49.67,-124.269
"6136387985","5e618452-d449-4290-a29c-6564b5fb3154","PBS1998055000201:87","Animalia","Mollusca","Gastropoda","Pteropoda","Limacinidae","Limacina","Limacina helicina",49.25,-123.75
"6136387983","5e618452-d449-4290-a29c-6564b5fb3154","PBS1998055000201:86","Animalia","Mollusca","Gastropoda","Pteropoda","Limacinidae","Limacina","Limacina helicina",49.25,-123.75
"6136387788","5e618452-d449-4290-a29c-6564b5fb3154","UVI2005000000601:76","Animalia","Mollusca","Gastropoda","Pteropoda","Limacinidae","Limacina","Limacina helicina",49.25,-123.748
"6136387571","5e618452-d449-4290-a29c-6564b5fb3154","IOS2004006001701:86","Animalia","Mollusca","Gastropoda","Pteropoda","Limacinidae","Limacina","Limacina helicina",49.469,-124.5
"6136387502","5e618452-d449-4290-a29c-6564b5fb3154","IOS1999009009301:71","Animalia","Mollusca","Gastropoda","Pteropoda","Limacinidae","Limacina","Limacina helicina",49.344,-124.114
"6136387436","5e618452-d449-4290-a29c-6564b5fb3154","IOS2015018004801:79","Animalia","Mollusca","Gastropoda","Pteropoda","Limacinidae","Limacina","Limacina helicina",49.03,-123.437
"6136387390","5e618452-d449-4290-a29c-6564b5fb3154","IOS2016009020401:118","Animalia","Mollusca","Gastropoda","Pteropoda","Limacinidae","Limacina","Limacina helicina",49.465,-124.493
"6136387142","5e618452-d449-4290-a29c-6564b5fb3154","PBS2008014033601:114","Animalia","Mollusca","Gastropoda","Pteropoda","Limacinidae","Limacina","Limacina helicina",49.894,-125.055
"6136386890","5e618452-d449-4290-a29c-6564b5fb3154","PBS2009046003401:80","Animalia","Mollusca","Gastropoda","Pteropoda","Limacinidae","Limacina","Limacina helicina",49.55,-124.58
"6136386833","5e618452-d449-4290-a29c-6564b5fb3154","PBS2013010004301:81","Animalia","Mollusca","Gastropoda","Pteropoda","Limacinidae","Limacina","Limacina helicina",49.523,-124.063
"6136386817","5e618452-d449-4290-a29c-6564b5fb3154","IOS2015022022301:117","Animalia","Mollusca","Gastropoda","Pteropoda","Limacinidae","Limacina","Limacina helicina",49.403,-123.756
"6136386814","5e618452-d449-4290-a29c-6564b5fb3154","IOS2017001011701A:124","Animalia","Mollusca","Gastropoda","Pteropoda","Limacinidae","Limacina","Limacina helicina",49.029,-123.437
"6136386775","5e618452-d449-4290-a29c-6564b5fb3154","PBS2009046003201:65","Animalia","Mollusca","Gastropoda","Pteropoda","Limacinidae","Limacina","Limacina helicina",49.61,-124.565
"6136386657","5e618452-d449-4290-a29c-6564b5fb3154","IOS2014006005801:123","Animalia","Mollusca","Gastropoda","Pteropoda","Limacinidae","Limacina","Limacina helicina",49.366,-124.085
"6136386652","5e618452-d449-4290-a29c-6564b5fb3154","IOS2014006005801:122","Animalia","Mollusca","Gastropoda","Pteropoda","Limacinidae","Limacina","Limacina helicina",49.366,-124.085
"6136386630","5e618452-d449-4290-a29c-6564b5fb3154","IOS2014064000201:62","Animalia","Mollusca","Gastropoda","Pteropoda","Limacinidae","Limacina","Limacina helicina",49.04,-123.318
"6136386529","5e618452-d449-4290-a29c-6564b5fb3154","IOS2000011006901:75","Animalia","Mollusca","Gastropoda","Pteropoda","Limacinidae","Limacina","Limacina helicina",49.344,-124.104
"6136386402","5e618452-d449-4290-a29c-6564b5fb3154","IOS2017007018901:140","Animalia","Mollusca","Gastropoda","Pteropoda","Limacinidae","Limacina","Limacina helicina",49.67,-124.274
"6136386392","5e618452-d449-4290-a29c-6564b5fb3154","IOS2018031008101:112","Animalia","Mollusca","Gastropoda","Pteropoda","Limacinidae","Limacina","Limacina helicina",49.727,-124.678
"6136386391","5e618452-d449-4290-a29c-6564b5fb3154","IOS2018031008101:113","Animalia","Mollusca","Gastropoda","Pteropoda","Limacinidae","Limacina","Limacina helicina",49.727,-124.678
"6136386360","5e618452-d449-4290-a29c-6564b5fb3154","UBC9999099001801:76","Animalia","Mollusca","Gastropoda","Pteropoda","Limacinidae","Limacina","Limacina helicina",49.25,-123.667
"6136386323","5e618452-d449-4290-a29c-6564b5fb3154","PBS2008014000701:106","Animalia","Mollusca","Gastropoda","Pteropoda","Limacinidae","Limacina","Limacina helicina",49.119,-123.35
"6136386279","5e618452-d449-4290-a29c-6564b5fb3154","UBC9999099001101:81","Animalia","Mollusca","Gastropoda","Pteropoda","Limacinidae","Limacina","Limacina helicina",49.25,-123.667
"6136386200","5e618452-d449-4290-a29c-6564b5fb3154","IOS2007050000101:116","Animalia","Mollusca","Gastropoda","Pteropoda","Limacinidae","Limacina","Limacina helicina",49.04,-123.457
"6136386172","5e618452-d449-4290-a29c-6564b5fb3154","IOS2017065011801:119","Animalia","Mollusca","Gastropoda","Pteropoda","Limacinidae","Limacina","Limacina helicina",49.67,-124.271
"6136386167","5e618452-d449-4290-a29c-6564b5fb3154","IOS2004007000101:98","Animalia","Mollusca","Gastropoda","Pteropoda","Limacinidae","Limacina","Limacina helicina",49.367,-124.084
"6136386166","5e618452-d449-4290-a29c-6564b5fb3154","IOS2017065011801:118","Animalia","Mollusca","Gastropoda","Pteropoda","Limacinidae","Limacina","Limacina helicina",49.67,-124.271
"6136385753","5e618452-d449-4290-a29c-6564b5fb3154","IOS1998036014601:65","Animalia","Mollusca","Gastropoda","Pteropoda","Limacinidae","Limacina","Limacina helicina",49.467,-124.5
"6136385736","5e618452-d449-4290-a29c-6564b5fb3154","IOS2016010002101:113","Animalia","Mollusca","Gastropoda","Pteropoda","Limacinidae","Limacina","Limacina helicina",49.707,-124.727
"6136385735","5e618452-d449-4290-a29c-6564b5fb3154","IOS2016010002101:114","Animalia","Mollusca","Gastropoda","Pteropoda","Limacinidae","Limacina","Limacina helicina",49.707,-124.727
"6136385605","5e618452-d449-4290-a29c-6564b5fb3154","PBS1998054000101:75","Animalia","Mollusca","Gastropoda","Pteropoda","Limacinidae","Limacina","Limacina helicina",49.25,-123.75
"6136385294","5e618452-d449-4290-a29c-6564b5fb3154","IOS2017007004401:130","Animalia","Mollusca","Gastropoda","Pteropoda","Limacinidae","Limacina","Limacina helicina",49.469,-124.502
"6136385290","5e618452-d449-4290-a29c-6564b5fb3154","IOS2017007004401:131","Animalia","Mollusca","Gastropoda","Pteropoda","Limacinidae","Limacina","Limacina helicina",49.469,-124.502
"6136385140","5e618452-d449-4290-a29c-6564b5fb3154","UVI2005000001201:102","Animalia","Mollusca","Gastropoda","Pteropoda","Limacinidae","Limacina","Limacina helicina",49.25,-123.748
"6136385125","5e618452-d449-4290-a29c-6564b5fb3154","UVI2005000001201:101","Animalia","Mollusca","Gastropoda","Pteropoda","Limacinidae","Limacina","Limacina helicina",49.25,-123.748
"6136385025","5e618452-d449-4290-a29c-6564b5fb3154","IOS2017063008801:155","Animalia","Mollusca","Gastropoda","Pteropoda","Limacinidae","Limacina","Limacina helicina",49.367,-124.085
"6136385022","5e618452-d449-4290-a29c-6564b5fb3154","IOS2017063008801:156","Animalia","Mollusca","Gastropoda","Pteropoda","Limacinidae","Limacina","Limacina helicina",49.367,-124.085
"6136384992","5e618452-d449-4290-a29c-6564b5fb3154","IOS2017007007801:140","Animalia","Mollusca","Gastropoda","Pteropoda","Limacinidae","Limacina","Limacina helicina",49.706,-124.725
"6136384976","5e618452-d449-4290-a29c-6564b5fb3154","IOS2017007007801:139","Animalia","Mollusca","Gastropoda","Pteropoda","Limacinidae","Limacina","Limacina helicina",49.706,-124.725
"6136384939","5e618452-d449-4290-a29c-6564b5fb3154","IOS2016003000401:93","Animalia","Mollusca","Gastropoda","Pteropoda","Limacinidae","Limacina","Limacina helicina",49.143,-123.615
"6136384653","5e618452-d449-4290-a29c-6564b5fb3154","IOS2018030008401:108","Animalia","Mollusca","Gastropoda","Pteropoda","Limacinidae","Limacina","Limacina helicina",49.707,-124.731
"6136384648","5e618452-d449-4290-a29c-6564b5fb3154","IOS2018030008401:109","Animalia","Mollusca","Gastropoda","Pteropoda","Limacinidae","Limacina","Limacina helicina",49.707,-124.731
"6136384628","5e618452-d449-4290-a29c-6564b5fb3154","IOS2016071006501:105","Animalia","Mollusca","Gastropoda","Pteropoda","Limacinidae","Limacina","Limacina helicina",49.882,-124.987
"6136384623","5e618452-d449-4290-a29c-6564b5fb3154","IOS2016071006501:104","Animalia","Mollusca","Gastropoda","Pteropoda","Limacinidae","Limacina","Limacina helicina",49.882,-124.987
"6136384562","5e618452-d449-4290-a29c-6564b5fb3154","IOS2018032004801:103","Animalia","Mollusca","Gastropoda","Pteropoda","Limacinidae","Limacina","Limacina helicina",49.055,-123.371
"6136384554","5e618452-d449-4290-a29c-6564b5fb3154","IOS2018032004801:102","Animalia","Mollusca","Gastropoda","Pteropoda","Limacinidae","Limacina","Limacina helicina",49.055,-123.371
"6136384541","5e618452-d449-4290-a29c-6564b5fb3154","PBS2010018028401:69","Animalia","Mollusca","Gastropoda","Pteropoda","Limacinidae","Limacina","Limacina helicina",49.634,-124.675
"6136384355","5e618452-d449-4290-a29c-6564b5fb3154","IOS2006030000801:74","Animalia","Mollusca","Gastropoda","Pteropoda","Limacinidae","Limacina","Limacina helicina",49.934,-125.067
"6136384032","5e618452-d449-4290-a29c-6564b5fb3154","IOS2018031008001:128","Animalia","Mollusca","Gastropoda","Pteropoda","Limacinidae","Limacina","Limacina helicina",49.705,-124.724
"6136384031","5e618452-d449-4290-a29c-6564b5fb3154","IOS2018031008001:129","Animalia","Mollusca","Gastropoda","Pteropoda","Limacinidae","Limacina","Limacina helicina",49.705,-124.724
"6136383772","5e618452-d449-4290-a29c-6564b5fb3154","IOS2018039016301:132","Animalia","Mollusca","Gastropoda","Pteropoda","Limacinidae","Limacina","Limacina helicina",49.725,-124.68
"6136383770","5e618452-d449-4290-a29c-6564b5fb3154","IOS2018039016301:133","Animalia","Mollusca","Gastropoda","Pteropoda","Limacinidae","Limacina","Limacina helicina",49.725,-124.68
"6136383767","5e618452-d449-4290-a29c-6564b5fb3154","IOS2015022012201:155","Animalia","Mollusca","Gastropoda","Pteropoda","Limacinidae","Limacina","Limacina helicina",49.504,-124.097
"6136383765","5e618452-d449-4290-a29c-6564b5fb3154","IOS2015022012201:154","Animalia","Mollusca","Gastropoda","Pteropoda","Limacinidae","Limacina","Limacina helicina",49.504,-124.097
"6136383681","5e618452-d449-4290-a29c-6564b5fb3154","IOS2016010003401:111","Animalia","Mollusca","Gastropoda","Pteropoda","Limacinidae","Limacina","Limacina helicina",49.366,-124.086
"6136383680","5e618452-d449-4290-a29c-6564b5fb3154","IOS2016010003401:112","Animalia","Mollusca","Gastropoda","Pteropoda","Limacinidae","Limacina","Limacina helicina",49.366,-124.086
"6136383649","5e618452-d449-4290-a29c-6564b5fb3154","IOS2016009001501:106","Animalia","Mollusca","Gastropoda","Pteropoda","Limacinidae","Limacina","Limacina helicina",49.402,-123.755
"6136383612","5e618452-d449-4290-a29c-6564b5fb3154","IOS2016009019701:115","Animalia","Mollusca","Gastropoda","Pteropoda","Limacinidae","Limacina","Limacina helicina",49.056,-123.373
"6136383611","5e618452-d449-4290-a29c-6564b5fb3154","IOS2016009019701:116","Animalia","Mollusca","Gastropoda","Pteropoda","Limacinidae","Limacina","Limacina helicina",49.056,-123.373
"6136383593","5e618452-d449-4290-a29c-6564b5fb3154","IOS2018039016101:155","Animalia","Mollusca","Gastropoda","Pteropoda","Limacinidae","Limacina","Limacina helicina",49.708,-124.721
"6136383577","5e618452-d449-4290-a29c-6564b5fb3154","IOS2018039016101:154","Animalia","Mollusca","Gastropoda","Pteropoda","Limacinidae","Limacina","Limacina helicina",49.708,-124.721
"6136383437","5e618452-d449-4290-a29c-6564b5fb3154","IOS2016009009901:144","Animalia","Mollusca","Gastropoda","Pteropoda","Limacinidae","Limacina","Limacina helicina",49.671,-124.273
"6136383435","5e618452-d449-4290-a29c-6564b5fb3154","IOS2016009009901:145","Animalia","Mollusca","Gastropoda","Pteropoda","Limacinidae","Limacina","Limacina helicina",49.671,-124.273
"6136383323","5e618452-d449-4290-a29c-6564b5fb3154","UVI2004000001201:93","Animalia","Mollusca","Gastropoda","Pteropoda","Limacinidae","Limacina","Limacina helicina",49.25,-123.748
"6136383291","5e618452-d449-4290-a29c-6564b5fb3154","IOS2016071003801:92","Animalia","Mollusca","Gastropoda","Pteropoda","Limacinidae","Limacina","Limacina helicina",49.142,-123.612
"6136383166","5e618452-d449-4290-a29c-6564b5fb3154","IOS2015020020801:147","Animalia","Mollusca","Gastropoda","Pteropoda","Limacinidae","Limacina","Limacina helicina",49.504,-124.098
"6136383165","5e618452-d449-4290-a29c-6564b5fb3154","IOS2015020020801:148","Animalia","Mollusca","Gastropoda","Pteropoda","Limacinidae","Limacina","Limacina helicina",49.504,-124.098
"6136383084","5e618452-d449-4290-a29c-6564b5fb3154","PBS2010003006901:70","Animalia","Mollusca","Gastropoda","Pteropoda","Limacinidae","Limacina","Limacina helicina",49.771,-124.459
"6136383082","5e618452-d449-4290-a29c-6564b5fb3154","PBS2010003006901:71","Animalia","Mollusca","Gastropoda","Pteropoda","Limacinidae","Limacina","Limacina helicina",49.771,-124.459
"6136383054","5e618452-d449-4290-a29c-6564b5fb3154","IOS2015022011101:151","Animalia","Mollusca","Gastropoda","Pteropoda","Limacinidae","Limacina","Limacina helicina",49.366,-124.08
"6136383053","5e618452-d449-4290-a29c-6564b5fb3154","IOS2015022011101:152","Animalia","Mollusca","Gastropoda","Pteropoda","Limacinidae","Limacina","Limacina helicina",49.366,-124.08
"6136382730","5e618452-d449-4290-a29c-6564b5fb3154","PBS2009041032701:94","Animalia","Mollusca","Gastropoda","Pteropoda","Limacinidae","Limacina","Limacina helicina",49.609,-124.564
"6136382726","5e618452-d449-4290-a29c-6564b5fb3154","IOS2012005003001:87","Animalia","Mollusca","Gastropoda","Pteropoda","Limacinidae","Limacina","Limacina helicina",49.466,-124.499
"6136382724","5e618452-d449-4290-a29c-6564b5fb3154","IOS2012005003001:86","Animalia","Mollusca","Gastropoda","Pteropoda","Limacinidae","Limacina","Limacina helicina",49.466,-124.499
"6136382699","5e618452-d449-4290-a29c-6564b5fb3154","UBC9999099000101:92","Animalia","Mollusca","Gastropoda","Pteropoda","Limacinidae","Limacina","Limacina helicina",49.25,-123.667
"6136382688","5e618452-d449-4290-a29c-6564b5fb3154","IOS1998036013001:68","Animalia","Mollusca","Gastropoda","Pteropoda","Limacinidae","Limacina","Limacina helicina",49.352,-124.112
"6136382579","5e618452-d449-4290-a29c-6564b5fb3154","IOS2017001013101:104","Animalia","Mollusca","Gastropoda","Pteropoda","Limacinidae","Limacina","Limacina helicina",49.885,-124.994
"6136382197","5e618452-d449-4290-a29c-6564b5fb3154","IOS2017009020101:97","Animalia","Mollusca","Gastropoda","Pteropoda","Limacinidae","Limacina","Limacina helicina",49.707,-124.722
"6136382196","5e618452-d449-4290-a29c-6564b5fb3154","IOS2017009020101:98","Animalia","Mollusca","Gastropoda","Pteropoda","Limacinidae","Limacina","Limacina helicina",49.707,-124.722
"6136382022","5e618452-d449-4290-a29c-6564b5fb3154","IOS2017049001201:134","Animalia","Mollusca","Gastropoda","Pteropoda","Limacinidae","Limacina","Limacina helicina",49.672,-124.273
"6136382021","5e618452-d449-4290-a29c-6564b5fb3154","IOS2017049001201:135","Animalia","Mollusca","Gastropoda","Pteropoda","Limacinidae","Limacina","Limacina helicina",49.672,-124.273
"6136381920","5e618452-d449-4290-a29c-6564b5fb3154","IOS2016009005301:132","Animalia","Mollusca","Gastropoda","Pteropoda","Limacinidae","Limacina","Limacina helicina",49.669,-124.272
"6136381916","5e618452-d449-4290-a29c-6564b5fb3154","IOS2016009005301:131","Animalia","Mollusca","Gastropoda","Pteropoda","Limacinidae","Limacina","Limacina helicina",49.669,-124.272
"6136381809","5e618452-d449-4290-a29c-6564b5fb3154","IOS2013013006201:77","Animalia","Mollusca","Gastropoda","Pteropoda","Limacinidae","Limacina","Limacina helicina",49.366,-124.084
"6136381595","5e618452-d449-4290-a29c-6564b5fb3154","PBS2009046005201:88","Animalia","Mollusca","Gastropoda","Pteropoda","Limacinidae","Limacina","Limacina helicina",48.944,-123.306
"6136381593","5e618452-d449-4290-a29c-6564b5fb3154","PBS2009046005201:89","Animalia","Mollusca","Gastropoda","Pteropoda","Limacinidae","Limacina","Limacina helicina",48.944,-123.306
"6136381532","5e618452-d449-4290-a29c-6564b5fb3154","IOS2017007003001:120","Animalia","Mollusca","Gastropoda","Pteropoda","Limacinidae","Limacina","Limacina helicina",49.141,-123.613
"6136381528","5e618452-d449-4290-a29c-6564b5fb3154","IOS2017007003001:119","Animalia","Mollusca","Gastropoda","Pteropoda","Limacinidae","Limacina","Limacina helicina",49.141,-123.613
"6136381520","5e618452-d449-4290-a29c-6564b5fb3154","PBS2016045009801:114","Animalia","Mollusca","Gastropoda","Pteropoda","Limacinidae","Limacina","Limacina helicina",49.599,-124.654
"6136381466","5e618452-d449-4290-a29c-6564b5fb3154","PBS2011002043201:70","Animalia","Mollusca","Gastropoda","Pteropoda","Limacinidae","Limacina","Limacina helicina",49.491,-124.07
"6136381326","5e618452-d449-4290-a29c-6564b5fb3154","IOS2018035005501:144","Animalia","Mollusca","Gastropoda","Pteropoda","Limacinidae","Limacina","Limacina helicina",49.366,-124.082
"6136381323","5e618452-d449-4290-a29c-6564b5fb3154","IOS2018035005501:145","Animalia","Mollusca","Gastropoda","Pteropoda","Limacinidae","Limacina","Limacina helicina",49.366,-124.082
"6136381179","5e618452-d449-4290-a29c-6564b5fb3154","IOS2003037001401:68","Animalia","Mollusca","Gastropoda","Pteropoda","Limacinidae","Limacina","Limacina helicina",49.367,-124.081
"6136381017","5e618452-d449-4290-a29c-6564b5fb3154","PBS2014016019801:83","Animalia","Mollusca","Gastropoda","Pteropoda","Limacinidae","Limacina","Limacina helicina",49.896,-125.049
"6136380726","5e618452-d449-4290-a29c-6564b5fb3154","IOS2000005002701:75","Animalia","Mollusca","Gastropoda","Pteropoda","Limacinidae","Limacina","Limacina helicina",49.467,-124.5
"6136380604","5e618452-d449-4290-a29c-6564b5fb3154","IOS2016009014401:126","Animalia","Mollusca","Gastropoda","Pteropoda","Limacinidae","Limacina","Limacina helicina",49.146,-123.616
"6136380590","5e618452-d449-4290-a29c-6564b5fb3154","IOS2018029009501:138","Animalia","Mollusca","Gastropoda","Pteropoda","Limacinidae","Limacina","Limacina helicina",49.707,-124.724
"6136380588","5e618452-d449-4290-a29c-6564b5fb3154","IOS2018029009501:139","Animalia","Mollusca","Gastropoda","Pteropoda","Limacinidae","Limacina","Limacina helicina",49.707,-124.724
"6136380273","5e618452-d449-4290-a29c-6564b5fb3154","IOS2018030007101:143","Animalia","Mollusca","Gastropoda","Pteropoda","Limacinidae","Limacina","Limacina helicina",49.364,-124.083
"6136380266","5e618452-d449-4290-a29c-6564b5fb3154","IOS2018030007101:142","Animalia","Mollusca","Gastropoda","Pteropoda","Limacinidae","Limacina","Limacina helicina",49.364,-124.083
"6136380131","5e618452-d449-4290-a29c-6564b5fb3154","IOS2017005016701:142","Animalia","Mollusca","Gastropoda","Pteropoda","Limacinidae","Limacina","Limacina helicina",49.468,-124.501
"6136380130","5e618452-d449-4290-a29c-6564b5fb3154","IOS2017005016701:143","Animalia","Mollusca","Gastropoda","Pteropoda","Limacinidae","Limacina","Limacina helicina",49.468,-124.501
"6136380007","5e618452-d449-4290-a29c-6564b5fb3154","IOS2018005002401:134","Animalia","Mollusca","Gastropoda","Pteropoda","Limacinidae","Limacina","Limacina helicina",49.03,-123.436
"6136379828","5e618452-d449-4290-a29c-6564b5fb3154","PBS2009041029701:110","Animalia","Mollusca","Gastropoda","Pteropoda","Limacinidae","Limacina","Limacina helicina",49.901,-124.94
"6136379826","5e618452-d449-4290-a29c-6564b5fb3154","PBS2009041029701:111","Animalia","Mollusca","Gastropoda","Pteropoda","Limacinidae","Limacina","Limacina helicina",49.901,-124.94
"6136379749","5e618452-d449-4290-a29c-6564b5fb3154","IOS2014023003401:139","Animalia","Mollusca","Gastropoda","Pteropoda","Limacinidae","Limacina","Limacina helicina",49.367,-124.086
"6136379726","5e618452-d449-4290-a29c-6564b5fb3154","IOS2014023003401:140","Animalia","Mollusca","Gastropoda","Pteropoda","Limacinidae","Limacina","Limacina helicina",49.367,-124.086
"6136379586","5e618452-d449-4290-a29c-6564b5fb3154","IOS2016009010601:126","Animalia","Mollusca","Gastropoda","Pteropoda","Limacinidae","Limacina","Limacina helicina",49.145,-123.614
"6136379585","5e618452-d449-4290-a29c-6564b5fb3154","IOS2016009010601:127","Animalia","Mollusca","Gastropoda","Pteropoda","Limacinidae","Limacina","Limacina helicina",49.145,-123.614
"6136379537","5e618452-d449-4290-a29c-6564b5fb3154","UBC9999099000601:62","Animalia","Mollusca","Gastropoda","Pteropoda","Limacinidae","Limacina","Limacina helicina",49.25,-123.667
"6136379499","5e618452-d449-4290-a29c-6564b5fb3154","IOS2003037006501:71","Animalia","Mollusca","Gastropoda","Pteropoda","Limacinidae","Limacina","Limacina helicina",49.25,-123.75
"6136379339","5e618452-d449-4290-a29c-6564b5fb3154","UVI2003031008001:63","Animalia","Mollusca","Gastropoda","Pteropoda","Limacinidae","Limacina","Limacina helicina",49.25,-123.748
"6136379306","5e618452-d449-4290-a29c-6564b5fb3154","IOS2018001009701:115","Animalia","Mollusca","Gastropoda","Pteropoda","Limacinidae","Limacina","Limacina helicina",49.251,-123.751
"6136379297","5e618452-d449-4290-a29c-6564b5fb3154","IOS2013013009901:92","Animalia","Mollusca","Gastropoda","Pteropoda","Limacinidae","Limacina","Limacina helicina",49.662,-124.263
"6136379295","5e618452-d449-4290-a29c-6564b5fb3154","IOS2010015015601:69","Animalia","Mollusca","Gastropoda","Pteropoda","Limacinidae","Limacina","Limacina helicina",49.25,-123.752
"6136379042","5e618452-d449-4290-a29c-6564b5fb3154","IOS2012006006106:110","Animalia","Mollusca","Gastropoda","Pteropoda","Limacinidae","Limacina","Limacina helicina",49.368,-124.085
"6136379039","5e618452-d449-4290-a29c-6564b5fb3154","IOS2012006006106:111","Animalia","Mollusca","Gastropoda","Pteropoda","Limacinidae","Limacina","Limacina helicina",49.368,-124.085
"6136379019","5e618452-d449-4290-a29c-6564b5fb3154","IOS2015022012401:146","Animalia","Mollusca","Gastropoda","Pteropoda","Limacinidae","Limacina","Limacina helicina",49.404,-123.76
"6136379018","5e618452-d449-4290-a29c-6564b5fb3154","IOS2015022012401:147","Animalia","Mollusca","Gastropoda","Pteropoda","Limacinidae","Limacina","Limacina helicina",49.404,-123.76
"6136378927","5e618452-d449-4290-a29c-6564b5fb3154","IOS2017065006201:92","Animalia","Mollusca","Gastropoda","Pteropoda","Limacinidae","Limacina","Limacina helicina",49.25,-123.748
"6136378868","5e618452-d449-4290-a29c-6564b5fb3154","IOS2016056000901:94","Animalia","Mollusca","Gastropoda","Pteropoda","Limacinidae","Limacina","Limacina helicina",49.053,-123.371
"6136378865","5e618452-d449-4290-a29c-6564b5fb3154","IOS2016056000901:95","Animalia","Mollusca","Gastropoda","Pteropoda","Limacinidae","Limacina","Limacina helicina",49.053,-123.371
"6136378795","5e618452-d449-4290-a29c-6564b5fb3154","IOS1997037008701A:74","Animalia","Mollusca","Gastropoda","Pteropoda","Limacinidae","Limacina","Limacina helicina",49.25,-123.75
"6136378722","5e618452-d449-4290-a29c-6564b5fb3154","PBS2013010000201:81","Animalia","Mollusca","Gastropoda","Pteropoda","Limacinidae","Limacina","Limacina helicina",49.198,-123.738
"6136378491","5e618452-d449-4290-a29c-6564b5fb3154","IOS2016009018001:147","Animalia","Mollusca","Gastropoda","Pteropoda","Limacinidae","Limacina","Limacina helicina",49.672,-124.273
"6136378490","5e618452-d449-4290-a29c-6564b5fb3154","IOS2016009018001:148","Animalia","Mollusca","Gastropoda","Pteropoda","Limacinidae","Limacina","Limacina helicina",49.672,-124.273
"6136378442","5e618452-d449-4290-a29c-6564b5fb3154","IOS2015022007801:106","Animalia","Mollusca","Gastropoda","Pteropoda","Limacinidae","Limacina","Limacina helicina",49.366,-124.079
"6136378441","5e618452-d449-4290-a29c-6564b5fb3154","IOS2015022007801:107","Animalia","Mollusca","Gastropoda","Pteropoda","Limacinidae","Limacina","Limacina helicina",49.366,-124.079
"6136378369","5e618452-d449-4290-a29c-6564b5fb3154","IOS2015022007601:160","Animalia","Mollusca","Gastropoda","Pteropoda","Limacinidae","Limacina","Limacina helicina",49.255,-123.749
"6136378368","5e618452-d449-4290-a29c-6564b5fb3154","IOS2015022007601:161","Animalia","Mollusca","Gastropoda","Pteropoda","Limacinidae","Limacina","Limacina helicina",49.255,-123.749
"6136378320","5e618452-d449-4290-a29c-6564b5fb3154","IOS2017049002801:159","Animalia","Mollusca","Gastropoda","Pteropoda","Limacinidae","Limacina","Limacina helicina",49.058,-123.378
"6136378318","5e618452-d449-4290-a29c-6564b5fb3154","IOS2017049002801:158","Animalia","Mollusca","Gastropoda","Pteropoda","Limacinidae","Limacina","Limacina helicina",49.058,-123.378
"6136378179","5e618452-d449-4290-a29c-6564b5fb3154","IOS2013012005301:101","Animalia","Mollusca","Gastropoda","Pteropoda","Limacinidae","Limacina","Limacina helicina",49.669,-124.27
"6136378160","5e618452-d449-4290-a29c-6564b5fb3154","IOS2015022016101:141","Animalia","Mollusca","Gastropoda","Pteropoda","Limacinidae","Limacina","Limacina helicina",49.365,-124.086
"6136378157","5e618452-d449-4290-a29c-6564b5fb3154","IOS2015022016101:142","Animalia","Mollusca","Gastropoda","Pteropoda","Limacinidae","Limacina","Limacina helicina",49.365,-124.086
"6136377973","5e618452-d449-4290-a29c-6564b5fb3154","UVI2003031008701:67","Animalia","Mollusca","Gastropoda","Pteropoda","Limacinidae","Limacina","Limacina helicina",49.25,-123.748
"6136377824","5e618452-d449-4290-a29c-6564b5fb3154","IOS2017026003001:145","Animalia","Mollusca","Gastropoda","Pteropoda","Limacinidae","Limacina","Limacina helicina",49.706,-124.724
"6136377823","5e618452-d449-4290-a29c-6564b5fb3154","IOS2017026003001:146","Animalia","Mollusca","Gastropoda","Pteropoda","Limacinidae","Limacina","Limacina helicina",49.706,-124.724
"6136377754","5e618452-d449-4290-a29c-6564b5fb3154","IOS2013058016101:78","Animalia","Mollusca","Gastropoda","Pteropoda","Limacinidae","Limacina","Limacina helicina",49.366,-124.084
"6136377689","5e618452-d449-4290-a29c-6564b5fb3154","IOS2018029009201:148","Animalia","Mollusca","Gastropoda","Pteropoda","Limacinidae","Limacina","Limacina helicina",49.727,-124.68
"6136377688","5e618452-d449-4290-a29c-6564b5fb3154","IOS2018029009201:149","Animalia","Mollusca","Gastropoda","Pteropoda","Limacinidae","Limacina","Limacina helicina",49.727,-124.68
"6136377663","5e618452-d449-4290-a29c-6564b5fb3154","IOS2015018007401:143","Animalia","Mollusca","Gastropoda","Pteropoda","Limacinidae","Limacina","Limacina helicina",49.467,-124.5
"6136377662","5e618452-d449-4290-a29c-6564b5fb3154","IOS2015018007401:144","Animalia","Mollusca","Gastropoda","Pteropoda","Limacinidae","Limacina","Limacina helicina",49.467,-124.5
"6136377510","5e618452-d449-4290-a29c-6564b5fb3154","IOS1999016004801:99","Animalia","Mollusca","Gastropoda","Pteropoda","Limacinidae","Limacina","Limacina helicina",49.351,-124.121
"6136377355","5e618452-d449-4290-a29c-6564b5fb3154","IOS2016056003201:110","Animalia","Mollusca","Gastropoda","Pteropoda","Limacinidae","Limacina","Limacina helicina",49.471,-124.509
"6136377353","5e618452-d449-4290-a29c-6564b5fb3154","IOS2016056003201:111","Animalia","Mollusca","Gastropoda","Pteropoda","Limacinidae","Limacina","Limacina helicina",49.471,-124.509
"6136377247","5e618452-d449-4290-a29c-6564b5fb3154","PBS2015056018601:69","Animalia","Mollusca","Gastropoda","Pteropoda","Limacinidae","Limacina","Limacina helicina",48.886,-123.28
"6136377218","5e618452-d449-4290-a29c-6564b5fb3154","PBS2011002036301:72","Animalia","Mollusca","Gastropoda","Pteropoda","Limacinidae","Limacina","Limacina helicina",49.833,-124.965
"6136377104","5e618452-d449-4290-a29c-6564b5fb3154","IOS2009026007501:101","Animalia","Mollusca","Gastropoda","Pteropoda","Limacinidae","Limacina","Limacina helicina",49.367,-124.086
"6136377102","5e618452-d449-4290-a29c-6564b5fb3154","IOS2009026007501:102","Animalia","Mollusca","Gastropoda","Pteropoda","Limacinidae","Limacina","Limacina helicina",49.367,-124.086
"6136376938","5e618452-d449-4290-a29c-6564b5fb3154","PBS1997060000101:72","Animalia","Mollusca","Gastropoda","Pteropoda","Limacinidae","Limacina","Limacina helicina",49.25,-123.75
"6136376752","5e618452-d449-4290-a29c-6564b5fb3154","IOS2016047019101:145","Animalia","Mollusca","Gastropoda","Pteropoda","Limacinidae","Limacina","Limacina helicina",49.249,-123.75
"6136376750","5e618452-d449-4290-a29c-6564b5fb3154","IOS2016047019101:146","Animalia","Mollusca","Gastropoda","Pteropoda","Limacinidae","Limacina","Limacina helicina",49.249,-123.75
"6136376615","5e618452-d449-4290-a29c-6564b5fb3154","PBS1996053000201B:89","Animalia","Mollusca","Gastropoda","Pteropoda","Limacinidae","Limacina","Limacina helicina",49.25,-123.748
"6136376450","5e618452-d449-4290-a29c-6564b5fb3154","IOS2014006004501:127","Animalia","Mollusca","Gastropoda","Pteropoda","Limacinidae","Limacina","Limacina helicina",49.054,-123.374
"6136376448","5e618452-d449-4290-a29c-6564b5fb3154","IOS2014006004501:128","Animalia","Mollusca","Gastropoda","Pteropoda","Limacinidae","Limacina","Limacina helicina",49.054,-123.374
"6136376296","5e618452-d449-4290-a29c-6564b5fb3154","IOS2016071006901:92","Animalia","Mollusca","Gastropoda","Pteropoda","Limacinidae","Limacina","Limacina helicina",49.466,-124.496
"6136376294","5e618452-d449-4290-a29c-6564b5fb3154","IOS2016071006901:93","Animalia","Mollusca","Gastropoda","Pteropoda","Limacinidae","Limacina","Limacina helicina",49.466,-124.496
"6136376255","5e618452-d449-4290-a29c-6564b5fb3154","PSF2015098005201:61","Animalia","Mollusca","Gastropoda","Pteropoda","Limacinidae","Limacina","Limacina helicina",49.485,-124.605
"6136376253","5e618452-d449-4290-a29c-6564b5fb3154","PSF2015098005201:62","Animalia","Mollusca","Gastropoda","Pteropoda","Limacinidae","Limacina","Limacina helicina",49.485,-124.605
"6136376092","5e618452-d449-4290-a29c-6564b5fb3154","IOS2016009000201:108","Animalia","Mollusca","Gastropoda","Pteropoda","Limacinidae","Limacina","Limacina helicina",49.366,-124.084
"6136375844","5e618452-d449-4290-a29c-6564b5fb3154","IOS2006016010001:114","Animalia","Mollusca","Gastropoda","Pteropoda","Limacinidae","Limacina","Limacina helicina",49.466,-124.501
"6136375836","5e618452-d449-4290-a29c-6564b5fb3154","IOS2006016010001:113","Animalia","Mollusca","Gastropoda","Pteropoda","Limacinidae","Limacina","Limacina helicina",49.466,-124.501
"6136375787","5e618452-d449-4290-a29c-6564b5fb3154","IOS2017007003301:135","Animalia","Mollusca","Gastropoda","Pteropoda","Limacinidae","Limacina","Limacina helicina",49.25,-123.749
"6136375783","5e618452-d449-4290-a29c-6564b5fb3154","IOS2017007003301:136","Animalia","Mollusca","Gastropoda","Pteropoda","Limacinidae","Limacina","Limacina helicina",49.25,-123.749
"6136375718","5e618452-d449-4290-a29c-6564b5fb3154","IOS2018096000201:109","Animalia","Mollusca","Gastropoda","Pteropoda","Limacinidae","Limacina","Limacina helicina",49.25,-123.755
"6136375624","5e618452-d449-4290-a29c-6564b5fb3154","PBS2009041029401:98","Animalia","Mollusca","Gastropoda","Pteropoda","Limacinidae","Limacina","Limacina helicina",49.894,-125.056
"6136375623","5e618452-d449-4290-a29c-6564b5fb3154","PBS2009041029401:99","Animalia","Mollusca","Gastropoda","Pteropoda","Limacinidae","Limacina","Limacina helicina",49.894,-125.056
"6136375611","5e618452-d449-4290-a29c-6564b5fb3154","IOS2016009010801:164","Animalia","Mollusca","Gastropoda","Pteropoda","Limacinidae","Limacina","Limacina helicina",49.207,-123.436
"6136375606","5e618452-d449-4290-a29c-6564b5fb3154","IOS2016009010801:165","Animalia","Mollusca","Gastropoda","Pteropoda","Limacinidae","Limacina","Limacina helicina",49.207,-123.436
"6136375355","5e618452-d449-4290-a29c-6564b5fb3154","IOS2017007012501:142","Animalia","Mollusca","Gastropoda","Pteropoda","Limacinidae","Limacina","Limacina helicina",49.25,-123.747
"6136375353","5e618452-d449-4290-a29c-6564b5fb3154","IOS2017007012501:143","Animalia","Mollusca","Gastropoda","Pteropoda","Limacinidae","Limacina","Limacina helicina",49.25,-123.747
"6136375321","5e618452-d449-4290-a29c-6564b5fb3154","IOS2018096001301:116","Animalia","Mollusca","Gastropoda","Pteropoda","Limacinidae","Limacina","Limacina helicina",49.466,-124.499
"6136375299","5e618452-d449-4290-a29c-6564b5fb3154","IOS2016010004001:122","Animalia","Mollusca","Gastropoda","Pteropoda","Limacinidae","Limacina","Limacina helicina",49.505,-124.103
"6136375110","5e618452-d449-4290-a29c-6564b5fb3154","IOS2018039018101:173","Animalia","Mollusca","Gastropoda","Pteropoda","Limacinidae","Limacina","Limacina helicina",49.031,-123.436
"6136375102","5e618452-d449-4290-a29c-6564b5fb3154","IOS2018039018101:172","Animalia","Mollusca","Gastropoda","Pteropoda","Limacinidae","Limacina","Limacina helicina",49.031,-123.436
"6136375031","5e618452-d449-4290-a29c-6564b5fb3154","IOS2017007019301:90","Animalia","Mollusca","Gastropoda","Pteropoda","Limacinidae","Limacina","Limacina helicina",49.401,-123.754
"6136374950","5e618452-d449-4290-a29c-6564b5fb3154","IOS2015022003001:133","Animalia","Mollusca","Gastropoda","Pteropoda","Limacinidae","Limacina","Limacina helicina",49.2,-123.441
"6136374944","5e618452-d449-4290-a29c-6564b5fb3154","IOS2015022003001:132","Animalia","Mollusca","Gastropoda","Pteropoda","Limacinidae","Limacina","Limacina helicina",49.2,-123.441
"6136374736","5e618452-d449-4290-a29c-6564b5fb3154","PBS2016046008701:67","Animalia","Mollusca","Gastropoda","Pteropoda","Limacinidae","Limacina","Limacina helicina",49.599,-124.653
"6136374565","5e618452-d449-4290-a29c-6564b5fb3154","IOS2015022014101:129","Animalia","Mollusca","Gastropoda","Pteropoda","Limacinidae","Limacina","Limacina helicina",49.203,-123.437
"6136374521","5e618452-d449-4290-a29c-6564b5fb3154","IOS2015022014101:130","Animalia","Mollusca","Gastropoda","Pteropoda","Limacinidae","Limacina","Limacina helicina",49.203,-123.437
"6136374513","5e618452-d449-4290-a29c-6564b5fb3154","IOS2004006003201:91","Animalia","Mollusca","Gastropoda","Pteropoda","Limacinidae","Limacina","Limacina helicina",49.366,-124.08
"6136374479","5e618452-d449-4290-a29c-6564b5fb3154","PSF2015098001301:113","Animalia","Mollusca","Gastropoda","Pteropoda","Limacinidae","Limacina","Limacina helicina",49.485,-124.605
"6136374478","5e618452-d449-4290-a29c-6564b5fb3154","PSF2015098001301:114","Animalia","Mollusca","Gastropoda","Pteropoda","Limacinidae","Limacina","Limacina helicina",49.485,-124.605
"6136374453","5e618452-d449-4290-a29c-6564b5fb3154","PBS2016045006601:101","Animalia","Mollusca","Gastropoda","Pteropoda","Limacinidae","Limacina","Limacina helicina",49.509,-124.493
"6136374381","5e618452-d449-4290-a29c-6564b5fb3154","IOS2015022010401:112","Animalia","Mollusca","Gastropoda","Pteropoda","Limacinidae","Limacina","Limacina helicina",49.058,-123.374
"6136374364","5e618452-d449-4290-a29c-6564b5fb3154","UVI2004000001001:80","Animalia","Mollusca","Gastropoda","Pteropoda","Limacinidae","Limacina","Limacina helicina",49.25,-123.748
"6136374270","5e618452-d449-4290-a29c-6564b5fb3154","UVI2005000001501:112","Animalia","Mollusca","Gastropoda","Pteropoda","Limacinidae","Limacina","Limacina helicina",49.25,-123.748
"6136374172","5e618452-d449-4290-a29c-6564b5fb3154","IOS2001027005201:74","Animalia","Mollusca","Gastropoda","Pteropoda","Limacinidae","Limacina","Limacina helicina",49.324,-123.669
"6136373667","5e618452-d449-4290-a29c-6564b5fb3154","PBS2008014035701:78","Animalia","Mollusca","Gastropoda","Pteropoda","Limacinidae","Limacina","Limacina helicina",49.547,-124.576
"6136373535","5e618452-d449-4290-a29c-6564b5fb3154","IOS2016009010101:158","Animalia","Mollusca","Gastropoda","Pteropoda","Limacinidae","Limacina","Limacina helicina",49.509,-124.104
"6136373532","5e618452-d449-4290-a29c-6564b5fb3154","IOS2016009010101:159","Animalia","Mollusca","Gastropoda","Pteropoda","Limacinidae","Limacina","Limacina helicina",49.509,-124.104
"6136373518","5e618452-d449-4290-a29c-6564b5fb3154","PBS2010018010201:83","Animalia","Mollusca","Gastropoda","Pteropoda","Limacinidae","Limacina","Limacina helicina",49.116,-123.597
"6136373441","5e618452-d449-4290-a29c-6564b5fb3154","IOS2018029006301:151","Animalia","Mollusca","Gastropoda","Pteropoda","Limacinidae","Limacina","Limacina helicina",49.25,-123.748
"6136373436","5e618452-d449-4290-a29c-6564b5fb3154","IOS2018029006301:150","Animalia","Mollusca","Gastropoda","Pteropoda","Limacinidae","Limacina","Limacina helicina",49.25,-123.748
"6136373340","5e618452-d449-4290-a29c-6564b5fb3154","PBS2013010004101:97","Animalia","Mollusca","Gastropoda","Pteropoda","Limacinidae","Limacina","Limacina helicina",49.367,-124.092
"6136373305","5e618452-d449-4290-a29c-6564b5fb3154","IOS2015022021501:102","Animalia","Mollusca","Gastropoda","Pteropoda","Limacinidae","Limacina","Limacina helicina",49.199,-123.435
"6136373304","5e618452-d449-4290-a29c-6564b5fb3154","IOS2015022021501:103","Animalia","Mollusca","Gastropoda","Pteropoda","Limacinidae","Limacina","Limacina helicina",49.199,-123.435
"6136373059","5e618452-d449-4290-a29c-6564b5fb3154","UBC9999099002001:102","Animalia","Mollusca","Gastropoda","Pteropoda","Limacinidae","Limacina","Limacina helicina",49.25,-123.667
"6136372899","5e618452-d449-4290-a29c-6564b5fb3154","IOS2015021016301:73","Animalia","Mollusca","Gastropoda","Pteropoda","Limacinidae","Limacina","Limacina helicina",49.202,-123.44
"6136372894","5e618452-d449-4290-a29c-6564b5fb3154","IOS2015021016301:74","Animalia","Mollusca","Gastropoda","Pteropoda","Limacinidae","Limacina","Limacina helicina",49.202,-123.44
"6136372719","5e618452-d449-4290-a29c-6564b5fb3154","IOS2014023001801:128","Animalia","Mollusca","Gastropoda","Pteropoda","Limacinidae","Limacina","Limacina helicina",49.708,-124.724
"6136372717","5e618452-d449-4290-a29c-6564b5fb3154","IOS2014023001801:129","Animalia","Mollusca","Gastropoda","Pteropoda","Limacinidae","Limacina","Limacina helicina",49.708,-124.724
"6136372692","5e618452-d449-4290-a29c-6564b5fb3154","IOS2018030007601:111","Animalia","Mollusca","Gastropoda","Pteropoda","Limacinidae","Limacina","Limacina helicina",49.459,-124.511
"6136372691","5e618452-d449-4290-a29c-6564b5fb3154","IOS2018030007601:110","Animalia","Mollusca","Gastropoda","Pteropoda","Limacinidae","Limacina","Limacina helicina",49.459,-124.511
"6136372340","5e618452-d449-4290-a29c-6564b5fb3154","PBS2014016004401:77","Animalia","Mollusca","Gastropoda","Pteropoda","Limacinidae","Limacina","Limacina helicina",48.898,-123.311
"6136372321","5e618452-d449-4290-a29c-6564b5fb3154","PBS2012048005501:52","Animalia","Mollusca","Gastropoda","Pteropoda","Limacinidae","Limacina","Limacina helicina",49.779,-124.643
"6136372161","5e618452-d449-4290-a29c-6564b5fb3154","IOS2017009019801:120","Animalia","Mollusca","Gastropoda","Pteropoda","Limacinidae","Limacina","Limacina helicina",49.885,-124.995
"6136372159","5e618452-d449-4290-a29c-6564b5fb3154","IOS2017009019801:121","Animalia","Mollusca","Gastropoda","Pteropoda","Limacinidae","Limacina","Limacina helicina",49.885,-124.995
"6136371876","5e618452-d449-4290-a29c-6564b5fb3154","PBS2010017033301:90","Animalia","Mollusca","Gastropoda","Pteropoda","Limacinidae","Limacina","Limacina helicina",50.003,-125.044
"6136371803","5e618452-d449-4290-a29c-6564b5fb3154","IOS2016009015801:127","Animalia","Mollusca","Gastropoda","Pteropoda","Limacinidae","Limacina","Limacina helicina",49.251,-123.755
"6136371799","5e618452-d449-4290-a29c-6564b5fb3154","IOS2016009015801:126","Animalia","Mollusca","Gastropoda","Pteropoda","Limacinidae","Limacina","Limacina helicina",49.251,-123.755
"6136371784","5e618452-d449-4290-a29c-6564b5fb3154","IOS2015022013901:137","Animalia","Mollusca","Gastropoda","Pteropoda","Limacinidae","Limacina","Limacina helicina",49.055,-123.375
"6136371781","5e618452-d449-4290-a29c-6564b5fb3154","IOS2015022013901:136","Animalia","Mollusca","Gastropoda","Pteropoda","Limacinidae","Limacina","Limacina helicina",49.055,-123.375
"6136371708","5e618452-d449-4290-a29c-6564b5fb3154","IOS2009040001601:66","Animalia","Mollusca","Gastropoda","Pteropoda","Limacinidae","Limacina","Limacina helicina",49.37,-124.084
"6136371699","5e618452-d449-4290-a29c-6564b5fb3154","IOS2015019008401:104","Animalia","Mollusca","Gastropoda","Pteropoda","Limacinidae","Limacina","Limacina helicina",49.467,-124.501
"6136371698","5e618452-d449-4290-a29c-6564b5fb3154","IOS2015019008401:105","Animalia","Mollusca","Gastropoda","Pteropoda","Limacinidae","Limacina","Limacina helicina",49.467,-124.501
"6136371524","5e618452-d449-4290-a29c-6564b5fb3154","IOS2015014003901:98","Animalia","Mollusca","Gastropoda","Pteropoda","Limacinidae","Limacina","Limacina helicina",49.056,-123.372
"6136371476","5e618452-d449-4290-a29c-6564b5fb3154","IOS2015018008701:161","Animalia","Mollusca","Gastropoda","Pteropoda","Limacinidae","Limacina","Limacina helicina",49.884,-124.994
"6136371475","5e618452-d449-4290-a29c-6564b5fb3154","IOS2015018008701:162","Animalia","Mollusca","Gastropoda","Pteropoda","Limacinidae","Limacina","Limacina helicina",49.884,-124.994
"6136370902","5e618452-d449-4290-a29c-6564b5fb3154","IOS2015022018701:101","Animalia","Mollusca","Gastropoda","Pteropoda","Limacinidae","Limacina","Limacina helicina",49.405,-123.761
"6136370885","5e618452-d449-4290-a29c-6564b5fb3154","PBS2009046003001:82","Animalia","Mollusca","Gastropoda","Pteropoda","Limacinidae","Limacina","Limacina helicina",49.631,-124.675
"6136370877","5e618452-d449-4290-a29c-6564b5fb3154","PBS2009046003001:81","Animalia","Mollusca","Gastropoda","Pteropoda","Limacinidae","Limacina","Limacina helicina",49.631,-124.675
"6136370822","5e618452-d449-4290-a29c-6564b5fb3154","IOS1998001002801:106","Animalia","Mollusca","Gastropoda","Pteropoda","Limacinidae","Limacina","Limacina helicina",49.25,-123.75
"6136370741","5e618452-d449-4290-a29c-6564b5fb3154","IOS2004006000601:91","Animalia","Mollusca","Gastropoda","Pteropoda","Limacinidae","Limacina","Limacina helicina",49.662,-124.213
"6136370740","5e618452-d449-4290-a29c-6564b5fb3154","IOS2004006000601:92","Animalia","Mollusca","Gastropoda","Pteropoda","Limacinidae","Limacina","Limacina helicina",49.662,-124.213
"6136370717","5e618452-d449-4290-a29c-6564b5fb3154","IOS2016009017801:145","Animalia","Mollusca","Gastropoda","Pteropoda","Limacinidae","Limacina","Limacina helicina",49.506,-124.102
"6136370713","5e618452-d449-4290-a29c-6564b5fb3154","IOS2016009017801:144","Animalia","Mollusca","Gastropoda","Pteropoda","Limacinidae","Limacina","Limacina helicina",49.506,-124.102
"6136370445","5e618452-d449-4290-a29c-6564b5fb3154","IOS2012006005406:104","Animalia","Mollusca","Gastropoda","Pteropoda","Limacinidae","Limacina","Limacina helicina",49.249,-123.746
"6136370444","5e618452-d449-4290-a29c-6564b5fb3154","IOS2012006005406:105","Animalia","Mollusca","Gastropoda","Pteropoda","Limacinidae","Limacina","Limacina helicina",49.249,-123.746
"6136370421","5e618452-d449-4290-a29c-6564b5fb3154","IOS2014006005201:127","Animalia","Mollusca","Gastropoda","Pteropoda","Limacinidae","Limacina","Limacina helicina",49.252,-123.749
"6136370007","5e618452-d449-4290-a29c-6564b5fb3154","PBS2016045006801:113","Animalia","Mollusca","Gastropoda","Pteropoda","Limacinidae","Limacina","Limacina helicina",49.57,-124.581
"6136369997","5e618452-d449-4290-a29c-6564b5fb3154","PBS2010018030401:87","Animalia","Mollusca","Gastropoda","Pteropoda","Limacinidae","Limacina","Limacina helicina",49.309,-123.536
"6136369996","5e618452-d449-4290-a29c-6564b5fb3154","PBS2010018030401:88","Animalia","Mollusca","Gastropoda","Pteropoda","Limacinidae","Limacina","Limacina helicina",49.309,-123.536
"6136369899","5e618452-d449-4290-a29c-6564b5fb3154","IOS2016007006101:139","Animalia","Mollusca","Gastropoda","Pteropoda","Limacinidae","Limacina","Limacina helicina",49.25,-123.749
"6136369735","5e618452-d449-4290-a29c-6564b5fb3154","IOS2016007006101:138","Animalia","Mollusca","Gastropoda","Pteropoda","Limacinidae","Limacina","Limacina helicina",49.25,-123.749
"6136369696","5e618452-d449-4290-a29c-6564b5fb3154","PBS1997065000201:66","Animalia","Mollusca","Gastropoda","Pteropoda","Limacinidae","Limacina","Limacina helicina",49.25,-123.75
"6136369487","5e618452-d449-4290-a29c-6564b5fb3154","IOS2007029002901:101","Animalia","Mollusca","Gastropoda","Pteropoda","Limacinidae","Limacina","Limacina helicina",49.25,-123.75
"6136369148","5e618452-d449-4290-a29c-6564b5fb3154","IOS2015022008901:133","Animalia","Mollusca","Gastropoda","Pteropoda","Limacinidae","Limacina","Limacina helicina",49.5,-124.099
"6136369146","5e618452-d449-4290-a29c-6564b5fb3154","IOS2015022008901:134","Animalia","Mollusca","Gastropoda","Pteropoda","Limacinidae","Limacina","Limacina helicina",49.5,-124.099
"6136368956","5e618452-d449-4290-a29c-6564b5fb3154","PBS2009041033601:71","Animalia","Mollusca","Gastropoda","Pteropoda","Limacinidae","Limacina","Limacina helicina",49.313,-123.677
"6136368918","5e618452-d449-4290-a29c-6564b5fb3154","IOS2014050001701:91","Animalia","Mollusca","Gastropoda","Pteropoda","Limacinidae","Limacina","Limacina helicina",49.062,-123.374
"6136368917","5e618452-d449-4290-a29c-6564b5fb3154","IOS2014050001701:90","Animalia","Mollusca","Gastropoda","Pteropoda","Limacinidae","Limacina","Limacina helicina",49.062,-123.374
"6136368815","5e618452-d449-4290-a29c-6564b5fb3154","IOS2015022001301:101","Animalia","Mollusca","Gastropoda","Pteropoda","Limacinidae","Limacina","Limacina helicina",49.404,-123.755
"6136368813","5e618452-d449-4290-a29c-6564b5fb3154","IOS2015022001301:102","Animalia","Mollusca","Gastropoda","Pteropoda","Limacinidae","Limacina","Limacina helicina",49.404,-123.755
"6136368797","5e618452-d449-4290-a29c-6564b5fb3154","IOS2012025013601:85","Animalia","Mollusca","Gastropoda","Pteropoda","Limacinidae","Limacina","Limacina helicina",49.467,-124.501
"6136368787","5e618452-d449-4290-a29c-6564b5fb3154","IOS2012025013601:86","Animalia","Mollusca","Gastropoda","Pteropoda","Limacinidae","Limacina","Limacina helicina",49.467,-124.501
"6136368567","5e618452-d449-4290-a29c-6564b5fb3154","IOS2016009003201:122","Animalia","Mollusca","Gastropoda","Pteropoda","Limacinidae","Limacina","Limacina helicina",49.052,-123.373
"6136368182","5e618452-d449-4290-a29c-6564b5fb3154","PBS2013010003401:83","Animalia","Mollusca","Gastropoda","Pteropoda","Limacinidae","Limacina","Limacina helicina",49.437,-123.767
"6136368019","5e618452-d449-4290-a29c-6564b5fb3154","HAK2017097006801:72","Animalia","Mollusca","Gastropoda","Pteropoda","Limacinidae","Limacina","Limacina helicina",50.031,-125.099
"6136367996","5e618452-d449-4290-a29c-6564b5fb3154","IOS2016005008701:186","Animalia","Mollusca","Gastropoda","Pteropoda","Limacinidae","Limacina","Limacina helicina",49.882,-124.996
"6136367994","5e618452-d449-4290-a29c-6564b5fb3154","IOS2016005008701:187","Animalia","Mollusca","Gastropoda","Pteropoda","Limacinidae","Limacina","Limacina helicina",49.882,-124.996
"6136367928","5e618452-d449-4290-a29c-6564b5fb3154","IOS2015022018901:114","Animalia","Mollusca","Gastropoda","Pteropoda","Limacinidae","Limacina","Limacina helicina",49.367,-124.084
"6136367925","5e618452-d449-4290-a29c-6564b5fb3154","IOS2015022018901:115","Animalia","Mollusca","Gastropoda","Pteropoda","Limacinidae","Limacina","Limacina helicina",49.367,-124.084
"6136367880","5e618452-d449-4290-a29c-6564b5fb3154","PBS1997054000201:96","Animalia","Mollusca","Gastropoda","Pteropoda","Limacinidae","Limacina","Limacina helicina",49.25,-123.75
"6136367807","5e618452-d449-4290-a29c-6564b5fb3154","IOS2002006001301:64","Animalia","Mollusca","Gastropoda","Pteropoda","Limacinidae","Limacina","Limacina helicina",49.66,-124.256
"6136367591","5e618452-d449-4290-a29c-6564b5fb3154","PBS1996051000101:73","Animalia","Mollusca","Gastropoda","Pteropoda","Limacinidae","Limacina","Limacina helicina",49.25,-123.748
"6136367448","5e618452-d449-4290-a29c-6564b5fb3154","IOS2017048000301:148","Animalia","Mollusca","Gastropoda","Pteropoda","Limacinidae","Limacina","Limacina helicina",49.257,-123.753
"6136367446","5e618452-d449-4290-a29c-6564b5fb3154","IOS2017048000301:149","Animalia","Mollusca","Gastropoda","Pteropoda","Limacinidae","Limacina","Limacina helicina",49.257,-123.753
"6136367166","5e618452-d449-4290-a29c-6564b5fb3154","IOS2014023004201:147","Animalia","Mollusca","Gastropoda","Pteropoda","Limacinidae","Limacina","Limacina helicina",49.25,-123.743
"6136367137","5e618452-d449-4290-a29c-6564b5fb3154","IOS2015021015901:129","Animalia","Mollusca","Gastropoda","Pteropoda","Limacinidae","Limacina","Limacina helicina",49.249,-123.749
"6136367128","5e618452-d449-4290-a29c-6564b5fb3154","IOS2015021015901:130","Animalia","Mollusca","Gastropoda","Pteropoda","Limacinidae","Limacina","Limacina helicina",49.249,-123.749
"6136367043","5e618452-d449-4290-a29c-6564b5fb3154","IOS1998008001101:78","Animalia","Mollusca","Gastropoda","Pteropoda","Limacinidae","Limacina","Limacina helicina",49.467,-124.5
"6136366922","5e618452-d449-4290-a29c-6564b5fb3154","IOS2015022001001:121","Animalia","Mollusca","Gastropoda","Pteropoda","Limacinidae","Limacina","Limacina helicina",49.367,-124.083
"6136366777","5e618452-d449-4290-a29c-6564b5fb3154","IOS2018034016901:114","Animalia","Mollusca","Gastropoda","Pteropoda","Limacinidae","Limacina","Limacina helicina",49.25,-123.749
"6136366775","5e618452-d449-4290-a29c-6564b5fb3154","IOS2018034016901:113","Animalia","Mollusca","Gastropoda","Pteropoda","Limacinidae","Limacina","Limacina helicina",49.25,-123.749
"6136366551","5e618452-d449-4290-a29c-6564b5fb3154","IOS2012005005301:127","Animalia","Mollusca","Gastropoda","Pteropoda","Limacinidae","Limacina","Limacina helicina",49.03,-123.441
"6136366543","5e618452-d449-4290-a29c-6564b5fb3154","IOS2012005005301:126","Animalia","Mollusca","Gastropoda","Pteropoda","Limacinidae","Limacina","Limacina helicina",49.03,-123.441
"6136366477","5e618452-d449-4290-a29c-6564b5fb3154","IOS2016010004901:83","Animalia","Mollusca","Gastropoda","Pteropoda","Limacinidae","Limacina","Limacina helicina",49.144,-123.614
"6136366363","5e618452-d449-4290-a29c-6564b5fb3154","IOS2015021015801:65","Animalia","Mollusca","Gastropoda","Pteropoda","Limacinidae","Limacina","Limacina helicina",49.401,-123.753
"6136364983","5e618452-d449-4290-a29c-6564b5fb3154","IOS1998014006001:94","Animalia","Mollusca","Gastropoda","Pteropoda","Limacinidae","Limacina","Limacina helicina",49.25,-123.75
"6136364978","5e618452-d449-4290-a29c-6564b5fb3154","IOS2001027004701:66","Animalia","Mollusca","Gastropoda","Pteropoda","Limacinidae","Limacina","Limacina helicina",49.245,-123.741
"6136364886","5e618452-d449-4290-a29c-6564b5fb3154","IOS2015022019101:124","Animalia","Mollusca","Gastropoda","Pteropoda","Limacinidae","Limacina","Limacina helicina",49.467,-124.498
"6136364885","5e618452-d449-4290-a29c-6564b5fb3154","IOS2015022019101:125","Animalia","Mollusca","Gastropoda","Pteropoda","Limacinidae","Limacina","Limacina helicina",49.467,-124.498
"6136364823","5e618452-d449-4290-a29c-6564b5fb3154","IOS2015022015401:134","Animalia","Mollusca","Gastropoda","Pteropoda","Limacinidae","Limacina","Limacina helicina",49.705,-124.723
"6136364820","5e618452-d449-4290-a29c-6564b5fb3154","IOS2015022015401:135","Animalia","Mollusca","Gastropoda","Pteropoda","Limacinidae","Limacina","Limacina helicina",49.705,-124.723
"6136364234","5e618452-d449-4290-a29c-6564b5fb3154","IOS2015014003201:159","Animalia","Mollusca","Gastropoda","Pteropoda","Limacinidae","Limacina","Limacina helicina",49.25,-123.755
"6136364210","5e618452-d449-4290-a29c-6564b5fb3154","IOS2015014003201:160","Animalia","Mollusca","Gastropoda","Pteropoda","Limacinidae","Limacina","Limacina helicina",49.25,-123.755
"6136364086","5e618452-d449-4290-a29c-6564b5fb3154","IOS2017001012601:116","Animalia","Mollusca","Gastropoda","Pteropoda","Limacinidae","Limacina","Limacina helicina",49.467,-124.5
"6136364046","5e618452-d449-4290-a29c-6564b5fb3154","IOS2017009021901:106","Animalia","Mollusca","Gastropoda","Pteropoda","Limacinidae","Limacina","Limacina helicina",49.247,-123.745
"6136364045","5e618452-d449-4290-a29c-6564b5fb3154","IOS2017009021901:107","Animalia","Mollusca","Gastropoda","Pteropoda","Limacinidae","Limacina","Limacina helicina",49.247,-123.745
"6136363860","5e618452-d449-4290-a29c-6564b5fb3154","PSF2015098005601:65","Animalia","Mollusca","Gastropoda","Pteropoda","Limacinidae","Limacina","Limacina helicina",49.485,-124.605
"6136363633","5e618452-d449-4290-a29c-6564b5fb3154","IOS2015022008201:116","Animalia","Mollusca","Gastropoda","Pteropoda","Limacinidae","Limacina","Limacina helicina",49.465,-124.498
"6136363632","5e618452-d449-4290-a29c-6564b5fb3154","IOS2015022008201:117","Animalia","Mollusca","Gastropoda","Pteropoda","Limacinidae","Limacina","Limacina helicina",49.465,-124.498
"6136363612","5e618452-d449-4290-a29c-6564b5fb3154","IOS2015020020001A:140","Animalia","Mollusca","Gastropoda","Pteropoda","Limacinidae","Limacina","Limacina helicina",49.707,-124.723
"6136363611","5e618452-d449-4290-a29c-6564b5fb3154","IOS2015020020001A:141","Animalia","Mollusca","Gastropoda","Pteropoda","Limacinidae","Limacina","Limacina helicina",49.707,-124.723
"6136363470","5e618452-d449-4290-a29c-6564b5fb3154","IOS2016062019201:117","Animalia","Mollusca","Gastropoda","Pteropoda","Limacinidae","Limacina","Limacina helicina",49.468,-124.501
"6136363469","5e618452-d449-4290-a29c-6564b5fb3154","IOS2016062019201:118","Animalia","Mollusca","Gastropoda","Pteropoda","Limacinidae","Limacina","Limacina helicina",49.468,-124.501
"6136363462","5e618452-d449-4290-a29c-6564b5fb3154","IOS2015022004501:144","Animalia","Mollusca","Gastropoda","Pteropoda","Limacinidae","Limacina","Limacina helicina",49.466,-124.502
"6136363460","5e618452-d449-4290-a29c-6564b5fb3154","IOS2015022004501:143","Animalia","Mollusca","Gastropoda","Pteropoda","Limacinidae","Limacina","Limacina helicina",49.466,-124.502
"6136363360","5e618452-d449-4290-a29c-6564b5fb3154","IOS2016003000201:113","Animalia","Mollusca","Gastropoda","Pteropoda","Limacinidae","Limacina","Limacina helicina",49.25,-123.747
"6136363316","5e618452-d449-4290-a29c-6564b5fb3154","IOS2017065008901:121","Animalia","Mollusca","Gastropoda","Pteropoda","Limacinidae","Limacina","Limacina helicina",49.467,-124.499
"6136363265","5e618452-d449-4290-a29c-6564b5fb3154","IOS2016009013901:134","Animalia","Mollusca","Gastropoda","Pteropoda","Limacinidae","Limacina","Limacina helicina",49.402,-123.753
"6136363237","5e618452-d449-4290-a29c-6564b5fb3154","PSF2015098004001:79","Animalia","Mollusca","Gastropoda","Pteropoda","Limacinidae","Limacina","Limacina helicina",49.485,-124.605
"6136363200","5e618452-d449-4290-a29c-6564b5fb3154","PBS2010018028801:73","Animalia","Mollusca","Gastropoda","Pteropoda","Limacinidae","Limacina","Limacina helicina",49.549,-124.581
"6136363199","5e618452-d449-4290-a29c-6564b5fb3154","PBS2010018028801:74","Animalia","Mollusca","Gastropoda","Pteropoda","Limacinidae","Limacina","Limacina helicina",49.549,-124.581
"6136363086","5e618452-d449-4290-a29c-6564b5fb3154","IOS2016003003601:124","Animalia","Mollusca","Gastropoda","Pteropoda","Limacinidae","Limacina","Limacina helicina",49.703,-124.722
"6136363076","5e618452-d449-4290-a29c-6564b5fb3154","IOS2015022023401:113","Animalia","Mollusca","Gastropoda","Pteropoda","Limacinidae","Limacina","Limacina helicina",49.464,-124.5
"6136363075","5e618452-d449-4290-a29c-6564b5fb3154","IOS2015022023401:114","Animalia","Mollusca","Gastropoda","Pteropoda","Limacinidae","Limacina","Limacina helicina",49.464,-124.5
"6136362900","5e618452-d449-4290-a29c-6564b5fb3154","IOS2018096002801:111","Animalia","Mollusca","Gastropoda","Pteropoda","Limacinidae","Limacina","Limacina helicina",49.67,-124.272
"6136362890","5e618452-d449-4290-a29c-6564b5fb3154","IOS2016009006501:115","Animalia","Mollusca","Gastropoda","Pteropoda","Limacinidae","Limacina","Limacina helicina",49.202,-123.439
"6136362889","5e618452-d449-4290-a29c-6564b5fb3154","IOS2016009006501:116","Animalia","Mollusca","Gastropoda","Pteropoda","Limacinidae","Limacina","Limacina helicina",49.202,-123.439
"6136362830","5e618452-d449-4290-a29c-6564b5fb3154","IOS2017063006601:162","Animalia","Mollusca","Gastropoda","Pteropoda","Limacinidae","Limacina","Limacina helicina",49.2,-123.44
"6136362822","5e618452-d449-4290-a29c-6564b5fb3154","IOS2017063006601:161","Animalia","Mollusca","Gastropoda","Pteropoda","Limacinidae","Limacina","Limacina helicina",49.2,-123.44
"6136362663","5e618452-d449-4290-a29c-6564b5fb3154","IOS2016009005101:97","Animalia","Mollusca","Gastropoda","Pteropoda","Limacinidae","Limacina","Limacina helicina",49.705,-124.722
"6136362661","5e618452-d449-4290-a29c-6564b5fb3154","IOS2016009005101:96","Animalia","Mollusca","Gastropoda","Pteropoda","Limacinidae","Limacina","Limacina helicina",49.705,-124.722
"6136362643","5e618452-d449-4290-a29c-6564b5fb3154","PBS1998055000101:95","Animalia","Mollusca","Gastropoda","Pteropoda","Limacinidae","Limacina","Limacina helicina",49.25,-123.75
"6136362640","5e618452-d449-4290-a29c-6564b5fb3154","PBS1998055000101:96","Animalia","Mollusca","Gastropoda","Pteropoda","Limacinidae","Limacina","Limacina helicina",49.25,-123.75
"6136362406","5e618452-d449-4290-a29c-6564b5fb3154","IOS2006016010301:80","Animalia","Mollusca","Gastropoda","Pteropoda","Limacinidae","Limacina","Limacina helicina",49.366,-124.084
"6136362336","5e618452-d449-4290-a29c-6564b5fb3154","IOS2016047017901:148","Animalia","Mollusca","Gastropoda","Pteropoda","Limacinidae","Limacina","Limacina helicina",49.71,-124.73
"6136362333","5e618452-d449-4290-a29c-6564b5fb3154","IOS2016047017901:149","Animalia","Mollusca","Gastropoda","Pteropoda","Limacinidae","Limacina","Limacina helicina",49.71,-124.73
"6136362104","5e618452-d449-4290-a29c-6564b5fb3154","PBS2009041029801:80","Animalia","Mollusca","Gastropoda","Pteropoda","Limacinidae","Limacina","Limacina helicina",49.833,-124.936
"6136362060","5e618452-d449-4290-a29c-6564b5fb3154","IOS2017007002801:136","Animalia","Mollusca","Gastropoda","Pteropoda","Limacinidae","Limacina","Limacina helicina",49.197,-123.437
"6136361902","5e618452-d449-4290-a29c-6564b5fb3154","PBS2011002029301:74","Animalia","Mollusca","Gastropoda","Pteropoda","Limacinidae","Limacina","Limacina helicina",48.933,-123.345
"6136361900","5e618452-d449-4290-a29c-6564b5fb3154","PBS2016046008501:53","Animalia","Mollusca","Gastropoda","Pteropoda","Limacinidae","Limacina","Limacina helicina",49.647,-124.718
"6136361592","5e618452-d449-4290-a29c-6564b5fb3154","IOS2016056005301:123","Animalia","Mollusca","Gastropoda","Pteropoda","Limacinidae","Limacina","Limacina helicina",49.504,-124.101
"6136361568","5e618452-d449-4290-a29c-6564b5fb3154","IOS2013058015901:72","Animalia","Mollusca","Gastropoda","Pteropoda","Limacinidae","Limacina","Limacina helicina",49.466,-124.502
"6136361560","5e618452-d449-4290-a29c-6564b5fb3154","IOS2016056005301:122","Animalia","Mollusca","Gastropoda","Pteropoda","Limacinidae","Limacina","Limacina helicina",49.504,-124.101
"6136361300","5e618452-d449-4290-a29c-6564b5fb3154","IOS2002006001801:70","Animalia","Mollusca","Gastropoda","Pteropoda","Limacinidae","Limacina","Limacina helicina",49.429,-124.388
"6136361278","5e618452-d449-4290-a29c-6564b5fb3154","IOS2016056004001:97","Animalia","Mollusca","Gastropoda","Pteropoda","Limacinidae","Limacina","Limacina helicina",49.706,-124.725
"6136361272","5e618452-d449-4290-a29c-6564b5fb3154","IOS2016056004001:96","Animalia","Mollusca","Gastropoda","Pteropoda","Limacinidae","Limacina","Limacina helicina",49.706,-124.725
"6136361079","5e618452-d449-4290-a29c-6564b5fb3154","IOS2016056002701:115","Animalia","Mollusca","Gastropoda","Pteropoda","Limacinidae","Limacina","Limacina helicina",49.365,-124.095
"6136361078","5e618452-d449-4290-a29c-6564b5fb3154","IOS2016056002701:116","Animalia","Mollusca","Gastropoda","Pteropoda","Limacinidae","Limacina","Limacina helicina",49.365,-124.095
"6136360892","5e618452-d449-4290-a29c-6564b5fb3154","HAK2016096001001:74","Animalia","Mollusca","Gastropoda","Pteropoda","Limacinidae","Limacina","Limacina helicina",50.031,-125.099
"6136360878","5e618452-d449-4290-a29c-6564b5fb3154","PSF2015098000501:82","Animalia","Mollusca","Gastropoda","Pteropoda","Limacinidae","Limacina","Limacina helicina",49.485,-124.606
"6136360876","5e618452-d449-4290-a29c-6564b5fb3154","PSF2015098000501:83","Animalia","Mollusca","Gastropoda","Pteropoda","Limacinidae","Limacina","Limacina helicina",49.485,-124.606
"6136360779","5e618452-d449-4290-a29c-6564b5fb3154","IOS2013058016301:89","Animalia","Mollusca","Gastropoda","Pteropoda","Limacinidae","Limacina","Limacina helicina",49.251,-123.752
"6136360688","5e618452-d449-4290-a29c-6564b5fb3154","IOS2018035004701:160","Animalia","Mollusca","Gastropoda","Pteropoda","Limacinidae","Limacina","Limacina helicina",49.465,-124.5
"6136360687","5e618452-d449-4290-a29c-6564b5fb3154","IOS2018035004701:161","Animalia","Mollusca","Gastropoda","Pteropoda","Limacinidae","Limacina","Limacina helicina",49.465,-124.5
"6136360660","5e618452-d449-4290-a29c-6564b5fb3154","IOS2015022023601:114","Animalia","Mollusca","Gastropoda","Pteropoda","Limacinidae","Limacina","Limacina helicina",49.367,-124.082
"6136360659","5e618452-d449-4290-a29c-6564b5fb3154","IOS2015022023601:115","Animalia","Mollusca","Gastropoda","Pteropoda","Limacinidae","Limacina","Limacina helicina",49.367,-124.082
"6136360580","5e618452-d449-4290-a29c-6564b5fb3154","IOS2017009021201:136","Animalia","Mollusca","Gastropoda","Pteropoda","Limacinidae","Limacina","Limacina helicina",49.67,-124.273
"6136360553","5e618452-d449-4290-a29c-6564b5fb3154","IOS2017065007601:136","Animalia","Mollusca","Gastropoda","Pteropoda","Limacinidae","Limacina","Limacina helicina",49.505,-124.1
"6136360477","5e618452-d449-4290-a29c-6564b5fb3154","IOS2015018006901:138","Animalia","Mollusca","Gastropoda","Pteropoda","Limacinidae","Limacina","Limacina helicina",49.366,-124.086
"6136360476","5e618452-d449-4290-a29c-6564b5fb3154","IOS2015018006901:139","Animalia","Mollusca","Gastropoda","Pteropoda","Limacinidae","Limacina","Limacina helicina",49.366,-124.086
"6136360281","5e618452-d449-4290-a29c-6564b5fb3154","IOS2009026005801:95","Animalia","Mollusca","Gastropoda","Pteropoda","Limacinidae","Limacina","Limacina helicina",49.51,-124.465
"6136360221","5e618452-d449-4290-a29c-6564b5fb3154","IOS2017007014301:135","Animalia","Mollusca","Gastropoda","Pteropoda","Limacinidae","Limacina","Limacina helicina",49.25,-123.75
"6136360218","5e618452-d449-4290-a29c-6564b5fb3154","IOS2017007014301:136","Animalia","Mollusca","Gastropoda","Pteropoda","Limacinidae","Limacina","Limacina helicina",49.25,-123.75
"6136360125","5e618452-d449-4290-a29c-6564b5fb3154","IOS2018001009901:95","Animalia","Mollusca","Gastropoda","Pteropoda","Limacinidae","Limacina","Limacina helicina",49.367,-124.08
"6136360057","5e618452-d449-4290-a29c-6564b5fb3154","IOS2016005005301:145","Animalia","Mollusca","Gastropoda","Pteropoda","Limacinidae","Limacina","Limacina helicina",49.2,-123.44
"6136360052","5e618452-d449-4290-a29c-6564b5fb3154","IOS2016005005301:144","Animalia","Mollusca","Gastropoda","Pteropoda","Limacinidae","Limacina","Limacina helicina",49.2,-123.44
"6136360001","5e618452-d449-4290-a29c-6564b5fb3154","IOS2015022000601:126","Animalia","Mollusca","Gastropoda","Pteropoda","Limacinidae","Limacina","Limacina helicina",49.251,-123.748
"6136360000","5e618452-d449-4290-a29c-6564b5fb3154","IOS2015022000601:127","Animalia","Mollusca","Gastropoda","Pteropoda","Limacinidae","Limacina","Limacina helicina",49.251,-123.748
"6136359853","5e618452-d449-4290-a29c-6564b5fb3154","IOS2015014003001:112","Animalia","Mollusca","Gastropoda","Pteropoda","Limacinidae","Limacina","Limacina helicina",49.2,-123.755
"6136359798","5e618452-d449-4290-a29c-6564b5fb3154","PBS2013043000401:92","Animalia","Mollusca","Gastropoda","Pteropoda","Limacinidae","Limacina","Limacina helicina",48.936,-123.398
"6136359612","5e618452-d449-4290-a29c-6564b5fb3154","PBS2010003005701:88","Animalia","Mollusca","Gastropoda","Pteropoda","Limacinidae","Limacina","Limacina helicina",49.404,-123.703
"6136359611","5e618452-d449-4290-a29c-6564b5fb3154","PBS2010003005701:89","Animalia","Mollusca","Gastropoda","Pteropoda","Limacinidae","Limacina","Limacina helicina",49.404,-123.703
"6136359474","5e618452-d449-4290-a29c-6564b5fb3154","IOS2014021018001A:120","Animalia","Mollusca","Gastropoda","Pteropoda","Limacinidae","Limacina","Limacina helicina",49.249,-123.748
"6136359375","5e618452-d449-4290-a29c-6564b5fb3154","UVI2004000002401:62","Animalia","Mollusca","Gastropoda","Pteropoda","Limacinidae","Limacina","Limacina helicina",49.25,-123.748
"6136359337","5e618452-d449-4290-a29c-6564b5fb3154","IOS2010020001501:109","Animalia","Mollusca","Gastropoda","Pteropoda","Limacinidae","Limacina","Limacina helicina",49.25,-123.75
"6136359331","5e618452-d449-4290-a29c-6564b5fb3154","IOS2016062019001:120","Animalia","Mollusca","Gastropoda","Pteropoda","Limacinidae","Limacina","Limacina helicina",49.703,-124.724
"6136359330","5e618452-d449-4290-a29c-6564b5fb3154","IOS2016062019001:121","Animalia","Mollusca","Gastropoda","Pteropoda","Limacinidae","Limacina","Limacina helicina",49.703,-124.724
"6136359325","5e618452-d449-4290-a29c-6564b5fb3154","IOS2016009012501:162","Animalia","Mollusca","Gastropoda","Pteropoda","Limacinidae","Limacina","Limacina helicina",49.25,-123.75
"6136359324","5e618452-d449-4290-a29c-6564b5fb3154","IOS2016009012501:163","Animalia","Mollusca","Gastropoda","Pteropoda","Limacinidae","Limacina","Limacina helicina",49.25,-123.75
"6136359125","5e618452-d449-4290-a29c-6564b5fb3154","IOS2015022010601:160","Animalia","Mollusca","Gastropoda","Pteropoda","Limacinidae","Limacina","Limacina helicina",49.144,-123.612
"6136359115","5e618452-d449-4290-a29c-6564b5fb3154","IOS2015022014301:128","Animalia","Mollusca","Gastropoda","Pteropoda","Limacinidae","Limacina","Limacina helicina",49.147,-123.613
"6136359112","5e618452-d449-4290-a29c-6564b5fb3154","IOS2015022010601:159","Animalia","Mollusca","Gastropoda","Pteropoda","Limacinidae","Limacina","Limacina helicina",49.144,-123.612
"6136358994","5e618452-d449-4290-a29c-6564b5fb3154","IOS2016009016201:120","Animalia","Mollusca","Gastropoda","Pteropoda","Limacinidae","Limacina","Limacina helicina",49.454,-124.5
"6136358974","5e618452-d449-4290-a29c-6564b5fb3154","IOS2016009016201:119","Animalia","Mollusca","Gastropoda","Pteropoda","Limacinidae","Limacina","Limacina helicina",49.454,-124.5
"6136358960","5e618452-d449-4290-a29c-6564b5fb3154","IOS2015022014301:129","Animalia","Mollusca","Gastropoda","Pteropoda","Limacinidae","Limacina","Limacina helicina",49.147,-123.613
"6136358905","5e618452-d449-4290-a29c-6564b5fb3154","IOS2015021014601:94","Animalia","Mollusca","Gastropoda","Pteropoda","Limacinidae","Limacina","Limacina helicina",49.883,-124.993
"6136358638","5e618452-d449-4290-a29c-6564b5fb3154","PBS1996053000201A:94","Animalia","Mollusca","Gastropoda","Pteropoda","Limacinidae","Limacina","Limacina helicina",49.25,-123.748
"6136358571","5e618452-d449-4290-a29c-6564b5fb3154","IOS2016056005101:126","Animalia","Mollusca","Gastropoda","Pteropoda","Limacinidae","Limacina","Limacina helicina",49.669,-124.272
"6136358557","5e618452-d449-4290-a29c-6564b5fb3154","PBS2015012006301:105","Animalia","Mollusca","Gastropoda","Pteropoda","Limacinidae","Limacina","Limacina helicina",49.249,-123.773
"6136358556","5e618452-d449-4290-a29c-6564b5fb3154","PBS2015012006301:106","Animalia","Mollusca","Gastropoda","Pteropoda","Limacinidae","Limacina","Limacina helicina",49.249,-123.773
"6136358369","5e618452-d449-4290-a29c-6564b5fb3154","IOS2013012001801:93","Animalia","Mollusca","Gastropoda","Pteropoda","Limacinidae","Limacina","Limacina helicina",49.055,-123.389
"6136358366","5e618452-d449-4290-a29c-6564b5fb3154","IOS2013012001801:94","Animalia","Mollusca","Gastropoda","Pteropoda","Limacinidae","Limacina","Limacina helicina",49.055,-123.389
"6136358282","5e618452-d449-4290-a29c-6564b5fb3154","IOS2015022021701:96","Animalia","Mollusca","Gastropoda","Pteropoda","Limacinidae","Limacina","Limacina helicina",49.146,-123.616
"6136358208","5e618452-d449-4290-a29c-6564b5fb3154","IOS2017026001201:160","Animalia","Mollusca","Gastropoda","Pteropoda","Limacinidae","Limacina","Limacina helicina",49.246,-123.743
"6136358207","5e618452-d449-4290-a29c-6564b5fb3154","IOS2017026001201:161","Animalia","Mollusca","Gastropoda","Pteropoda","Limacinidae","Limacina","Limacina helicina",49.246,-123.743
"6136358122","5e618452-d449-4290-a29c-6564b5fb3154","IOS2016056001401:106","Animalia","Mollusca","Gastropoda","Pteropoda","Limacinidae","Limacina","Limacina helicina",49.197,-123.436
"6136358121","5e618452-d449-4290-a29c-6564b5fb3154","IOS2016056001401:107","Animalia","Mollusca","Gastropoda","Pteropoda","Limacinidae","Limacina","Limacina helicina",49.197,-123.436
"6136358026","5e618452-d449-4290-a29c-6564b5fb3154","IOS2018030005201:133","Animalia","Mollusca","Gastropoda","Pteropoda","Limacinidae","Limacina","Limacina helicina",49.055,-123.369
"6136358016","5e618452-d449-4290-a29c-6564b5fb3154","IOS2018030005201:132","Animalia","Mollusca","Gastropoda","Pteropoda","Limacinidae","Limacina","Limacina helicina",49.055,-123.369
"6136357822","5e618452-d449-4290-a29c-6564b5fb3154","IOS2016010001601:106","Animalia","Mollusca","Gastropoda","Pteropoda","Limacinidae","Limacina","Limacina helicina",49.883,-124.994
"6136357821","5e618452-d449-4290-a29c-6564b5fb3154","IOS2016010001601:107","Animalia","Mollusca","Gastropoda","Pteropoda","Limacinidae","Limacina","Limacina helicina",49.883,-124.994
"6136357740","5e618452-d449-4290-a29c-6564b5fb3154","IOS2016010005301:101","Animalia","Mollusca","Gastropoda","Pteropoda","Limacinidae","Limacina","Limacina helicina",49.2,-123.44
"6136357739","5e618452-d449-4290-a29c-6564b5fb3154","IOS2016010005301:102","Animalia","Mollusca","Gastropoda","Pteropoda","Limacinidae","Limacina","Limacina helicina",49.2,-123.44
"6136357569","5e618452-d449-4290-a29c-6564b5fb3154","HAK2016096000501:74","Animalia","Mollusca","Gastropoda","Pteropoda","Limacinidae","Limacina","Limacina helicina",50.031,-125.099
"6136357565","5e618452-d449-4290-a29c-6564b5fb3154","IOS2008005013001:82","Animalia","Mollusca","Gastropoda","Pteropoda","Limacinidae","Limacina","Limacina helicina",49.25,-123.75
"6136357211","5e618452-d449-4290-a29c-6564b5fb3154","IOS2018036004701:138","Animalia","Mollusca","Gastropoda","Pteropoda","Limacinidae","Limacina","Limacina helicina",49.463,-124.499
"6136357210","5e618452-d449-4290-a29c-6564b5fb3154","IOS2018036004701:139","Animalia","Mollusca","Gastropoda","Pteropoda","Limacinidae","Limacina","Limacina helicina",49.463,-124.499
"6136357209","5e618452-d449-4290-a29c-6564b5fb3154","PBS2008015031101:47","Animalia","Mollusca","Gastropoda","Pteropoda","Limacinidae","Limacina","Limacina helicina",49.739,-124.82
"6136357187","5e618452-d449-4290-a29c-6564b5fb3154","IOS2014003000101:109","Animalia","Mollusca","Gastropoda","Pteropoda","Limacinidae","Limacina","Limacina helicina",49.25,-123.744
"6136357013","5e618452-d449-4290-a29c-6564b5fb3154","IOS2016009021101:123","Animalia","Mollusca","Gastropoda","Pteropoda","Limacinidae","Limacina","Limacina helicina",49.668,-124.263
"6136357012","5e618452-d449-4290-a29c-6564b5fb3154","IOS2016009021101:124","Animalia","Mollusca","Gastropoda","Pteropoda","Limacinidae","Limacina","Limacina helicina",49.668,-124.263
"6136356898","5e618452-d449-4290-a29c-6564b5fb3154","PBS2009001003001:78","Animalia","Mollusca","Gastropoda","Pteropoda","Limacinidae","Limacina","Limacina helicina",49.784,-124.66
"6136356455","5e618452-d449-4290-a29c-6564b5fb3154","IOS2015022018101:115","Animalia","Mollusca","Gastropoda","Pteropoda","Limacinidae","Limacina","Limacina helicina",49.147,-123.614
"6136356371","5e618452-d449-4290-a29c-6564b5fb3154","PBS1998051000101:78","Animalia","Mollusca","Gastropoda","Pteropoda","Limacinidae","Limacina","Limacina helicina",49.25,-123.75
"6136356334","5e618452-d449-4290-a29c-6564b5fb3154","IOS2002006006801:69","Animalia","Mollusca","Gastropoda","Pteropoda","Limacinidae","Limacina","Limacina helicina",49.029,-123.423
"6136356152","5e618452-d449-4290-a29c-6564b5fb3154","PBS2010003009101:80","Animalia","Mollusca","Gastropoda","Pteropoda","Limacinidae","Limacina","Limacina helicina",49.77,-124.671
"6136356131","5e618452-d449-4290-a29c-6564b5fb3154","PBS2010003009101:79","Animalia","Mollusca","Gastropoda","Pteropoda","Limacinidae","Limacina","Limacina helicina",49.77,-124.671
"6136355884","5e618452-d449-4290-a29c-6564b5fb3154","IOS2016009012701:156","Animalia","Mollusca","Gastropoda","Pteropoda","Limacinidae","Limacina","Limacina helicina",49.367,-124.085
"6136355844","5e618452-d449-4290-a29c-6564b5fb3154","IOS2016009012701:155","Animalia","Mollusca","Gastropoda","Pteropoda","Limacinidae","Limacina","Limacina helicina",49.367,-124.085
"6136355668","5e618452-d449-4290-a29c-6564b5fb3154","IOS2016003004701:144","Animalia","Mollusca","Gastropoda","Pteropoda","Limacinidae","Limacina","Limacina helicina",49.672,-124.276
"6136355467","5e618452-d449-4290-a29c-6564b5fb3154","IOS1999020006001:79","Animalia","Mollusca","Gastropoda","Pteropoda","Limacinidae","Limacina","Limacina helicina",49.469,-124.502
"6136355224","5e618452-d449-4290-a29c-6564b5fb3154","PBS2010017043101:74","Animalia","Mollusca","Gastropoda","Pteropoda","Limacinidae","Limacina","Limacina helicina",49.017,-123.275
"6136355189","5e618452-d449-4290-a29c-6564b5fb3154","PBS2009046006601:94","Animalia","Mollusca","Gastropoda","Pteropoda","Limacinidae","Limacina","Limacina helicina",49.309,-123.674
"6136355187","5e618452-d449-4290-a29c-6564b5fb3154","PBS2009046006601:93","Animalia","Mollusca","Gastropoda","Pteropoda","Limacinidae","Limacina","Limacina helicina",49.309,-123.674
"6136355086","5e618452-d449-4290-a29c-6564b5fb3154","IOS2016009021301:123","Animalia","Mollusca","Gastropoda","Pteropoda","Limacinidae","Limacina","Limacina helicina",49.505,-124.1
"6136355085","5e618452-d449-4290-a29c-6564b5fb3154","IOS2016009021301:124","Animalia","Mollusca","Gastropoda","Pteropoda","Limacinidae","Limacina","Limacina helicina",49.505,-124.1
"6136355047","5e618452-d449-4290-a29c-6564b5fb3154","PBS2015056012801:82","Animalia","Mollusca","Gastropoda","Pteropoda","Limacinidae","Limacina","Limacina helicina",49.262,-123.808
"6136354970","5e618452-d449-4290-a29c-6564b5fb3154","IOS2013013006801:102","Animalia","Mollusca","Gastropoda","Pteropoda","Limacinidae","Limacina","Limacina helicina",49.463,-124.501
"6136354831","5e618452-d449-4290-a29c-6564b5fb3154","IOS2015022022701:147","Animalia","Mollusca","Gastropoda","Pteropoda","Limacinidae","Limacina","Limacina helicina",49.669,-124.276
"6136354827","5e618452-d449-4290-a29c-6564b5fb3154","IOS2015022022701:146","Animalia","Mollusca","Gastropoda","Pteropoda","Limacinidae","Limacina","Limacina helicina",49.669,-124.276
"6136354711","5e618452-d449-4290-a29c-6564b5fb3154","IOS2015022016401:127","Animalia","Mollusca","Gastropoda","Pteropoda","Limacinidae","Limacina","Limacina helicina",49.252,-123.753
"6136354708","5e618452-d449-4290-a29c-6564b5fb3154","IOS2015022016401:128","Animalia","Mollusca","Gastropoda","Pteropoda","Limacinidae","Limacina","Limacina helicina",49.252,-123.753
"6136354646","5e618452-d449-4290-a29c-6564b5fb3154","IOS2018031005901:123","Animalia","Mollusca","Gastropoda","Pteropoda","Limacinidae","Limacina","Limacina helicina",49.25,-123.751
"6136354644","5e618452-d449-4290-a29c-6564b5fb3154","IOS2018031005901:124","Animalia","Mollusca","Gastropoda","Pteropoda","Limacinidae","Limacina","Limacina helicina",49.25,-123.751
"6136354568","5e618452-d449-4290-a29c-6564b5fb3154","IOS2006030001201:55","Animalia","Mollusca","Gastropoda","Pteropoda","Limacinidae","Limacina","Limacina helicina",48.9,-123.233
"6136354552","5e618452-d449-4290-a29c-6564b5fb3154","IOS2013014006901:71","Animalia","Mollusca","Gastropoda","Pteropoda","Limacinidae","Limacina","Limacina helicina",49.671,-124.276
"6136354417","5e618452-d449-4290-a29c-6564b5fb3154","IOS2014006008801:127","Animalia","Mollusca","Gastropoda","Pteropoda","Limacinidae","Limacina","Limacina helicina",49.67,-124.272
"6136354416","5e618452-d449-4290-a29c-6564b5fb3154","IOS2014006008801:126","Animalia","Mollusca","Gastropoda","Pteropoda","Limacinidae","Limacina","Limacina helicina",49.67,-124.272
"6136354279","5e618452-d449-4290-a29c-6564b5fb3154","IOS2018029004901:154","Animalia","Mollusca","Gastropoda","Pteropoda","Limacinidae","Limacina","Limacina helicina",49.03,-123.437
"6136354278","5e618452-d449-4290-a29c-6564b5fb3154","IOS2018029004901:153","Animalia","Mollusca","Gastropoda","Pteropoda","Limacinidae","Limacina","Limacina helicina",49.03,-123.437
"6136354258","5e618452-d449-4290-a29c-6564b5fb3154","PBS2016045008901:139","Animalia","Mollusca","Gastropoda","Pteropoda","Limacinidae","Limacina","Limacina helicina",49.455,-124.586
"6136354257","5e618452-d449-4290-a29c-6564b5fb3154","PBS2016045008901:138","Animalia","Mollusca","Gastropoda","Pteropoda","Limacinidae","Limacina","Limacina helicina",49.455,-124.586
"6136354142","5e618452-d449-4290-a29c-6564b5fb3154","IOS2015022005201:81","Animalia","Mollusca","Gastropoda","Pteropoda","Limacinidae","Limacina","Limacina helicina",49.143,-123.612
"6136354116","5e618452-d449-4290-a29c-6564b5fb3154","IOS2017048001301:123","Animalia","Mollusca","Gastropoda","Pteropoda","Limacinidae","Limacina","Limacina helicina",49.666,-124.271
"6136354114","5e618452-d449-4290-a29c-6564b5fb3154","IOS2017048001301:122","Animalia","Mollusca","Gastropoda","Pteropoda","Limacinidae","Limacina","Limacina helicina",49.666,-124.271
"6136353967","5e618452-d449-4290-a29c-6564b5fb3154","IOS2015022012701:140","Animalia","Mollusca","Gastropoda","Pteropoda","Limacinidae","Limacina","Limacina helicina",49.2,-123.44
"6136353960","5e618452-d449-4290-a29c-6564b5fb3154","IOS2015022012701:141","Animalia","Mollusca","Gastropoda","Pteropoda","Limacinidae","Limacina","Limacina helicina",49.2,-123.44
"6136353911","5e618452-d449-4290-a29c-6564b5fb3154","HAK2017097000801:70","Animalia","Mollusca","Gastropoda","Pteropoda","Limacinidae","Limacina","Limacina helicina",50.031,-125.099
"6136353887","5e618452-d449-4290-a29c-6564b5fb3154","PBS1998052000101:89","Animalia","Mollusca","Gastropoda","Pteropoda","Limacinidae","Limacina","Limacina helicina",49.25,-123.75
"6136353838","5e618452-d449-4290-a29c-6564b5fb3154","IOS2016009005701:115","Animalia","Mollusca","Gastropoda","Pteropoda","Limacinidae","Limacina","Limacina helicina",49.401,-123.756
"6136353836","5e618452-d449-4290-a29c-6564b5fb3154","IOS2016009005701:114","Animalia","Mollusca","Gastropoda","Pteropoda","Limacinidae","Limacina","Limacina helicina",49.401,-123.756
"6136353717","5e618452-d449-4290-a29c-6564b5fb3154","IOS2015014003601:127","Animalia","Mollusca","Gastropoda","Pteropoda","Limacinidae","Limacina","Limacina helicina",49.143,-123.441
"6136353539","5e618452-d449-4290-a29c-6564b5fb3154","IOS2012006007906:109","Animalia","Mollusca","Gastropoda","Pteropoda","Limacinidae","Limacina","Limacina helicina",49.673,-124.276
"6136353535","5e618452-d449-4290-a29c-6564b5fb3154","IOS2012006007906:110","Animalia","Mollusca","Gastropoda","Pteropoda","Limacinidae","Limacina","Limacina helicina",49.673,-124.276
"6136353445","5e618452-d449-4290-a29c-6564b5fb3154","IOS2018039017801:140","Animalia","Mollusca","Gastropoda","Pteropoda","Limacinidae","Limacina","Limacina helicina",49.256,-123.751
"6136353419","5e618452-d449-4290-a29c-6564b5fb3154","IOS2018039017801:139","Animalia","Mollusca","Gastropoda","Pteropoda","Limacinidae","Limacina","Limacina helicina",49.256,-123.751
"6136353271","5e618452-d449-4290-a29c-6564b5fb3154","IOS2014006006601:108","Animalia","Mollusca","Gastropoda","Pteropoda","Limacinidae","Limacina","Limacina helicina",49.466,-124.499
"6136353220","5e618452-d449-4290-a29c-6564b5fb3154","IOS2018030009901:140","Animalia","Mollusca","Gastropoda","Pteropoda","Limacinidae","Limacina","Limacina helicina",49.669,-124.274
"6136353219","5e618452-d449-4290-a29c-6564b5fb3154","IOS2018030009901:141","Animalia","Mollusca","Gastropoda","Pteropoda","Limacinidae","Limacina","Limacina helicina",49.669,-124.274
"6136353146","5e618452-d449-4290-a29c-6564b5fb3154","PBS2014016022901:73","Animalia","Mollusca","Gastropoda","Pteropoda","Limacinidae","Limacina","Limacina helicina",49.504,-124.436
"6136353130","5e618452-d449-4290-a29c-6564b5fb3154","IOS2015019006101:123","Animalia","Mollusca","Gastropoda","Pteropoda","Limacinidae","Limacina","Limacina helicina",49.668,-124.27
"6136353129","5e618452-d449-4290-a29c-6564b5fb3154","IOS2015019006101:122","Animalia","Mollusca","Gastropoda","Pteropoda","Limacinidae","Limacina","Limacina helicina",49.668,-124.27
"6136353098","5e618452-d449-4290-a29c-6564b5fb3154","IOS2007001013201:88","Animalia","Mollusca","Gastropoda","Pteropoda","Limacinidae","Limacina","Limacina helicina",49.25,-123.748
"6136353096","5e618452-d449-4290-a29c-6564b5fb3154","IOS2007001013201:87","Animalia","Mollusca","Gastropoda","Pteropoda","Limacinidae","Limacina","Limacina helicina",49.25,-123.748
"6136352976","5e618452-d449-4290-a29c-6564b5fb3154","IOS2018031004801:123","Animalia","Mollusca","Gastropoda","Pteropoda","Limacinidae","Limacina","Limacina helicina",49.03,-123.44
"6136352974","5e618452-d449-4290-a29c-6564b5fb3154","IOS2018031004801:124","Animalia","Mollusca","Gastropoda","Pteropoda","Limacinidae","Limacina","Limacina helicina",49.03,-123.44
"6136352962","5e618452-d449-4290-a29c-6564b5fb3154","IOS2015019009401:112","Animalia","Mollusca","Gastropoda","Pteropoda","Limacinidae","Limacina","Limacina helicina",49.505,-124.1
"6136352742","5e618452-d449-4290-a29c-6564b5fb3154","PBS2008015033701:89","Animalia","Mollusca","Gastropoda","Pteropoda","Limacinidae","Limacina","Limacina helicina",49.217,-123.341
"6136352740","5e618452-d449-4290-a29c-6564b5fb3154","PBS2008015033701:88","Animalia","Mollusca","Gastropoda","Pteropoda","Limacinidae","Limacina","Limacina helicina",49.217,-123.341
"6136352709","5e618452-d449-4290-a29c-6564b5fb3154","IOS1998001002901:95","Animalia","Mollusca","Gastropoda","Pteropoda","Limacinidae","Limacina","Limacina helicina",49.25,-123.75
"6136352385","5e618452-d449-4290-a29c-6564b5fb3154","UBC9999099000701:63","Animalia","Mollusca","Gastropoda","Pteropoda","Limacinidae","Limacina","Limacina helicina",49.25,-123.667
"6136352323","5e618452-d449-4290-a29c-6564b5fb3154","IOS2017063009601:145","Animalia","Mollusca","Gastropoda","Pteropoda","Limacinidae","Limacina","Limacina helicina",49.469,-124.504
"6136352322","5e618452-d449-4290-a29c-6564b5fb3154","IOS2017063009601:144","Animalia","Mollusca","Gastropoda","Pteropoda","Limacinidae","Limacina","Limacina helicina",49.469,-124.504
"6136352094","5e618452-d449-4290-a29c-6564b5fb3154","IOS2016009006101:137","Animalia","Mollusca","Gastropoda","Pteropoda","Limacinidae","Limacina","Limacina helicina",49.25,-123.75
"6136352089","5e618452-d449-4290-a29c-6564b5fb3154","IOS2016009006101:136","Animalia","Mollusca","Gastropoda","Pteropoda","Limacinidae","Limacina","Limacina helicina",49.25,-123.75
"6136352053","5e618452-d449-4290-a29c-6564b5fb3154","IOS2015022012001:174","Animalia","Mollusca","Gastropoda","Pteropoda","Limacinidae","Limacina","Limacina helicina",49.67,-124.274
"6136352052","5e618452-d449-4290-a29c-6564b5fb3154","IOS2015022012001:173","Animalia","Mollusca","Gastropoda","Pteropoda","Limacinidae","Limacina","Limacina helicina",49.67,-124.274
"6136351892","5e618452-d449-4290-a29c-6564b5fb3154","UVI2003031003501:89","Animalia","Mollusca","Gastropoda","Pteropoda","Limacinidae","Limacina","Limacina helicina",49.25,-123.748
"6136351891","5e618452-d449-4290-a29c-6564b5fb3154","UVI2003031003501:88","Animalia","Mollusca","Gastropoda","Pteropoda","Limacinidae","Limacina","Limacina helicina",49.25,-123.748
"6136351845","5e618452-d449-4290-a29c-6564b5fb3154","IOS2012005003701:148","Animalia","Mollusca","Gastropoda","Pteropoda","Limacinidae","Limacina","Limacina helicina",49.367,-124.085
"6136351844","5e618452-d449-4290-a29c-6564b5fb3154","IOS2012005003701:147","Animalia","Mollusca","Gastropoda","Pteropoda","Limacinidae","Limacina","Limacina helicina",49.367,-124.085
"6136351814","5e618452-d449-4290-a29c-6564b5fb3154","IOS2016009020001:133","Animalia","Mollusca","Gastropoda","Pteropoda","Limacinidae","Limacina","Limacina helicina",49.249,-123.747
"6136351813","5e618452-d449-4290-a29c-6564b5fb3154","IOS2016009020001:132","Animalia","Mollusca","Gastropoda","Pteropoda","Limacinidae","Limacina","Limacina helicina",49.249,-123.747
"6136351783","5e618452-d449-4290-a29c-6564b5fb3154","PBS2016046008301:59","Animalia","Mollusca","Gastropoda","Pteropoda","Limacinidae","Limacina","Limacina helicina",49.698,-124.791
"6136351644","5e618452-d449-4290-a29c-6564b5fb3154","IOS2009008015701:101","Animalia","Mollusca","Gastropoda","Pteropoda","Limacinidae","Limacina","Limacina helicina",49.252,-123.749
"6136351637","5e618452-d449-4290-a29c-6564b5fb3154","IOS2016009017601:98","Animalia","Mollusca","Gastropoda","Pteropoda","Limacinidae","Limacina","Limacina helicina",49.403,-123.758
"6136351634","5e618452-d449-4290-a29c-6564b5fb3154","IOS2016009017601:99","Animalia","Mollusca","Gastropoda","Pteropoda","Limacinidae","Limacina","Limacina helicina",49.403,-123.758
"6136351545","5e618452-d449-4290-a29c-6564b5fb3154","IOS2016005007001:164","Animalia","Mollusca","Gastropoda","Pteropoda","Limacinidae","Limacina","Limacina helicina",49.367,-124.085
"6136351540","5e618452-d449-4290-a29c-6564b5fb3154","IOS2016005007001:163","Animalia","Mollusca","Gastropoda","Pteropoda","Limacinidae","Limacina","Limacina helicina",49.367,-124.085
"6136351445","5e618452-d449-4290-a29c-6564b5fb3154","IOS2016047019601:137","Animalia","Mollusca","Gastropoda","Pteropoda","Limacinidae","Limacina","Limacina helicina",49.055,-123.371
"6136351444","5e618452-d449-4290-a29c-6564b5fb3154","IOS2016047019601:136","Animalia","Mollusca","Gastropoda","Pteropoda","Limacinidae","Limacina","Limacina helicina",49.055,-123.371
"6136351318","5e618452-d449-4290-a29c-6564b5fb3154","IOS2017007011501:135","Animalia","Mollusca","Gastropoda","Pteropoda","Limacinidae","Limacina","Limacina helicina",49.707,-124.723
"6136351316","5e618452-d449-4290-a29c-6564b5fb3154","IOS2017007011501:136","Animalia","Mollusca","Gastropoda","Pteropoda","Limacinidae","Limacina","Limacina helicina",49.707,-124.723
"6136351266","5e618452-d449-4290-a29c-6564b5fb3154","IOS2016062020401:104","Animalia","Mollusca","Gastropoda","Pteropoda","Limacinidae","Limacina","Limacina helicina",49.2,-123.44
"6136351265","5e618452-d449-4290-a29c-6564b5fb3154","IOS2016062020401:103","Animalia","Mollusca","Gastropoda","Pteropoda","Limacinidae","Limacina","Limacina helicina",49.2,-123.44
"6136351224","5e618452-d449-4290-a29c-6564b5fb3154","IOS2004030000701:69","Animalia","Mollusca","Gastropoda","Pteropoda","Limacinidae","Limacina","Limacina helicina",49.291,-123.944
"6136351223","5e618452-d449-4290-a29c-6564b5fb3154","IOS2004030000701:68","Animalia","Mollusca","Gastropoda","Pteropoda","Limacinidae","Limacina","Limacina helicina",49.291,-123.944
"6136351189","5e618452-d449-4290-a29c-6564b5fb3154","IOS2016009020901:125","Animalia","Mollusca","Gastropoda","Pteropoda","Limacinidae","Limacina","Limacina helicina",49.705,-124.718
"6136351168","5e618452-d449-4290-a29c-6564b5fb3154","IOS2016009004401:107","Animalia","Mollusca","Gastropoda","Pteropoda","Limacinidae","Limacina","Limacina helicina",49.367,-124.082
"6136351092","5e618452-d449-4290-a29c-6564b5fb3154","UBC9999099001901:76","Animalia","Mollusca","Gastropoda","Pteropoda","Limacinidae","Limacina","Limacina helicina",49.25,-123.667
"6136350967","5e618452-d449-4290-a29c-6564b5fb3154","IOS2015019005501:106","Animalia","Mollusca","Gastropoda","Pteropoda","Limacinidae","Limacina","Limacina helicina",49.249,-123.749
"6136350964","5e618452-d449-4290-a29c-6564b5fb3154","IOS2015019005501:107","Animalia","Mollusca","Gastropoda","Pteropoda","Limacinidae","Limacina","Limacina helicina",49.249,-123.749
"6136350787","5e618452-d449-4290-a29c-6564b5fb3154","IOS2015017005401:165","Animalia","Mollusca","Gastropoda","Pteropoda","Limacinidae","Limacina","Limacina helicina",49.25,-123.749
"6136350781","5e618452-d449-4290-a29c-6564b5fb3154","IOS2015017005401:166","Animalia","Mollusca","Gastropoda","Pteropoda","Limacinidae","Limacina","Limacina helicina",49.25,-123.749
"6136350626","5e618452-d449-4290-a29c-6564b5fb3154","PBS2009041034001:103","Animalia","Mollusca","Gastropoda","Pteropoda","Limacinidae","Limacina","Limacina helicina",49.121,-123.354
"6136350623","5e618452-d449-4290-a29c-6564b5fb3154","PBS2009041034001:102","Animalia","Mollusca","Gastropoda","Pteropoda","Limacinidae","Limacina","Limacina helicina",49.121,-123.354
"6136350542","5e618452-d449-4290-a29c-6564b5fb3154","IOS2016009015501:125","Animalia","Mollusca","Gastropoda","Pteropoda","Limacinidae","Limacina","Limacina helicina",49.055,-123.372
"6136350537","5e618452-d449-4290-a29c-6564b5fb3154","IOS2016009015501:124","Animalia","Mollusca","Gastropoda","Pteropoda","Limacinidae","Limacina","Limacina helicina",49.055,-123.372
"6136350507","5e618452-d449-4290-a29c-6564b5fb3154","IOS2016007009101:137","Animalia","Mollusca","Gastropoda","Pteropoda","Limacinidae","Limacina","Limacina helicina",49.883,-124.993
"6136350500","5e618452-d449-4290-a29c-6564b5fb3154","IOS2016007009101:138","Animalia","Mollusca","Gastropoda","Pteropoda","Limacinidae","Limacina","Limacina helicina",49.883,-124.993
"6136350442","5e618452-d449-4290-a29c-6564b5fb3154","IOS2008061005901:72","Animalia","Mollusca","Gastropoda","Pteropoda","Limacinidae","Limacina","Limacina helicina",49.458,-124.513
"6136350375","5e618452-d449-4290-a29c-6564b5fb3154","PBS2010003006501:88","Animalia","Mollusca","Gastropoda","Pteropoda","Limacinidae","Limacina","Limacina helicina",49.625,-124.151
"6136350373","5e618452-d449-4290-a29c-6564b5fb3154","PBS2010003006501:87","Animalia","Mollusca","Gastropoda","Pteropoda","Limacinidae","Limacina","Limacina helicina",49.625,-124.151
"6136350194","5e618452-d449-4290-a29c-6564b5fb3154","IOS2016003001901:107","Animalia","Mollusca","Gastropoda","Pteropoda","Limacinidae","Limacina","Limacina helicina",49.401,-123.758
"6136350138","5e618452-d449-4290-a29c-6564b5fb3154","IOS2015022004701:121","Animalia","Mollusca","Gastropoda","Pteropoda","Limacinidae","Limacina","Limacina helicina",49.368,-124.084
"6136350135","5e618452-d449-4290-a29c-6564b5fb3154","IOS2015022004701:120","Animalia","Mollusca","Gastropoda","Pteropoda","Limacinidae","Limacina","Limacina helicina",49.368,-124.084
"6136349996","5e618452-d449-4290-a29c-6564b5fb3154","IOS2015022022001:94","Animalia","Mollusca","Gastropoda","Pteropoda","Limacinidae","Limacina","Limacina helicina",49.248,-123.745
"6136349952","5e618452-d449-4290-a29c-6564b5fb3154","IOS2015021015401:112","Animalia","Mollusca","Gastropoda","Pteropoda","Limacinidae","Limacina","Limacina helicina",49.669,-124.27
"6136349951","5e618452-d449-4290-a29c-6564b5fb3154","IOS2015021015401:111","Animalia","Mollusca","Gastropoda","Pteropoda","Limacinidae","Limacina","Limacina helicina",49.669,-124.27
"6136349929","5e618452-d449-4290-a29c-6564b5fb3154","IOS2015022022501:127","Animalia","Mollusca","Gastropoda","Pteropoda","Limacinidae","Limacina","Limacina helicina",49.507,-124.099
"6136349925","5e618452-d449-4290-a29c-6564b5fb3154","IOS2015022022501:128","Animalia","Mollusca","Gastropoda","Pteropoda","Limacinidae","Limacina","Limacina helicina",49.507,-124.099
"6136349906","5e618452-d449-4290-a29c-6564b5fb3154","IOS2016062019401:116","Animalia","Mollusca","Gastropoda","Pteropoda","Limacinidae","Limacina","Limacina helicina",49.366,-124.09
"6136349903","5e618452-d449-4290-a29c-6564b5fb3154","IOS2016062019401:115","Animalia","Mollusca","Gastropoda","Pteropoda","Limacinidae","Limacina","Limacina helicina",49.366,-124.09
"6136349848","5e618452-d449-4290-a29c-6564b5fb3154","IOS2018030004901:154","Animalia","Mollusca","Gastropoda","Pteropoda","Limacinidae","Limacina","Limacina helicina",49.029,-123.437
"6136349832","5e618452-d449-4290-a29c-6564b5fb3154","IOS2018030004901:155","Animalia","Mollusca","Gastropoda","Pteropoda","Limacinidae","Limacina","Limacina helicina",49.029,-123.437
"6136349635","5e618452-d449-4290-a29c-6564b5fb3154","IOS2014050002101:105","Animalia","Mollusca","Gastropoda","Pteropoda","Limacinidae","Limacina","Limacina helicina",49.669,-124.272
"6136349634","5e618452-d449-4290-a29c-6564b5fb3154","IOS2014050002101:104","Animalia","Mollusca","Gastropoda","Pteropoda","Limacinidae","Limacina","Limacina helicina",49.669,-124.272
"6136349614","5e618452-d449-4290-a29c-6564b5fb3154","UVI2004000000801:89","Animalia","Mollusca","Gastropoda","Pteropoda","Limacinidae","Limacina","Limacina helicina",49.25,-123.748
"6136349541","5e618452-d449-4290-a29c-6564b5fb3154","IOS2012006006706:90","Animalia","Mollusca","Gastropoda","Pteropoda","Limacinidae","Limacina","Limacina helicina",49.458,-124.519
"6136349375","5e618452-d449-4290-a29c-6564b5fb3154","IOS2016009013701:174","Animalia","Mollusca","Gastropoda","Pteropoda","Limacinidae","Limacina","Limacina helicina",49.504,-124.101
"6136349361","5e618452-d449-4290-a29c-6564b5fb3154","IOS2017047000301:168","Animalia","Mollusca","Gastropoda","Pteropoda","Limacinidae","Limacina","Limacina helicina",49.25,-123.75
"6136349339","5e618452-d449-4290-a29c-6564b5fb3154","UVI2005000002001:67","Animalia","Mollusca","Gastropoda","Pteropoda","Limacinidae","Limacina","Limacina helicina",49.25,-123.748
"6136349326","5e618452-d449-4290-a29c-6564b5fb3154","UVI2005000002001:68","Animalia","Mollusca","Gastropoda","Pteropoda","Limacinidae","Limacina","Limacina helicina",49.25,-123.748
"6136349307","5e618452-d449-4290-a29c-6564b5fb3154","IOS2017047000301:169","Animalia","Mollusca","Gastropoda","Pteropoda","Limacinidae","Limacina","Limacina helicina",49.25,-123.75
"6136349117","5e618452-d449-4290-a29c-6564b5fb3154","IOS2017005017801:143","Animalia","Mollusca","Gastropoda","Pteropoda","Limacinidae","Limacina","Limacina helicina",49.252,-123.751
"6136349115","5e618452-d449-4290-a29c-6564b5fb3154","IOS2017005017801:144","Animalia","Mollusca","Gastropoda","Pteropoda","Limacinidae","Limacina","Limacina helicina",49.252,-123.751
"6136348892","5e618452-d449-4290-a29c-6564b5fb3154","IOS2012006007506:96","Animalia","Mollusca","Gastropoda","Pteropoda","Limacinidae","Limacina","Limacina helicina",49.709,-124.729
"6136348886","5e618452-d449-4290-a29c-6564b5fb3154","IOS2012006007506:97","Animalia","Mollusca","Gastropoda","Pteropoda","Limacinidae","Limacina","Limacina helicina",49.709,-124.729
"6136348502","5e618452-d449-4290-a29c-6564b5fb3154","IOS2018039016501:161","Animalia","Mollusca","Gastropoda","Pteropoda","Limacinidae","Limacina","Limacina helicina",49.467,-124.499
"6136348501","5e618452-d449-4290-a29c-6564b5fb3154","IOS2018039016501:160","Animalia","Mollusca","Gastropoda","Pteropoda","Limacinidae","Limacina","Limacina helicina",49.467,-124.499
"6136348489","5e618452-d449-4290-a29c-6564b5fb3154","IOS2015018008401:138","Animalia","Mollusca","Gastropoda","Pteropoda","Limacinidae","Limacina","Limacina helicina",49.707,-124.724
"6136348485","5e618452-d449-4290-a29c-6564b5fb3154","IOS2015018008401:139","Animalia","Mollusca","Gastropoda","Pteropoda","Limacinidae","Limacina","Limacina helicina",49.707,-124.724
"6136348217","5e618452-d449-4290-a29c-6564b5fb3154","PBS2009046001401:73","Animalia","Mollusca","Gastropoda","Pteropoda","Limacinidae","Limacina","Limacina helicina",49.829,-124.937
"6136348148","5e618452-d449-4290-a29c-6564b5fb3154","IOS2016005006401:162","Animalia","Mollusca","Gastropoda","Pteropoda","Limacinidae","Limacina","Limacina helicina",49.401,-123.756
"6136348146","5e618452-d449-4290-a29c-6564b5fb3154","IOS2016005006401:161","Animalia","Mollusca","Gastropoda","Pteropoda","Limacinidae","Limacina","Limacina helicina",49.401,-123.756
"6136347957","5e618452-d449-4290-a29c-6564b5fb3154","IOS1999016004901:99","Animalia","Mollusca","Gastropoda","Pteropoda","Limacinidae","Limacina","Limacina helicina",49.352,-124.123
"6136347936","5e618452-d449-4290-a29c-6564b5fb3154","PBS2008015029901:51","Animalia","Mollusca","Gastropoda","Pteropoda","Limacinidae","Limacina","Limacina helicina",49.555,-124.444
"6136347795","5e618452-d449-4290-a29c-6564b5fb3154","IOS2016056002201:84","Animalia","Mollusca","Gastropoda","Pteropoda","Limacinidae","Limacina","Limacina helicina",49.403,-123.758
"6136347597","5e618452-d449-4290-a29c-6564b5fb3154","IOS2016009020201:117","Animalia","Mollusca","Gastropoda","Pteropoda","Limacinidae","Limacina","Limacina helicina",49.369,-124.076
"6136347596","5e618452-d449-4290-a29c-6564b5fb3154","IOS2016009020201:116","Animalia","Mollusca","Gastropoda","Pteropoda","Limacinidae","Limacina","Limacina helicina",49.369,-124.076
"6136347416","5e618452-d449-4290-a29c-6564b5fb3154","PBS2014016005201:92","Animalia","Mollusca","Gastropoda","Pteropoda","Limacinidae","Limacina","Limacina helicina",49.045,-123.58
"6136347297","5e618452-d449-4290-a29c-6564b5fb3154","IOS2018001009101:144","Animalia","Mollusca","Gastropoda","Pteropoda","Limacinidae","Limacina","Limacina helicina",49.028,-123.437
"6136347290","5e618452-d449-4290-a29c-6564b5fb3154","IOS2018001009101:145","Animalia","Mollusca","Gastropoda","Pteropoda","Limacinidae","Limacina","Limacina helicina",49.028,-123.437
"6136346948","5e618452-d449-4290-a29c-6564b5fb3154","IOS2018005003501:122","Animalia","Mollusca","Gastropoda","Pteropoda","Limacinidae","Limacina","Limacina helicina",49.25,-123.749
"6136346865","5e618452-d449-4290-a29c-6564b5fb3154","IOS2018032005601:113","Animalia","Mollusca","Gastropoda","Pteropoda","Limacinidae","Limacina","Limacina helicina",49.25,-123.748
"6136346864","5e618452-d449-4290-a29c-6564b5fb3154","IOS2018032005601:112","Animalia","Mollusca","Gastropoda","Pteropoda","Limacinidae","Limacina","Limacina helicina",49.25,-123.748
"6136346731","5e618452-d449-4290-a29c-6564b5fb3154","IOS2017005017501:101","Animalia","Mollusca","Gastropoda","Pteropoda","Limacinidae","Limacina","Limacina helicina",49.401,-123.756
"6136346488","5e618452-d449-4290-a29c-6564b5fb3154","PBS2008015032301:50","Animalia","Mollusca","Gastropoda","Pteropoda","Limacinidae","Limacina","Limacina helicina",49.705,-124.252
"6136346470","5e618452-d449-4290-a29c-6564b5fb3154","PBS2008015032301:49","Animalia","Mollusca","Gastropoda","Pteropoda","Limacinidae","Limacina","Limacina helicina",49.705,-124.252
"6136346246","5e618452-d449-4290-a29c-6564b5fb3154","IOS2016071003401:98","Animalia","Mollusca","Gastropoda","Pteropoda","Limacinidae","Limacina","Limacina helicina",49.054,-123.37
"6136346164","5e618452-d449-4290-a29c-6564b5fb3154","IOS2016009013501:172","Animalia","Mollusca","Gastropoda","Pteropoda","Limacinidae","Limacina","Limacina helicina",49.671,-124.273
"6136346163","5e618452-d449-4290-a29c-6564b5fb3154","IOS2016009013501:171","Animalia","Mollusca","Gastropoda","Pteropoda","Limacinidae","Limacina","Limacina helicina",49.671,-124.273
"6136346125","5e618452-d449-4290-a29c-6564b5fb3154","IOS2004006003401:93","Animalia","Mollusca","Gastropoda","Pteropoda","Limacinidae","Limacina","Limacina helicina",49.337,-123.664
"6136345924","5e618452-d449-4290-a29c-6564b5fb3154","PBS1998057000201:73","Animalia","Mollusca","Gastropoda","Pteropoda","Limacinidae","Limacina","Limacina helicina",49.25,-123.75
"6136345923","5e618452-d449-4290-a29c-6564b5fb3154","PBS1998057000201:72","Animalia","Mollusca","Gastropoda","Pteropoda","Limacinidae","Limacina","Limacina helicina",49.25,-123.75
"6136345852","5e618452-d449-4290-a29c-6564b5fb3154","IOS2016009006801:117","Animalia","Mollusca","Gastropoda","Pteropoda","Limacinidae","Limacina","Limacina helicina",49.054,-123.373
"6136345850","5e618452-d449-4290-a29c-6564b5fb3154","IOS2016009006801:116","Animalia","Mollusca","Gastropoda","Pteropoda","Limacinidae","Limacina","Limacina helicina",49.054,-123.373
"6136345825","5e618452-d449-4290-a29c-6564b5fb3154","IOS2016047018301:159","Animalia","Mollusca","Gastropoda","Pteropoda","Limacinidae","Limacina","Limacina helicina",49.366,-124.086
"6136345821","5e618452-d449-4290-a29c-6564b5fb3154","IOS2016047018301:158","Animalia","Mollusca","Gastropoda","Pteropoda","Limacinidae","Limacina","Limacina helicina",49.366,-124.086
"6136345802","5e618452-d449-4290-a29c-6564b5fb3154","IOS2009026007601:96","Animalia","Mollusca","Gastropoda","Pteropoda","Limacinidae","Limacina","Limacina helicina",49.25,-123.75
"6136345634","5e618452-d449-4290-a29c-6564b5fb3154","IOS2016009001101:141","Animalia","Mollusca","Gastropoda","Pteropoda","Limacinidae","Limacina","Limacina helicina",49.668,-124.269
"6136345436","5e618452-d449-4290-a29c-6564b5fb3154","IOS2015022004901:141","Animalia","Mollusca","Gastropoda","Pteropoda","Limacinidae","Limacina","Limacina helicina",49.248,-123.75
"6136345432","5e618452-d449-4290-a29c-6564b5fb3154","IOS2015021016501:69","Animalia","Mollusca","Gastropoda","Pteropoda","Limacinidae","Limacina","Limacina helicina",49.056,-123.374
"6136345431","5e618452-d449-4290-a29c-6564b5fb3154","IOS2015022004901:142","Animalia","Mollusca","Gastropoda","Pteropoda","Limacinidae","Limacina","Limacina helicina",49.248,-123.75
"6136345378","5e618452-d449-4290-a29c-6564b5fb3154","IOS2016062019601:123","Animalia","Mollusca","Gastropoda","Pteropoda","Limacinidae","Limacina","Limacina helicina",49.669,-124.277
"6136345377","5e618452-d449-4290-a29c-6564b5fb3154","IOS2016062019601:122","Animalia","Mollusca","Gastropoda","Pteropoda","Limacinidae","Limacina","Limacina helicina",49.669,-124.277
"6136345290","5e618452-d449-4290-a29c-6564b5fb3154","IOS2016010002801:124","Animalia","Mollusca","Gastropoda","Pteropoda","Limacinidae","Limacina","Limacina helicina",49.459,-124.515
"6136345266","5e618452-d449-4290-a29c-6564b5fb3154","IOS2016010002801:125","Animalia","Mollusca","Gastropoda","Pteropoda","Limacinidae","Limacina","Limacina helicina",49.459,-124.515
"6136345251","5e618452-d449-4290-a29c-6564b5fb3154","IOS2018039016701:138","Animalia","Mollusca","Gastropoda","Pteropoda","Limacinidae","Limacina","Limacina helicina",49.366,-124.083
"6136345247","5e618452-d449-4290-a29c-6564b5fb3154","IOS2018039016701:139","Animalia","Mollusca","Gastropoda","Pteropoda","Limacinidae","Limacina","Limacina helicina",49.366,-124.083
"6136345151","5e618452-d449-4290-a29c-6564b5fb3154","IOS2015022021301:99","Animalia","Mollusca","Gastropoda","Pteropoda","Limacinidae","Limacina","Limacina helicina",49.054,-123.377
"6136345116","5e618452-d449-4290-a29c-6564b5fb3154","PBS2008012001701:52","Animalia","Mollusca","Gastropoda","Pteropoda","Limacinidae","Limacina","Limacina helicina",49.825,-124.567
"6136345115","5e618452-d449-4290-a29c-6564b5fb3154","PBS2008012001701:51","Animalia","Mollusca","Gastropoda","Pteropoda","Limacinidae","Limacina","Limacina helicina",49.825,-124.567
"6136344993","5e618452-d449-4290-a29c-6564b5fb3154","IOS2015022007101:148","Animalia","Mollusca","Gastropoda","Pteropoda","Limacinidae","Limacina","Limacina helicina",49.199,-123.438
"6136344976","5e618452-d449-4290-a29c-6564b5fb3154","IOS2015022007101:149","Animalia","Mollusca","Gastropoda","Pteropoda","Limacinidae","Limacina","Limacina helicina",49.199,-123.438
"6136344791","5e618452-d449-4290-a29c-6564b5fb3154","IOS2015022003401:150","Animalia","Mollusca","Gastropoda","Pteropoda","Limacinidae","Limacina","Limacina helicina",49.504,-124.1
"6136344786","5e618452-d449-4290-a29c-6564b5fb3154","IOS2015022003401:151","Animalia","Mollusca","Gastropoda","Pteropoda","Limacinidae","Limacina","Limacina helicina",49.504,-124.1
"6136344677","5e618452-d449-4290-a29c-6564b5fb3154","UBC9999099000501:49","Animalia","Mollusca","Gastropoda","Pteropoda","Limacinidae","Limacina","Limacina helicina",49.25,-123.667
"6136344471","5e618452-d449-4290-a29c-6564b5fb3154","PBS2009041033901:116","Animalia","Mollusca","Gastropoda","Pteropoda","Limacinidae","Limacina","Limacina helicina",49.284,-123.993
"6136344283","5e618452-d449-4290-a29c-6564b5fb3154","IOS1999020005401:84","Animalia","Mollusca","Gastropoda","Pteropoda","Limacinidae","Limacina","Limacina helicina",49.349,-124.12
"6136344270","5e618452-d449-4290-a29c-6564b5fb3154","IOS2018030006201:128","Animalia","Mollusca","Gastropoda","Pteropoda","Limacinidae","Limacina","Limacina helicina",49.252,-123.756
"6136344262","5e618452-d449-4290-a29c-6564b5fb3154","IOS2018030006201:129","Animalia","Mollusca","Gastropoda","Pteropoda","Limacinidae","Limacina","Limacina helicina",49.252,-123.756
"6136344204","5e618452-d449-4290-a29c-6564b5fb3154","IOS2017005016501:136","Animalia","Mollusca","Gastropoda","Pteropoda","Limacinidae","Limacina","Limacina helicina",49.707,-124.725
"6136344203","5e618452-d449-4290-a29c-6564b5fb3154","IOS2017005016501:135","Animalia","Mollusca","Gastropoda","Pteropoda","Limacinidae","Limacina","Limacina helicina",49.707,-124.725
"6136344152","5e618452-d449-4290-a29c-6564b5fb3154","IOS2016003001301:107","Animalia","Mollusca","Gastropoda","Pteropoda","Limacinidae","Limacina","Limacina helicina",49.055,-123.379
"6136344124","5e618452-d449-4290-a29c-6564b5fb3154","IOS2016047018101:151","Animalia","Mollusca","Gastropoda","Pteropoda","Limacinidae","Limacina","Limacina helicina",49.467,-124.499
"6136344092","5e618452-d449-4290-a29c-6564b5fb3154","IOS2015022020001:113","Animalia","Mollusca","Gastropoda","Pteropoda","Limacinidae","Limacina","Limacina helicina",49.507,-124.103
"6136344086","5e618452-d449-4290-a29c-6564b5fb3154","IOS2015022020001:114","Animalia","Mollusca","Gastropoda","Pteropoda","Limacinidae","Limacina","Limacina helicina",49.507,-124.103
"6136344056","5e618452-d449-4290-a29c-6564b5fb3154","IOS1998014003701:97","Animalia","Mollusca","Gastropoda","Pteropoda","Limacinidae","Limacina","Limacina helicina",49.367,-124.083
"6136343840","5e618452-d449-4290-a29c-6564b5fb3154","UVI2005000000201:63","Animalia","Mollusca","Gastropoda","Pteropoda","Limacinidae","Limacina","Limacina helicina",49.25,-123.748
"6136343826","5e618452-d449-4290-a29c-6564b5fb3154","UVI2005000000201:64","Animalia","Mollusca","Gastropoda","Pteropoda","Limacinidae","Limacina","Limacina helicina",49.25,-123.748
"6136343671","5e618452-d449-4290-a29c-6564b5fb3154","IOS2017007017801:131","Animalia","Mollusca","Gastropoda","Pteropoda","Limacinidae","Limacina","Limacina helicina",49.25,-123.75
"6136343669","5e618452-d449-4290-a29c-6564b5fb3154","IOS2017007017801:130","Animalia","Mollusca","Gastropoda","Pteropoda","Limacinidae","Limacina","Limacina helicina",49.25,-123.75
"6136343536","5e618452-d449-4290-a29c-6564b5fb3154","IOS2016007007401:159","Animalia","Mollusca","Gastropoda","Pteropoda","Limacinidae","Limacina","Limacina helicina",49.366,-124.084
"6136343499","5e618452-d449-4290-a29c-6564b5fb3154","IOS2016007007401:158","Animalia","Mollusca","Gastropoda","Pteropoda","Limacinidae","Limacina","Limacina helicina",49.366,-124.084
"6136343205","5e618452-d449-4290-a29c-6564b5fb3154","IOS2000011003001:74","Animalia","Mollusca","Gastropoda","Pteropoda","Limacinidae","Limacina","Limacina helicina",49.465,-124.511
"6136343168","5e618452-d449-4290-a29c-6564b5fb3154","IOS2018030008501:154","Animalia","Mollusca","Gastropoda","Pteropoda","Limacinidae","Limacina","Limacina helicina",49.728,-124.684
"6136343167","5e618452-d449-4290-a29c-6564b5fb3154","IOS2018030008501:153","Animalia","Mollusca","Gastropoda","Pteropoda","Limacinidae","Limacina","Limacina helicina",49.728,-124.684
"6136343076","5e618452-d449-4290-a29c-6564b5fb3154","IOS2017063010501:139","Animalia","Mollusca","Gastropoda","Pteropoda","Limacinidae","Limacina","Limacina helicina",49.707,-124.723
"6136343074","5e618452-d449-4290-a29c-6564b5fb3154","IOS2012025014201:128","Animalia","Mollusca","Gastropoda","Pteropoda","Limacinidae","Limacina","Limacina helicina",49.25,-123.751
"6136343060","5e618452-d449-4290-a29c-6564b5fb3154","IOS2017063010501:138","Animalia","Mollusca","Gastropoda","Pteropoda","Limacinidae","Limacina","Limacina helicina",49.707,-124.723
"6136342973","5e618452-d449-4290-a29c-6564b5fb3154","IOS2016071007501:109","Animalia","Mollusca","Gastropoda","Pteropoda","Limacinidae","Limacina","Limacina helicina",49.367,-124.086
"6136342900","5e618452-d449-4290-a29c-6564b5fb3154","IOS2001012000401:76","Animalia","Mollusca","Gastropoda","Pteropoda","Limacinidae","Limacina","Limacina helicina",49.465,-124.5
"6136342843","5e618452-d449-4290-a29c-6564b5fb3154","IOS2018036002001:142","Animalia","Mollusca","Gastropoda","Pteropoda","Limacinidae","Limacina","Limacina helicina",49.372,-124.088
"6136342842","5e618452-d449-4290-a29c-6564b5fb3154","IOS2018036002001:141","Animalia","Mollusca","Gastropoda","Pteropoda","Limacinidae","Limacina","Limacina helicina",49.372,-124.088
"6136342705","5e618452-d449-4290-a29c-6564b5fb3154","IOS2015022017901:116","Animalia","Mollusca","Gastropoda","Pteropoda","Limacinidae","Limacina","Limacina helicina",49.206,-123.432
"6136342703","5e618452-d449-4290-a29c-6564b5fb3154","IOS2015022017901:117","Animalia","Mollusca","Gastropoda","Pteropoda","Limacinidae","Limacina","Limacina helicina",49.206,-123.432
"6136342671","5e618452-d449-4290-a29c-6564b5fb3154","IOS2016009000401:131","Animalia","Mollusca","Gastropoda","Pteropoda","Limacinidae","Limacina","Limacina helicina",49.466,-124.503
"6136342590","5e618452-d449-4290-a29c-6564b5fb3154","IOS2018096000501:113","Animalia","Mollusca","Gastropoda","Pteropoda","Limacinidae","Limacina","Limacina helicina",49.367,-124.084
"6136342235","5e618452-d449-4290-a29c-6564b5fb3154","IOS2015019009901:96","Animalia","Mollusca","Gastropoda","Pteropoda","Limacinidae","Limacina","Limacina helicina",49.142,-123.614
"6136342233","5e618452-d449-4290-a29c-6564b5fb3154","IOS2015019009901:95","Animalia","Mollusca","Gastropoda","Pteropoda","Limacinidae","Limacina","Limacina helicina",49.142,-123.614
"6136342203","5e618452-d449-4290-a29c-6564b5fb3154","IOS2017047001301:141","Animalia","Mollusca","Gastropoda","Pteropoda","Limacinidae","Limacina","Limacina helicina",49.707,-124.723
"6136342200","5e618452-d449-4290-a29c-6564b5fb3154","IOS2017047001301:140","Animalia","Mollusca","Gastropoda","Pteropoda","Limacinidae","Limacina","Limacina helicina",49.707,-124.723
"6136342149","5e618452-d449-4290-a29c-6564b5fb3154","IOS2016071005301:86","Animalia","Mollusca","Gastropoda","Pteropoda","Limacinidae","Limacina","Limacina helicina",49.402,-123.753
"6136342128","5e618452-d449-4290-a29c-6564b5fb3154","IOS2016071005301:87","Animalia","Mollusca","Gastropoda","Pteropoda","Limacinidae","Limacina","Limacina helicina",49.402,-123.753
"6136342063","5e618452-d449-4290-a29c-6564b5fb3154","IOS2016009014201:150","Animalia","Mollusca","Gastropoda","Pteropoda","Limacinidae","Limacina","Limacina helicina",49.206,-123.443
"6136342059","5e618452-d449-4290-a29c-6564b5fb3154","IOS2016009014201:149","Animalia","Mollusca","Gastropoda","Pteropoda","Limacinidae","Limacina","Limacina helicina",49.206,-123.443
"6136341789","5e618452-d449-4290-a29c-6564b5fb3154","PBS2008014000601:98","Animalia","Mollusca","Gastropoda","Pteropoda","Limacinidae","Limacina","Limacina helicina",49.217,-123.341
"6136341788","5e618452-d449-4290-a29c-6564b5fb3154","PBS2008014000601:97","Animalia","Mollusca","Gastropoda","Pteropoda","Limacinidae","Limacina","Limacina helicina",49.217,-123.341
"6136341603","5e618452-d449-4290-a29c-6564b5fb3154","PSF2015098002101:82","Animalia","Mollusca","Gastropoda","Pteropoda","Limacinidae","Limacina","Limacina helicina",49.485,-124.604
"6136341496","5e618452-d449-4290-a29c-6564b5fb3154","PBS2009001003601:103","Animalia","Mollusca","Gastropoda","Pteropoda","Limacinidae","Limacina","Limacina helicina",49.481,-124.029
"6136341356","5e618452-d449-4290-a29c-6564b5fb3154","PBS2009041034301:102","Animalia","Mollusca","Gastropoda","Pteropoda","Limacinidae","Limacina","Limacina helicina",49.019,-123.285
"6136341345","5e618452-d449-4290-a29c-6564b5fb3154","IOS2016003002301:138","Animalia","Mollusca","Gastropoda","Pteropoda","Limacinidae","Limacina","Limacina helicina",49.503,-124.108
"6136340942","5e618452-d449-4290-a29c-6564b5fb3154","PSF2015098005301:75","Animalia","Mollusca","Gastropoda","Pteropoda","Limacinidae","Limacina","Limacina helicina",49.691,-124.666
"6136340848","5e618452-d449-4290-a29c-6564b5fb3154","IOS2015022003301:117","Animalia","Mollusca","Gastropoda","Pteropoda","Limacinidae","Limacina","Limacina helicina",49.402,-123.752
"6136340847","5e618452-d449-4290-a29c-6564b5fb3154","IOS2015022003301:116","Animalia","Mollusca","Gastropoda","Pteropoda","Limacinidae","Limacina","Limacina helicina",49.402,-123.752
"6136340730","5e618452-d449-4290-a29c-6564b5fb3154","IOS2016007005901:87","Animalia","Mollusca","Gastropoda","Pteropoda","Limacinidae","Limacina","Limacina helicina",49.143,-123.613
"6136340576","5e618452-d449-4290-a29c-6564b5fb3154","IOS2015022015001:169","Animalia","Mollusca","Gastropoda","Pteropoda","Limacinidae","Limacina","Limacina helicina",49.67,-124.272
"6136340558","5e618452-d449-4290-a29c-6564b5fb3154","IOS2015022015001:168","Animalia","Mollusca","Gastropoda","Pteropoda","Limacinidae","Limacina","Limacina helicina",49.67,-124.272
"6136340368","5e618452-d449-4290-a29c-6564b5fb3154","PBS2014016021701:82","Animalia","Mollusca","Gastropoda","Pteropoda","Limacinidae","Limacina","Limacina helicina",49.618,-124.695
"6136340361","5e618452-d449-4290-a29c-6564b5fb3154","IOS2018005002201:126","Animalia","Mollusca","Gastropoda","Pteropoda","Limacinidae","Limacina","Limacina helicina",49.055,-123.371
"6136339853","5e618452-d449-4290-a29c-6564b5fb3154","IOS2011009006601:98","Animalia","Mollusca","Gastropoda","Pteropoda","Limacinidae","Limacina","Limacina helicina",49.25,-123.75
"6136339782","5e618452-d449-4290-a29c-6564b5fb3154","IOS2015020021701:124","Animalia","Mollusca","Gastropoda","Pteropoda","Limacinidae","Limacina","Limacina helicina",49.056,-123.372
"6136339780","5e618452-d449-4290-a29c-6564b5fb3154","IOS2015020021701:125","Animalia","Mollusca","Gastropoda","Pteropoda","Limacinidae","Limacina","Limacina helicina",49.056,-123.372
"6136339773","5e618452-d449-4290-a29c-6564b5fb3154","IOS2006016010501:124","Animalia","Mollusca","Gastropoda","Pteropoda","Limacinidae","Limacina","Limacina helicina",49.25,-123.747
"6136339771","5e618452-d449-4290-a29c-6564b5fb3154","IOS2006016010501:123","Animalia","Mollusca","Gastropoda","Pteropoda","Limacinidae","Limacina","Limacina helicina",49.25,-123.747
"6136339416","5e618452-d449-4290-a29c-6564b5fb3154","PBS2016046009801:65","Animalia","Mollusca","Gastropoda","Pteropoda","Limacinidae","Limacina","Limacina helicina",49.508,-124.493
"6136339340","5e618452-d449-4290-a29c-6564b5fb3154","PBS1997059000201:75","Animalia","Mollusca","Gastropoda","Pteropoda","Limacinidae","Limacina","Limacina helicina",49.25,-123.75
"6136339325","5e618452-d449-4290-a29c-6564b5fb3154","IOS2016009010301:118","Animalia","Mollusca","Gastropoda","Pteropoda","Limacinidae","Limacina","Limacina helicina",49.402,-123.76
"6136339227","5e618452-d449-4290-a29c-6564b5fb3154","PBS2009001005301:69","Animalia","Mollusca","Gastropoda","Pteropoda","Limacinidae","Limacina","Limacina helicina",49.065,-123.3
"6136338957","5e618452-d449-4290-a29c-6564b5fb3154","PSF2015098003101:80","Animalia","Mollusca","Gastropoda","Pteropoda","Limacinidae","Limacina","Limacina helicina",49.485,-124.605
"6136338905","5e618452-d449-4290-a29c-6564b5fb3154","IOS2015022007301:142","Animalia","Mollusca","Gastropoda","Pteropoda","Limacinidae","Limacina","Limacina helicina",49.145,-123.613
"6136338857","5e618452-d449-4290-a29c-6564b5fb3154","IOS2018036001001:117","Animalia","Mollusca","Gastropoda","Pteropoda","Limacinidae","Limacina","Limacina helicina",49.252,-123.764
"6136338856","5e618452-d449-4290-a29c-6564b5fb3154","IOS2018036001001:116","Animalia","Mollusca","Gastropoda","Pteropoda","Limacinidae","Limacina","Limacina helicina",49.252,-123.764
"6136338795","5e618452-d449-4290-a29c-6564b5fb3154","IOS2008061005401:62","Animalia","Mollusca","Gastropoda","Pteropoda","Limacinidae","Limacina","Limacina helicina",49.38,-124.169
"6136338695","5e618452-d449-4290-a29c-6564b5fb3154","PBS2009046001201:77","Animalia","Mollusca","Gastropoda","Pteropoda","Limacinidae","Limacina","Limacina helicina",49.9,-124.941
"6136338656","5e618452-d449-4290-a29c-6564b5fb3154","IOS2016009005501:139","Animalia","Mollusca","Gastropoda","Pteropoda","Limacinidae","Limacina","Limacina helicina",49.505,-124.1
"6136338506","5e618452-d449-4290-a29c-6564b5fb3154","IOS2016009009201:163","Animalia","Mollusca","Gastropoda","Pteropoda","Limacinidae","Limacina","Limacina helicina",49.462,-124.498
"6136338501","5e618452-d449-4290-a29c-6564b5fb3154","IOS2016009009201:162","Animalia","Mollusca","Gastropoda","Pteropoda","Limacinidae","Limacina","Limacina helicina",49.462,-124.498
"6136338134","5e618452-d449-4290-a29c-6564b5fb3154","IOS2017064009301:134","Animalia","Mollusca","Gastropoda","Pteropoda","Limacinidae","Limacina","Limacina helicina",49.883,-124.994
"6136338130","5e618452-d449-4290-a29c-6564b5fb3154","IOS2017064009301:133","Animalia","Mollusca","Gastropoda","Pteropoda","Limacinidae","Limacina","Limacina helicina",49.883,-124.994
"6136338043","5e618452-d449-4290-a29c-6564b5fb3154","IOS2017047001501:178","Animalia","Mollusca","Gastropoda","Pteropoda","Limacinidae","Limacina","Limacina helicina",49.67,-124.271
"6136338042","5e618452-d449-4290-a29c-6564b5fb3154","IOS2017047001501:177","Animalia","Mollusca","Gastropoda","Pteropoda","Limacinidae","Limacina","Limacina helicina",49.67,-124.271
"6136337998","5e618452-d449-4290-a29c-6564b5fb3154","PSF2015098001701:93","Animalia","Mollusca","Gastropoda","Pteropoda","Limacinidae","Limacina","Limacina helicina",49.485,-124.605
"6136337916","5e618452-d449-4290-a29c-6564b5fb3154","IOS2013014005001:51","Animalia","Mollusca","Gastropoda","Pteropoda","Limacinidae","Limacina","Limacina helicina",49.369,-124.085
"6136337620","5e618452-d449-4290-a29c-6564b5fb3154","IOS2015020020601:148","Animalia","Mollusca","Gastropoda","Pteropoda","Limacinidae","Limacina","Limacina helicina",49.67,-124.272
"6136337618","5e618452-d449-4290-a29c-6564b5fb3154","IOS2015020020601:147","Animalia","Mollusca","Gastropoda","Pteropoda","Limacinidae","Limacina","Limacina helicina",49.67,-124.272
"6136337570","5e618452-d449-4290-a29c-6564b5fb3154","IOS2016047019401:142","Animalia","Mollusca","Gastropoda","Pteropoda","Limacinidae","Limacina","Limacina helicina",49.198,-123.44
"6136337569","5e618452-d449-4290-a29c-6564b5fb3154","IOS2016047019401:141","Animalia","Mollusca","Gastropoda","Pteropoda","Limacinidae","Limacina","Limacina helicina",49.198,-123.44
"6136337566","5e618452-d449-4290-a29c-6564b5fb3154","IOS2004030001201:68","Animalia","Mollusca","Gastropoda","Pteropoda","Limacinidae","Limacina","Limacina helicina",49.249,-123.747
"6136337560","5e618452-d449-4290-a29c-6564b5fb3154","IOS2004030001201:67","Animalia","Mollusca","Gastropoda","Pteropoda","Limacinidae","Limacina","Limacina helicina",49.249,-123.747
"6136337372","5e618452-d449-4290-a29c-6564b5fb3154","PBS2008014035801:95","Animalia","Mollusca","Gastropoda","Pteropoda","Limacinidae","Limacina","Limacina helicina",49.519,-124.46
"6136337361","5e618452-d449-4290-a29c-6564b5fb3154","PBS2008014035801:96","Animalia","Mollusca","Gastropoda","Pteropoda","Limacinidae","Limacina","Limacina helicina",49.519,-124.46
"6136337119","5e618452-d449-4290-a29c-6564b5fb3154","HAK2017097004701:91","Animalia","Mollusca","Gastropoda","Pteropoda","Limacinidae","Limacina","Limacina helicina",50.031,-125.099
"6136336967","5e618452-d449-4290-a29c-6564b5fb3154","IOS2016010004101:94","Animalia","Mollusca","Gastropoda","Pteropoda","Limacinidae","Limacina","Limacina helicina",49.402,-123.756
"6136336885","5e618452-d449-4290-a29c-6564b5fb3154","UBC9999099001001:80","Animalia","Mollusca","Gastropoda","Pteropoda","Limacinidae","Limacina","Limacina helicina",49.727,-124.68
"6136336865","5e618452-d449-4290-a29c-6564b5fb3154","IOS2018005006601:112","Animalia","Mollusca","Gastropoda","Pteropoda","Limacinidae","Limacina","Limacina helicina",49.726,-124.68
"6136336675","5e618452-d449-4290-a29c-6564b5fb3154","HAK2017097002001:95","Animalia","Mollusca","Gastropoda","Pteropoda","Limacinidae","Limacina","Limacina helicina",50.031,-125.099
"6136336332","5e618452-d449-4290-a29c-6564b5fb3154","HAK2017097002001:96","Animalia","Mollusca","Gastropoda","Pteropoda","Limacinidae","Limacina","Limacina helicina",50.031,-125.099
"6136336021","5e618452-d449-4290-a29c-6564b5fb3154","IOS2016007008701:144","Animalia","Mollusca","Gastropoda","Pteropoda","Limacinidae","Limacina","Limacina helicina",49.706,-124.723
"6136336020","5e618452-d449-4290-a29c-6564b5fb3154","IOS2016007008701:143","Animalia","Mollusca","Gastropoda","Pteropoda","Limacinidae","Limacina","Limacina helicina",49.706,-124.723
"6136336001","5e618452-d449-4290-a29c-6564b5fb3154","IOS2018032004501:101","Animalia","Mollusca","Gastropoda","Pteropoda","Limacinidae","Limacina","Limacina helicina",49.03,-123.435
"6136335990","5e618452-d449-4290-a29c-6564b5fb3154","IOS2018032004501:102","Animalia","Mollusca","Gastropoda","Pteropoda","Limacinidae","Limacina","Limacina helicina",49.03,-123.435
"6136335866","5e618452-d449-4290-a29c-6564b5fb3154","PBS2009041032801:96","Animalia","Mollusca","Gastropoda","Pteropoda","Limacinidae","Limacina","Limacina helicina",49.633,-124.677
"6136335852","5e618452-d449-4290-a29c-6564b5fb3154","IOS2017064005701:139","Animalia","Mollusca","Gastropoda","Pteropoda","Limacinidae","Limacina","Limacina helicina",49.25,-123.748
"6136335849","5e618452-d449-4290-a29c-6564b5fb3154","IOS2017064005701:138","Animalia","Mollusca","Gastropoda","Pteropoda","Limacinidae","Limacina","Limacina helicina",49.25,-123.748
"6136335690","5e618452-d449-4290-a29c-6564b5fb3154","IOS2012005004401:114","Animalia","Mollusca","Gastropoda","Pteropoda","Limacinidae","Limacina","Limacina helicina",49.25,-123.748
"6136335540","5e618452-d449-4290-a29c-6564b5fb3154","UVI2004000002101:74","Animalia","Mollusca","Gastropoda","Pteropoda","Limacinidae","Limacina","Limacina helicina",49.25,-123.748
"6136335539","5e618452-d449-4290-a29c-6564b5fb3154","UVI2004000002101:73","Animalia","Mollusca","Gastropoda","Pteropoda","Limacinidae","Limacina","Limacina helicina",49.25,-123.748
"6136335514","5e618452-d449-4290-a29c-6564b5fb3154","UVI2004000002101:72","Animalia","Mollusca","Gastropoda","Pteropoda","Limacinidae","Limacina","Limacina helicina",49.25,-123.748
"6136335461","5e618452-d449-4290-a29c-6564b5fb3154","IOS2015020020401:100","Animalia","Mollusca","Gastropoda","Pteropoda","Limacinidae","Limacina","Limacina helicina",49.367,-124.084
"6136335448","5e618452-d449-4290-a29c-6564b5fb3154","IOS2018005006501:106","Animalia","Mollusca","Gastropoda","Pteropoda","Limacinidae","Limacina","Limacina helicina",49.707,-124.723
"6136335377","5e618452-d449-4290-a29c-6564b5fb3154","IOS2017063008001:138","Animalia","Mollusca","Gastropoda","Pteropoda","Limacinidae","Limacina","Limacina helicina",49.403,-123.756
"6136335368","5e618452-d449-4290-a29c-6564b5fb3154","IOS2017063008001:139","Animalia","Mollusca","Gastropoda","Pteropoda","Limacinidae","Limacina","Limacina helicina",49.403,-123.756
"6136335348","5e618452-d449-4290-a29c-6564b5fb3154","IOS2017063008101:148","Animalia","Mollusca","Gastropoda","Pteropoda","Limacinidae","Limacina","Limacina helicina",49.505,-124.1
"6136335346","5e618452-d449-4290-a29c-6564b5fb3154","IOS2017063008101:147","Animalia","Mollusca","Gastropoda","Pteropoda","Limacinidae","Limacina","Limacina helicina",49.505,-124.1
"6136335330","5e618452-d449-4290-a29c-6564b5fb3154","IOS2015022002001:121","Animalia","Mollusca","Gastropoda","Pteropoda","Limacinidae","Limacina","Limacina helicina",49.054,-123.371
"6136335329","5e618452-d449-4290-a29c-6564b5fb3154","IOS2015022002001:120","Animalia","Mollusca","Gastropoda","Pteropoda","Limacinidae","Limacina","Limacina helicina",49.054,-123.371
"6136334277","5e618452-d449-4290-a29c-6564b5fb3154","PSF2015098004801:57","Animalia","Mollusca","Gastropoda","Pteropoda","Limacinidae","Limacina","Limacina helicina",49.485,-124.605
"6136334074","5e618452-d449-4290-a29c-6564b5fb3154","IOS2016005007601:188","Animalia","Mollusca","Gastropoda","Pteropoda","Limacinidae","Limacina","Limacina helicina",49.466,-124.499
"6136334073","5e618452-d449-4290-a29c-6564b5fb3154","IOS2016005007601:187","Animalia","Mollusca","Gastropoda","Pteropoda","Limacinidae","Limacina","Limacina helicina",49.466,-124.499
"6136333623","5e618452-d449-4290-a29c-6564b5fb3154","IOS2015022021301:100","Animalia","Mollusca","Gastropoda","Pteropoda","Limacinidae","Limacina","Limacina helicina",49.054,-123.377
"6136333616","5e618452-d449-4290-a29c-6564b5fb3154","IOS2017048001101:136","Animalia","Mollusca","Gastropoda","Pteropoda","Limacinidae","Limacina","Limacina helicina",49.707,-124.725
"6136333613","5e618452-d449-4290-a29c-6564b5fb3154","IOS2017048001101:135","Animalia","Mollusca","Gastropoda","Pteropoda","Limacinidae","Limacina","Limacina helicina",49.707,-124.725
"6136333575","5e618452-d449-4290-a29c-6564b5fb3154","PBS2016046009101:66","Animalia","Mollusca","Gastropoda","Pteropoda","Limacinidae","Limacina","Limacina helicina",49.455,-124.586
"6136333335","5e618452-d449-4290-a29c-6564b5fb3154","PBS2016045009501:112","Animalia","Mollusca","Gastropoda","Pteropoda","Limacinidae","Limacina","Limacina helicina",49.648,-124.719
"6136332283","5e618452-d449-4290-a29c-6564b5fb3154","IOS2016009002301:104","Animalia","Mollusca","Gastropoda","Pteropoda","Limacinidae","Limacina","Limacina helicina",49.142,-123.612
"6136332254","5e618452-d449-4290-a29c-6564b5fb3154","IOS2018029005201:154","Animalia","Mollusca","Gastropoda","Pteropoda","Limacinidae","Limacina","Limacina helicina",49.055,-123.372
"6136332246","5e618452-d449-4290-a29c-6564b5fb3154","IOS2018029005201:155","Animalia","Mollusca","Gastropoda","Pteropoda","Limacinidae","Limacina","Limacina helicina",49.055,-123.372
"6136332225","5e618452-d449-4290-a29c-6564b5fb3154","PBS2014028005701:79","Animalia","Mollusca","Gastropoda","Pteropoda","Limacinidae","Limacina","Limacina helicina",49.455,-124.585
"6136332008","5e618452-d449-4290-a29c-6564b5fb3154","HAK2016096000901:75","Animalia","Mollusca","Gastropoda","Pteropoda","Limacinidae","Limacina","Limacina helicina",50.031,-125.099
"6136331913","5e618452-d449-4290-a29c-6564b5fb3154","IOS2018031005101:110","Animalia","Mollusca","Gastropoda","Pteropoda","Limacinidae","Limacina","Limacina helicina",49.055,-123.372
"6136331876","5e618452-d449-4290-a29c-6564b5fb3154","IOS2018031005101:109","Animalia","Mollusca","Gastropoda","Pteropoda","Limacinidae","Limacina","Limacina helicina",49.055,-123.372
"6136331740","5e618452-d449-4290-a29c-6564b5fb3154","IOS2017001012201:136","Animalia","Mollusca","Gastropoda","Pteropoda","Limacinidae","Limacina","Limacina helicina",49.251,-123.749
"6136331739","5e618452-d449-4290-a29c-6564b5fb3154","PBS1997065000101:57","Animalia","Mollusca","Gastropoda","Pteropoda","Limacinidae","Limacina","Limacina helicina",49.25,-123.75
"6136331732","5e618452-d449-4290-a29c-6564b5fb3154","PBS2009041000501:90","Animalia","Mollusca","Gastropoda","Pteropoda","Limacinidae","Limacina","Limacina helicina",49.213,-123.34
"6136331719","5e618452-d449-4290-a29c-6564b5fb3154","PBS2009041000501:89","Animalia","Mollusca","Gastropoda","Pteropoda","Limacinidae","Limacina","Limacina helicina",49.213,-123.34
"6136331589","5e618452-d449-4290-a29c-6564b5fb3154","PBS2009046002401:93","Animalia","Mollusca","Gastropoda","Pteropoda","Limacinidae","Limacina","Limacina helicina",49.73,-124.348
"6136331585","5e618452-d449-4290-a29c-6564b5fb3154","PBS2009046002401:92","Animalia","Mollusca","Gastropoda","Pteropoda","Limacinidae","Limacina","Limacina helicina",49.73,-124.348
"6136331430","5e618452-d449-4290-a29c-6564b5fb3154","IOS2015017007901:172","Animalia","Mollusca","Gastropoda","Pteropoda","Limacinidae","Limacina","Limacina helicina",49.707,-124.725
"6136331428","5e618452-d449-4290-a29c-6564b5fb3154","IOS2015017007901:171","Animalia","Mollusca","Gastropoda","Pteropoda","Limacinidae","Limacina","Limacina helicina",49.707,-124.725
"6136331426","5e618452-d449-4290-a29c-6564b5fb3154","IOS2015022023001:130","Animalia","Mollusca","Gastropoda","Pteropoda","Limacinidae","Limacina","Limacina helicina",49.707,-124.722
"6136331425","5e618452-d449-4290-a29c-6564b5fb3154","IOS2015022023001:131","Animalia","Mollusca","Gastropoda","Pteropoda","Limacinidae","Limacina","Limacina helicina",49.707,-124.722
"6136330115","5e618452-d449-4290-a29c-6564b5fb3154","IOS2016009016001:110","Animalia","Mollusca","Gastropoda","Pteropoda","Limacinidae","Limacina","Limacina helicina",49.365,-124.079
"6136330080","5e618452-d449-4290-a29c-6564b5fb3154","IOS2016009016001:109","Animalia","Mollusca","Gastropoda","Pteropoda","Limacinidae","Limacina","Limacina helicina",49.365,-124.079
"6136330053","5e618452-d449-4290-a29c-6564b5fb3154","IOS2016009012301:164","Animalia","Mollusca","Gastropoda","Pteropoda","Limacinidae","Limacina","Limacina helicina",49.056,-123.372
"6136330038","5e618452-d449-4290-a29c-6564b5fb3154","IOS2016009012301:165","Animalia","Mollusca","Gastropoda","Pteropoda","Limacinidae","Limacina","Limacina helicina",49.056,-123.372
"6136329754","5e618452-d449-4290-a29c-6564b5fb3154","HAK2017097006901:91","Animalia","Mollusca","Gastropoda","Pteropoda","Limacinidae","Limacina","Limacina helicina",50.031,-125.099
"6136329648","5e618452-d449-4290-a29c-6564b5fb3154","IOS2014050003001:86","Animalia","Mollusca","Gastropoda","Pteropoda","Limacinidae","Limacina","Limacina helicina",49.727,-124.681
"6136329641","5e618452-d449-4290-a29c-6564b5fb3154","IOS2014050003001:85","Animalia","Mollusca","Gastropoda","Pteropoda","Limacinidae","Limacina","Limacina helicina",49.727,-124.681
"6136329619","5e618452-d449-4290-a29c-6564b5fb3154","IOS2017007015101:129","Animalia","Mollusca","Gastropoda","Pteropoda","Limacinidae","Limacina","Limacina helicina",49.704,-124.724
"6136329602","5e618452-d449-4290-a29c-6564b5fb3154","IOS2017007015101:130","Animalia","Mollusca","Gastropoda","Pteropoda","Limacinidae","Limacina","Limacina helicina",49.704,-124.724
"6136329562","5e618452-d449-4290-a29c-6564b5fb3154","IOS2013012002601:127","Animalia","Mollusca","Gastropoda","Pteropoda","Limacinidae","Limacina","Limacina helicina",49.367,-124.088
"6136329561","5e618452-d449-4290-a29c-6564b5fb3154","IOS2013012002601:126","Animalia","Mollusca","Gastropoda","Pteropoda","Limacinidae","Limacina","Limacina helicina",49.367,-124.088
"6136329525","5e618452-d449-4290-a29c-6564b5fb3154","IOS2017065009601:123","Animalia","Mollusca","Gastropoda","Pteropoda","Limacinidae","Limacina","Limacina helicina",49.707,-124.724
"6136329521","5e618452-d449-4290-a29c-6564b5fb3154","IOS2017065009601:122","Animalia","Mollusca","Gastropoda","Pteropoda","Limacinidae","Limacina","Limacina helicina",49.707,-124.724
"6136329366","5e618452-d449-4290-a29c-6564b5fb3154","PBS2008014001401:83","Animalia","Mollusca","Gastropoda","Pteropoda","Limacinidae","Limacina","Limacina helicina",49.014,-123.279
"6136329348","5e618452-d449-4290-a29c-6564b5fb3154","IOS1998001002601:63","Animalia","Mollusca","Gastropoda","Pteropoda","Limacinidae","Limacina","Limacina helicina",49.351,-124.109
"6136328238","5e618452-d449-4290-a29c-6564b5fb3154","PBS2008015034001:78","Animalia","Mollusca","Gastropoda","Pteropoda","Limacinidae","Limacina","Limacina helicina",49.12,-123.36
"6136328237","5e618452-d449-4290-a29c-6564b5fb3154","PBS2008015034001:77","Animalia","Mollusca","Gastropoda","Pteropoda","Limacinidae","Limacina","Limacina helicina",49.12,-123.36
"6136328128","5e618452-d449-4290-a29c-6564b5fb3154","IOS2015019004601:81","Animalia","Mollusca","Gastropoda","Pteropoda","Limacinidae","Limacina","Limacina helicina",49.03,-123.434
"6136327955","5e618452-d449-4290-a29c-6564b5fb3154","PBS2009046001801:61","Animalia","Mollusca","Gastropoda","Pteropoda","Limacinidae","Limacina","Limacina helicina",49.814,-124.714
"6136327773","5e618452-d449-4290-a29c-6564b5fb3154","PSF2015098002401:109","Animalia","Mollusca","Gastropoda","Pteropoda","Limacinidae","Limacina","Limacina helicina",49.485,-124.605
"6136327771","5e618452-d449-4290-a29c-6564b5fb3154","PSF2015098002401:108","Animalia","Mollusca","Gastropoda","Pteropoda","Limacinidae","Limacina","Limacina helicina",49.485,-124.605
"6136327740","5e618452-d449-4290-a29c-6564b5fb3154","IOS2017007004001:123","Animalia","Mollusca","Gastropoda","Pteropoda","Limacinidae","Limacina","Limacina helicina",49.672,-124.273
"6136327739","5e618452-d449-4290-a29c-6564b5fb3154","IOS2017007004001:122","Animalia","Mollusca","Gastropoda","Pteropoda","Limacinidae","Limacina","Limacina helicina",49.672,-124.273
"6136327669","5e618452-d449-4290-a29c-6564b5fb3154","IOS2015022019801:133","Animalia","Mollusca","Gastropoda","Pteropoda","Limacinidae","Limacina","Limacina helicina",49.671,-124.273
"6136327668","5e618452-d449-4290-a29c-6564b5fb3154","IOS2015022019801:132","Animalia","Mollusca","Gastropoda","Pteropoda","Limacinidae","Limacina","Limacina helicina",49.671,-124.273
"6136327649","5e618452-d449-4290-a29c-6564b5fb3154","IOS2018030008901:132","Animalia","Mollusca","Gastropoda","Pteropoda","Limacinidae","Limacina","Limacina helicina",49.884,-124.996
"6136327646","5e618452-d449-4290-a29c-6564b5fb3154","IOS2018030008901:131","Animalia","Mollusca","Gastropoda","Pteropoda","Limacinidae","Limacina","Limacina helicina",49.884,-124.996
"6136327467","5e618452-d449-4290-a29c-6564b5fb3154","IOS2015022003701:143","Animalia","Mollusca","Gastropoda","Pteropoda","Limacinidae","Limacina","Limacina helicina",49.665,-124.27
"6136327466","5e618452-d449-4290-a29c-6564b5fb3154","IOS2015022003701:142","Animalia","Mollusca","Gastropoda","Pteropoda","Limacinidae","Limacina","Limacina helicina",49.665,-124.27
"6136327457","5e618452-d449-4290-a29c-6564b5fb3154","IOS2016009001901:119","Animalia","Mollusca","Gastropoda","Pteropoda","Limacinidae","Limacina","Limacina helicina",49.252,-123.75
"6136327455","5e618452-d449-4290-a29c-6564b5fb3154","PBS2010003006101:80","Animalia","Mollusca","Gastropoda","Pteropoda","Limacinidae","Limacina","Limacina helicina",49.472,-124.026
"6136326273","5e618452-d449-4290-a29c-6564b5fb3154","PBS2009046006201:84","Animalia","Mollusca","Gastropoda","Pteropoda","Limacinidae","Limacina","Limacina helicina",49.215,-123.33
"6136326266","5e618452-d449-4290-a29c-6564b5fb3154","PBS2009046006201:85","Animalia","Mollusca","Gastropoda","Pteropoda","Limacinidae","Limacina","Limacina helicina",49.215,-123.33
"6136326249","5e618452-d449-4290-a29c-6564b5fb3154","PSF2015098004101:99","Animalia","Mollusca","Gastropoda","Pteropoda","Limacinidae","Limacina","Limacina helicina",49.692,-124.667
"6136326248","5e618452-d449-4290-a29c-6564b5fb3154","PSF2015098004101:98","Animalia","Mollusca","Gastropoda","Pteropoda","Limacinidae","Limacina","Limacina helicina",49.692,-124.667
"6136326191","5e618452-d449-4290-a29c-6564b5fb3154","IOS2001027003901:69","Animalia","Mollusca","Gastropoda","Pteropoda","Limacinidae","Limacina","Limacina helicina",49.464,-124.502
"6136326146","5e618452-d449-4290-a29c-6564b5fb3154","PBS2013010002301:103","Animalia","Mollusca","Gastropoda","Pteropoda","Limacinidae","Limacina","Limacina helicina",49.25,-123.75
"6136326129","5e618452-d449-4290-a29c-6564b5fb3154","IOS2011016015001:125","Animalia","Mollusca","Gastropoda","Pteropoda","Limacinidae","Limacina","Limacina helicina",49.468,-124.502
"6136325748","5e618452-d449-4290-a29c-6564b5fb3154","PBS2008014034401:89","Animalia","Mollusca","Gastropoda","Pteropoda","Limacinidae","Limacina","Limacina helicina",49.815,-124.714
"6136325747","5e618452-d449-4290-a29c-6564b5fb3154","PBS2008014034401:88","Animalia","Mollusca","Gastropoda","Pteropoda","Limacinidae","Limacina","Limacina helicina",49.815,-124.714
"6136325526","5e618452-d449-4290-a29c-6564b5fb3154","IOS2016009016701:139","Animalia","Mollusca","Gastropoda","Pteropoda","Limacinidae","Limacina","Limacina helicina",49.706,-124.722
"6136325507","5e618452-d449-4290-a29c-6564b5fb3154","IOS2014023000701:156","Animalia","Mollusca","Gastropoda","Pteropoda","Limacinidae","Limacina","Limacina helicina",49.67,-124.271
"6136325457","5e618452-d449-4290-a29c-6564b5fb3154","IOS2015022009101:133","Animalia","Mollusca","Gastropoda","Pteropoda","Limacinidae","Limacina","Limacina helicina",49.405,-123.756
"6136325455","5e618452-d449-4290-a29c-6564b5fb3154","IOS2015022009101:132","Animalia","Mollusca","Gastropoda","Pteropoda","Limacinidae","Limacina","Limacina helicina",49.405,-123.756
"6136325381","5e618452-d449-4290-a29c-6564b5fb3154","IOS2016007007001:144","Animalia","Mollusca","Gastropoda","Pteropoda","Limacinidae","Limacina","Limacina helicina",49.504,-124.101
"6136325375","5e618452-d449-4290-a29c-6564b5fb3154","IOS2016007007001:143","Animalia","Mollusca","Gastropoda","Pteropoda","Limacinidae","Limacina","Limacina helicina",49.504,-124.101
"6136325246","5e618452-d449-4290-a29c-6564b5fb3154","IOS2015019007301:117","Animalia","Mollusca","Gastropoda","Pteropoda","Limacinidae","Limacina","Limacina helicina",49.707,-124.724
"6136325245","5e618452-d449-4290-a29c-6564b5fb3154","IOS2015019007301:116","Animalia","Mollusca","Gastropoda","Pteropoda","Limacinidae","Limacina","Limacina helicina",49.707,-124.724
"6136325097","5e618452-d449-4290-a29c-6564b5fb3154","IOS2012006004506:112","Animalia","Mollusca","Gastropoda","Pteropoda","Limacinidae","Limacina","Limacina helicina",49.034,-123.439
"6136325096","5e618452-d449-4290-a29c-6564b5fb3154","IOS2012006004506:111","Animalia","Mollusca","Gastropoda","Pteropoda","Limacinidae","Limacina","Limacina helicina",49.034,-123.439
"6136325014","5e618452-d449-4290-a29c-6564b5fb3154","IOS2015017007201:104","Animalia","Mollusca","Gastropoda","Pteropoda","Limacinidae","Limacina","Limacina helicina",49.467,-124.5
"6136325012","5e618452-d449-4290-a29c-6564b5fb3154","IOS2015017007201:103","Animalia","Mollusca","Gastropoda","Pteropoda","Limacinidae","Limacina","Limacina helicina",49.467,-124.5
"6136324925","5e618452-d449-4290-a29c-6564b5fb3154","PBS2010003007301:65","Animalia","Mollusca","Gastropoda","Pteropoda","Limacinidae","Limacina","Limacina helicina",49.829,-124.766
"6136324917","5e618452-d449-4290-a29c-6564b5fb3154","PBS2010003007301:66","Animalia","Mollusca","Gastropoda","Pteropoda","Limacinidae","Limacina","Limacina helicina",49.829,-124.766
"6136324710","5e618452-d449-4290-a29c-6564b5fb3154","IOS1998008001201:81","Animalia","Mollusca","Gastropoda","Pteropoda","Limacinidae","Limacina","Limacina helicina",49.25,-123.75
"6136324708","5e618452-d449-4290-a29c-6564b5fb3154","IOS1998008001201:80","Animalia","Mollusca","Gastropoda","Pteropoda","Limacinidae","Limacina","Limacina helicina",49.25,-123.75
"6136324705","5e618452-d449-4290-a29c-6564b5fb3154","PBS2013010001201:100","Animalia","Mollusca","Gastropoda","Pteropoda","Limacinidae","Limacina","Limacina helicina",49.079,-123.504
"6136323130","5e618452-d449-4290-a29c-6564b5fb3154","PBS1997060000201:65","Animalia","Mollusca","Gastropoda","Pteropoda","Limacinidae","Limacina","Limacina helicina",49.25,-123.75
"6136322859","5e618452-d449-4290-a29c-6564b5fb3154","PBS2008014033901:107","Animalia","Mollusca","Gastropoda","Pteropoda","Limacinidae","Limacina","Limacina helicina",49.901,-124.941
"6136322576","5e618452-d449-4290-a29c-6564b5fb3154","IOS2016009008901:147","Animalia","Mollusca","Gastropoda","Pteropoda","Limacinidae","Limacina","Limacina helicina",49.364,-124.077
"6136322569","5e618452-d449-4290-a29c-6564b5fb3154","IOS2016009008901:148","Animalia","Mollusca","Gastropoda","Pteropoda","Limacinidae","Limacina","Limacina helicina",49.364,-124.077
"6136322309","5e618452-d449-4290-a29c-6564b5fb3154","IOS2016062019901:86","Animalia","Mollusca","Gastropoda","Pteropoda","Limacinidae","Limacina","Limacina helicina",49.401,-123.753
"6136321055","5e618452-d449-4290-a29c-6564b5fb3154","IOS2015022011301:156","Animalia","Mollusca","Gastropoda","Pteropoda","Limacinidae","Limacina","Limacina helicina",49.466,-124.498
"6136321048","5e618452-d449-4290-a29c-6564b5fb3154","IOS2015022011301:157","Animalia","Mollusca","Gastropoda","Pteropoda","Limacinidae","Limacina","Limacina helicina",49.466,-124.498
"6136320956","5e618452-d449-4290-a29c-6564b5fb3154","IOS2003037000801:68","Animalia","Mollusca","Gastropoda","Pteropoda","Limacinidae","Limacina","Limacina helicina",49.463,-124.495
"6136320883","5e618452-d449-4290-a29c-6564b5fb3154","IOS2017001013501:102","Animalia","Mollusca","Gastropoda","Pteropoda","Limacinidae","Limacina","Limacina helicina",49.365,-124.085
"6136320596","5e618452-d449-4290-a29c-6564b5fb3154","PBS2008015032901:88","Animalia","Mollusca","Gastropoda","Pteropoda","Limacinidae","Limacina","Limacina helicina",49.559,-124.08
"6136320595","5e618452-d449-4290-a29c-6564b5fb3154","PBS2008015032901:87","Animalia","Mollusca","Gastropoda","Pteropoda","Limacinidae","Limacina","Limacina helicina",49.559,-124.08
"6136320476","5e618452-d449-4290-a29c-6564b5fb3154","IOS2018001009301:122","Animalia","Mollusca","Gastropoda","Pteropoda","Limacinidae","Limacina","Limacina helicina",49.054,-123.373
"6136320410","5e618452-d449-4290-a29c-6564b5fb3154","IOS2015022006901:96","Animalia","Mollusca","Gastropoda","Pteropoda","Limacinidae","Limacina","Limacina helicina",49.053,-123.374
"6136320369","5e618452-d449-4290-a29c-6564b5fb3154","IOS2018039018301:134","Animalia","Mollusca","Gastropoda","Pteropoda","Limacinidae","Limacina","Limacina helicina",49.054,-123.373
"6136320367","5e618452-d449-4290-a29c-6564b5fb3154","IOS2018039018301:135","Animalia","Mollusca","Gastropoda","Pteropoda","Limacinidae","Limacina","Limacina helicina",49.054,-123.373
"6136318700","5e618452-d449-4290-a29c-6564b5fb3154","IOS2016005008401:153","Animalia","Mollusca","Gastropoda","Pteropoda","Limacinidae","Limacina","Limacina helicina",49.707,-124.723
"6136318699","5e618452-d449-4290-a29c-6564b5fb3154","IOS2016005008401:152","Animalia","Mollusca","Gastropoda","Pteropoda","Limacinidae","Limacina","Limacina helicina",49.707,-124.723
"6136318686","5e618452-d449-4290-a29c-6564b5fb3154","IOS2015019009501:125","Animalia","Mollusca","Gastropoda","Pteropoda","Limacinidae","Limacina","Limacina helicina",49.366,-124.084
"6136318646","5e618452-d449-4290-a29c-6564b5fb3154","IOS2007012011101:103","Animalia","Mollusca","Gastropoda","Pteropoda","Limacinidae","Limacina","Limacina helicina",49.249,-123.747
"6136318553","5e618452-d449-4290-a29c-6564b5fb3154","IOS2016005004701:167","Animalia","Mollusca","Gastropoda","Pteropoda","Limacinidae","Limacina","Limacina helicina",49.03,-123.437
"6136318552","5e618452-d449-4290-a29c-6564b5fb3154","IOS2016005004701:166","Animalia","Mollusca","Gastropoda","Pteropoda","Limacinidae","Limacina","Limacina helicina",49.03,-123.437
"6136318402","5e618452-d449-4290-a29c-6564b5fb3154","IOS2016009017101:121","Animalia","Mollusca","Gastropoda","Pteropoda","Limacinidae","Limacina","Limacina helicina",49.204,-123.439
"6136318401","5e618452-d449-4290-a29c-6564b5fb3154","IOS2016009017101:120","Animalia","Mollusca","Gastropoda","Pteropoda","Limacinidae","Limacina","Limacina helicina",49.204,-123.439
"6136318327","5e618452-d449-4290-a29c-6564b5fb3154","IOS2015022008701:113","Animalia","Mollusca","Gastropoda","Pteropoda","Limacinidae","Limacina","Limacina helicina",49.668,-124.272
"6136318324","5e618452-d449-4290-a29c-6564b5fb3154","IOS2016005006501:183","Animalia","Mollusca","Gastropoda","Pteropoda","Limacinidae","Limacina","Limacina helicina",49.506,-124.1
"6136318316","5e618452-d449-4290-a29c-6564b5fb3154","IOS2016005006501:184","Animalia","Mollusca","Gastropoda","Pteropoda","Limacinidae","Limacina","Limacina helicina",49.506,-124.1
"6136316991","5e618452-d449-4290-a29c-6564b5fb3154","UVI2005000001001:90","Animalia","Mollusca","Gastropoda","Pteropoda","Limacinidae","Limacina","Limacina helicina",49.25,-123.748
"6136316989","5e618452-d449-4290-a29c-6564b5fb3154","IOS2016003003801:132","Animalia","Mollusca","Gastropoda","Pteropoda","Limacinidae","Limacina","Limacina helicina",49.885,-124.994
"6136316972","5e618452-d449-4290-a29c-6564b5fb3154","UVI2005000001001:89","Animalia","Mollusca","Gastropoda","Pteropoda","Limacinidae","Limacina","Limacina helicina",49.25,-123.748
"6136316904","5e618452-d449-4290-a29c-6564b5fb3154","PBS2014028009601:85","Animalia","Mollusca","Gastropoda","Pteropoda","Limacinidae","Limacina","Limacina helicina",49.509,-124.493
"6136316827","5e618452-d449-4290-a29c-6564b5fb3154","IOS2016071004101:86","Animalia","Mollusca","Gastropoda","Pteropoda","Limacinidae","Limacina","Limacina helicina",49.199,-123.439
"6136316724","5e618452-d449-4290-a29c-6564b5fb3154","PBS2008015032001:53","Animalia","Mollusca","Gastropoda","Pteropoda","Limacinidae","Limacina","Limacina helicina",49.731,-124.402
"6136316686","5e618452-d449-4290-a29c-6564b5fb3154","IOS2015022008501:150","Animalia","Mollusca","Gastropoda","Pteropoda","Limacinidae","Limacina","Limacina helicina",49.707,-124.72
"6136316685","5e618452-d449-4290-a29c-6564b5fb3154","PBS2009001006201:93","Animalia","Mollusca","Gastropoda","Pteropoda","Limacinidae","Limacina","Limacina helicina",48.986,-123.35
"6136316683","5e618452-d449-4290-a29c-6564b5fb3154","PBS2009001006201:92","Animalia","Mollusca","Gastropoda","Pteropoda","Limacinidae","Limacina","Limacina helicina",48.986,-123.35
"6136316615","5e618452-d449-4290-a29c-6564b5fb3154","IOS2014006007401:128","Animalia","Mollusca","Gastropoda","Pteropoda","Limacinidae","Limacina","Limacina helicina",49.706,-124.722
"6136316612","5e618452-d449-4290-a29c-6564b5fb3154","IOS2014006007401:127","Animalia","Mollusca","Gastropoda","Pteropoda","Limacinidae","Limacina","Limacina helicina",49.706,-124.722
"6136316590","5e618452-d449-4290-a29c-6564b5fb3154","IOS2015022008501:149","Animalia","Mollusca","Gastropoda","Pteropoda","Limacinidae","Limacina","Limacina helicina",49.707,-124.72
"6136316542","5e618452-d449-4290-a29c-6564b5fb3154","IOS2016009017301:103","Animalia","Mollusca","Gastropoda","Pteropoda","Limacinidae","Limacina","Limacina helicina",49.144,-123.612
"6136316502","5e618452-d449-4290-a29c-6564b5fb3154","IOS2018035000501:157","Animalia","Mollusca","Gastropoda","Pteropoda","Limacinidae","Limacina","Limacina helicina",49.26,-123.755
"6136316498","5e618452-d449-4290-a29c-6564b5fb3154","IOS2018035000501:156","Animalia","Mollusca","Gastropoda","Pteropoda","Limacinidae","Limacina","Limacina helicina",49.26,-123.755
"6136315195","5e618452-d449-4290-a29c-6564b5fb3154","PBS2009041032301:89","Animalia","Mollusca","Gastropoda","Pteropoda","Limacinidae","Limacina","Limacina helicina",49.517,-124.462
"6136315194","5e618452-d449-4290-a29c-6564b5fb3154","PBS2009041032301:88","Animalia","Mollusca","Gastropoda","Pteropoda","Limacinidae","Limacina","Limacina helicina",49.517,-124.462
"6136314946","5e618452-d449-4290-a29c-6564b5fb3154","IOS2017007000501:123","Animalia","Mollusca","Gastropoda","Pteropoda","Limacinidae","Limacina","Limacina helicina",49.054,-123.372
"6136314819","5e618452-d449-4290-a29c-6564b5fb3154","IOS2014060001801:108","Animalia","Mollusca","Gastropoda","Pteropoda","Limacinidae","Limacina","Limacina helicina",49.458,-124.513
"6136314818","5e618452-d449-4290-a29c-6564b5fb3154","IOS2014060001801:107","Animalia","Mollusca","Gastropoda","Pteropoda","Limacinidae","Limacina","Limacina helicina",49.458,-124.513
"6136314780","5e618452-d449-4290-a29c-6564b5fb3154","PSF2015098000901:92","Animalia","Mollusca","Gastropoda","Pteropoda","Limacinidae","Limacina","Limacina helicina",49.485,-124.605
"6136314750","5e618452-d449-4290-a29c-6564b5fb3154","PSF2015098000901:93","Animalia","Mollusca","Gastropoda","Pteropoda","Limacinidae","Limacina","Limacina helicina",49.485,-124.605
"6136314333","5e618452-d449-4290-a29c-6564b5fb3154","IOS2015020021201:134","Animalia","Mollusca","Gastropoda","Pteropoda","Limacinidae","Limacina","Limacina helicina",49.249,-123.75
"6136314331","5e618452-d449-4290-a29c-6564b5fb3154","IOS2015020021201:133","Animalia","Mollusca","Gastropoda","Pteropoda","Limacinidae","Limacina","Limacina helicina",49.249,-123.75
"6136313261","5e618452-d449-4290-a29c-6564b5fb3154","IOS2015099000301:126","Animalia","Mollusca","Gastropoda","Pteropoda","Limacinidae","Limacina","Limacina helicina",49.705,-124.718
"6136312718","5e618452-d449-4290-a29c-6564b5fb3154","IOS2014060001101:120","Animalia","Mollusca","Gastropoda","Pteropoda","Limacinidae","Limacina","Limacina helicina",49.708,-124.726
"6136312713","5e618452-d449-4290-a29c-6564b5fb3154","IOS1999009008601:84","Animalia","Mollusca","Gastropoda","Pteropoda","Limacinidae","Limacina","Limacina helicina",49.464,-124.503
"6136312691","5e618452-d449-4290-a29c-6564b5fb3154","IOS2014060001101:119","Animalia","Mollusca","Gastropoda","Pteropoda","Limacinidae","Limacina","Limacina helicina",49.708,-124.726
"6136312574","5e618452-d449-4290-a29c-6564b5fb3154","IOS2014023005001:129","Animalia","Mollusca","Gastropoda","Pteropoda","Limacinidae","Limacina","Limacina helicina",49.055,-123.372
"6136312572","5e618452-d449-4290-a29c-6564b5fb3154","IOS2014023005001:128","Animalia","Mollusca","Gastropoda","Pteropoda","Limacinidae","Limacina","Limacina helicina",49.055,-123.372
"6136311297","5e618452-d449-4290-a29c-6564b5fb3154","IOS2015018010001:142","Animalia","Mollusca","Gastropoda","Pteropoda","Limacinidae","Limacina","Limacina helicina",49.67,-124.271
"6136311296","5e618452-d449-4290-a29c-6564b5fb3154","IOS2015018010001:141","Animalia","Mollusca","Gastropoda","Pteropoda","Limacinidae","Limacina","Limacina helicina",49.67,-124.271
"6136311269","5e618452-d449-4290-a29c-6564b5fb3154","IOS2018037000101:134","Animalia","Mollusca","Gastropoda","Pteropoda","Limacinidae","Limacina","Limacina helicina",49.25,-123.75
"6136311266","5e618452-d449-4290-a29c-6564b5fb3154","IOS2018037000101:133","Animalia","Mollusca","Gastropoda","Pteropoda","Limacinidae","Limacina","Limacina helicina",49.25,-123.75
"6136311263","5e618452-d449-4290-a29c-6564b5fb3154","IOS2001027004401:77","Animalia","Mollusca","Gastropoda","Pteropoda","Limacinidae","Limacina","Limacina helicina",49.366,-124.085
"6136311259","5e618452-d449-4290-a29c-6564b5fb3154","IOS2016009008701:148","Animalia","Mollusca","Gastropoda","Pteropoda","Limacinidae","Limacina","Limacina helicina",49.25,-123.748
"6136311246","5e618452-d449-4290-a29c-6564b5fb3154","IOS2016009008701:147","Animalia","Mollusca","Gastropoda","Pteropoda","Limacinidae","Limacina","Limacina helicina",49.25,-123.748
"6136311145","5e618452-d449-4290-a29c-6564b5fb3154","IOS2011016015301:108","Animalia","Mollusca","Gastropoda","Pteropoda","Limacinidae","Limacina","Limacina helicina",49.247,-123.746
"6136310983","5e618452-d449-4290-a29c-6564b5fb3154","HAK2016096000401:69","Animalia","Mollusca","Gastropoda","Pteropoda","Limacinidae","Limacina","Limacina helicina",50.031,-125.099
"6136310952","5e618452-d449-4290-a29c-6564b5fb3154","IOS2016047018901:117","Animalia","Mollusca","Gastropoda","Pteropoda","Limacinidae","Limacina","Limacina helicina",49.401,-123.752
"6136310951","5e618452-d449-4290-a29c-6564b5fb3154","IOS2016047018901:116","Animalia","Mollusca","Gastropoda","Pteropoda","Limacinidae","Limacina","Limacina helicina",49.401,-123.752
"6136310798","5e618452-d449-4290-a29c-6564b5fb3154","IOS2015021015501:85","Animalia","Mollusca","Gastropoda","Pteropoda","Limacinidae","Limacina","Limacina helicina",49.504,-124.098
"6136310643","5e618452-d449-4290-a29c-6564b5fb3154","PBS1997055000101:78","Animalia","Mollusca","Gastropoda","Pteropoda","Limacinidae","Limacina","Limacina helicina",49.25,-123.75
"6136310588","5e618452-d449-4290-a29c-6564b5fb3154","IOS2016062020701:102","Animalia","Mollusca","Gastropoda","Pteropoda","Limacinidae","Limacina","Limacina helicina",49.055,-123.373
"6136310583","5e618452-d449-4290-a29c-6564b5fb3154","IOS2016062020701:101","Animalia","Mollusca","Gastropoda","Pteropoda","Limacinidae","Limacina","Limacina helicina",49.055,-123.373
"6136310476","5e618452-d449-4290-a29c-6564b5fb3154","IOS2015020021001:105","Animalia","Mollusca","Gastropoda","Pteropoda","Limacinidae","Limacina","Limacina helicina",49.402,-123.755
"6136310473","5e618452-d449-4290-a29c-6564b5fb3154","IOS2015020021001:104","Animalia","Mollusca","Gastropoda","Pteropoda","Limacinidae","Limacina","Limacina helicina",49.402,-123.755
"6136310204","5e618452-d449-4290-a29c-6564b5fb3154","IOS2014023002501:127","Animalia","Mollusca","Gastropoda","Pteropoda","Limacinidae","Limacina","Limacina helicina",49.466,-124.499
"6136310202","5e618452-d449-4290-a29c-6564b5fb3154","IOS2014023002501:126","Animalia","Mollusca","Gastropoda","Pteropoda","Limacinidae","Limacina","Limacina helicina",49.466,-124.499
"6136310191","5e618452-d449-4290-a29c-6564b5fb3154","IOS2004030000501:76","Animalia","Mollusca","Gastropoda","Pteropoda","Limacinidae","Limacina","Limacina helicina",49.466,-124.501
"6136310190","5e618452-d449-4290-a29c-6564b5fb3154","IOS2004030000501:75","Animalia","Mollusca","Gastropoda","Pteropoda","Limacinidae","Limacina","Limacina helicina",49.466,-124.501
"6136310173","5e618452-d449-4290-a29c-6564b5fb3154","IOS2014050003801:105","Animalia","Mollusca","Gastropoda","Pteropoda","Limacinidae","Limacina","Limacina helicina",49.249,-123.748
"6136310172","5e618452-d449-4290-a29c-6564b5fb3154","IOS2014050003801:104","Animalia","Mollusca","Gastropoda","Pteropoda","Limacinidae","Limacina","Limacina helicina",49.249,-123.748
"6136309909","5e618452-d449-4290-a29c-6564b5fb3154","UBC9999099000201:107","Animalia","Mollusca","Gastropoda","Pteropoda","Limacinidae","Limacina","Limacina helicina",49.25,-123.667
"6136309895","5e618452-d449-4290-a29c-6564b5fb3154","IOS2015017004801:112","Animalia","Mollusca","Gastropoda","Pteropoda","Limacinidae","Limacina","Limacina helicina",49.056,-123.373
"6136309738","5e618452-d449-4290-a29c-6564b5fb3154","IOS2012005002201:135","Animalia","Mollusca","Gastropoda","Pteropoda","Limacinidae","Limacina","Limacina helicina",49.71,-124.722
"6136309647","5e618452-d449-4290-a29c-6564b5fb3154","PBS2010003011501:79","Animalia","Mollusca","Gastropoda","Pteropoda","Limacinidae","Limacina","Limacina helicina",48.945,-123.298
"6136309629","5e618452-d449-4290-a29c-6564b5fb3154","PBS2010003011501:80","Animalia","Mollusca","Gastropoda","Pteropoda","Limacinidae","Limacina","Limacina helicina",48.945,-123.298
"6136309426","5e618452-d449-4290-a29c-6564b5fb3154","IOS2016010000701:112","Animalia","Mollusca","Gastropoda","Pteropoda","Limacinidae","Limacina","Limacina helicina",49.669,-124.273
"6136309422","5e618452-d449-4290-a29c-6564b5fb3154","IOS2016010000701:111","Animalia","Mollusca","Gastropoda","Pteropoda","Limacinidae","Limacina","Limacina helicina",49.669,-124.273
"6136309378","5e618452-d449-4290-a29c-6564b5fb3154","IOS2015019006001:98","Animalia","Mollusca","Gastropoda","Pteropoda","Limacinidae","Limacina","Limacina helicina",49.4,-123.76
"6136309302","5e618452-d449-4290-a29c-6564b5fb3154","IOS2015099000201:113","Animalia","Mollusca","Gastropoda","Pteropoda","Limacinidae","Limacina","Limacina helicina",49.252,-123.748
"6136308197","5e618452-d449-4290-a29c-6564b5fb3154","PBS2016046010201:65","Animalia","Mollusca","Gastropoda","Pteropoda","Limacinidae","Limacina","Limacina helicina",49.57,-124.581
"6136308179","5e618452-d449-4290-a29c-6564b5fb3154","IOS2016047017701:145","Animalia","Mollusca","Gastropoda","Pteropoda","Limacinidae","Limacina","Limacina helicina",49.886,-124.995
"6136308175","5e618452-d449-4290-a29c-6564b5fb3154","IOS2016047017701:146","Animalia","Mollusca","Gastropoda","Pteropoda","Limacinidae","Limacina","Limacina helicina",49.886,-124.995
"6136307817","5e618452-d449-4290-a29c-6564b5fb3154","IOS2016007005301:145","Animalia","Mollusca","Gastropoda","Pteropoda","Limacinidae","Limacina","Limacina helicina",49.054,-123.372
"6136307816","5e618452-d449-4290-a29c-6564b5fb3154","IOS2016007005301:144","Animalia","Mollusca","Gastropoda","Pteropoda","Limacinidae","Limacina","Limacina helicina",49.054,-123.372
"6136307642","5e618452-d449-4290-a29c-6564b5fb3154","PBS2014028008701:78","Animalia","Mollusca","Gastropoda","Pteropoda","Limacinidae","Limacina","Limacina helicina",49.648,-124.719
"6136307557","5e618452-d449-4290-a29c-6564b5fb3154","IOS2002006004101:72","Animalia","Mollusca","Gastropoda","Pteropoda","Limacinidae","Limacina","Limacina helicina",49.757,-124.788
"6136307411","5e618452-d449-4290-a29c-6564b5fb3154","IOS2016009006301:114","Animalia","Mollusca","Gastropoda","Pteropoda","Limacinidae","Limacina","Limacina helicina",49.141,-123.612
"6136307408","5e618452-d449-4290-a29c-6564b5fb3154","IOS2016009006301:113","Animalia","Mollusca","Gastropoda","Pteropoda","Limacinidae","Limacina","Limacina helicina",49.141,-123.612
"6136307350","5e618452-d449-4290-a29c-6564b5fb3154","IOS2007029002801:99","Animalia","Mollusca","Gastropoda","Pteropoda","Limacinidae","Limacina","Limacina helicina",49.25,-123.75
"6136306153","5e618452-d449-4290-a29c-6564b5fb3154","IOS2017005018101:147","Animalia","Mollusca","Gastropoda","Pteropoda","Limacinidae","Limacina","Limacina helicina",49.2,-123.442
"6136306152","5e618452-d449-4290-a29c-6564b5fb3154","IOS2017005018101:146","Animalia","Mollusca","Gastropoda","Pteropoda","Limacinidae","Limacina","Limacina helicina",49.2,-123.442
"6136306086","5e618452-d449-4290-a29c-6564b5fb3154","IOS2017007011701:140","Animalia","Mollusca","Gastropoda","Pteropoda","Limacinidae","Limacina","Limacina helicina",49.667,-124.27
"6136306084","5e618452-d449-4290-a29c-6564b5fb3154","IOS2017007011701:141","Animalia","Mollusca","Gastropoda","Pteropoda","Limacinidae","Limacina","Limacina helicina",49.667,-124.27
"6136306023","5e618452-d449-4290-a29c-6564b5fb3154","PBS2014028009901:101","Animalia","Mollusca","Gastropoda","Pteropoda","Limacinidae","Limacina","Limacina helicina",49.452,-124.473
"6136305972","5e618452-d449-4290-a29c-6564b5fb3154","PBS2009046000601:88","Animalia","Mollusca","Gastropoda","Pteropoda","Limacinidae","Limacina","Limacina helicina",49.383,-123.811
"6136305969","5e618452-d449-4290-a29c-6564b5fb3154","PBS2009046000601:87","Animalia","Mollusca","Gastropoda","Pteropoda","Limacinidae","Limacina","Limacina helicina",49.383,-123.811
"6136305872","5e618452-d449-4290-a29c-6564b5fb3154","UBC9999099000901:85","Animalia","Mollusca","Gastropoda","Pteropoda","Limacinidae","Limacina","Limacina helicina",49.25,-123.667
"6136305554","5e618452-d449-4290-a29c-6564b5fb3154","IOS2016056001801:115","Animalia","Mollusca","Gastropoda","Pteropoda","Limacinidae","Limacina","Limacina helicina",49.257,-123.727
"6136305544","5e618452-d449-4290-a29c-6564b5fb3154","IOS2016056001801:114","Animalia","Mollusca","Gastropoda","Pteropoda","Limacinidae","Limacina","Limacina helicina",49.257,-123.727
"6136305380","5e618452-d449-4290-a29c-6564b5fb3154","IOS2013012003201:133","Animalia","Mollusca","Gastropoda","Pteropoda","Limacinidae","Limacina","Limacina helicina",49.468,-124.498
"6136305375","5e618452-d449-4290-a29c-6564b5fb3154","IOS2013012003201:134","Animalia","Mollusca","Gastropoda","Pteropoda","Limacinidae","Limacina","Limacina helicina",49.468,-124.498
"6136305353","5e618452-d449-4290-a29c-6564b5fb3154","IOS2017007001001:129","Animalia","Mollusca","Gastropoda","Pteropoda","Limacinidae","Limacina","Limacina helicina",49.201,-123.441
"6136304238","5e618452-d449-4290-a29c-6564b5fb3154","PBS2016045009201:86","Animalia","Mollusca","Gastropoda","Pteropoda","Limacinidae","Limacina","Limacina helicina",49.697,-124.792
"6136304227","5e618452-d449-4290-a29c-6564b5fb3154","IOS2015020020201:92","Animalia","Mollusca","Gastropoda","Pteropoda","Limacinidae","Limacina","Limacina helicina",49.466,-124.5
"6136304153","5e618452-d449-4290-a29c-6564b5fb3154","IOS2015022015801:153","Animalia","Mollusca","Gastropoda","Pteropoda","Limacinidae","Limacina","Limacina helicina",49.466,-124.499
"6136304152","5e618452-d449-4290-a29c-6564b5fb3154","IOS2015022015801:152","Animalia","Mollusca","Gastropoda","Pteropoda","Limacinidae","Limacina","Limacina helicina",49.466,-124.499
"6136304131","5e618452-d449-4290-a29c-6564b5fb3154","IOS2016007010301:124","Animalia","Mollusca","Gastropoda","Pteropoda","Limacinidae","Limacina","Limacina helicina",49.67,-124.272
"6136304129","5e618452-d449-4290-a29c-6564b5fb3154","IOS2016007010301:123","Animalia","Mollusca","Gastropoda","Pteropoda","Limacinidae","Limacina","Limacina helicina",49.67,-124.272
"6136304111","5e618452-d449-4290-a29c-6564b5fb3154","IOS2017049000301:158","Animalia","Mollusca","Gastropoda","Pteropoda","Limacinidae","Limacina","Limacina helicina",49.252,-123.747
"6136304110","5e618452-d449-4290-a29c-6564b5fb3154","IOS2017049000301:157","Animalia","Mollusca","Gastropoda","Pteropoda","Limacinidae","Limacina","Limacina helicina",49.252,-123.747
"6136303873","5e618452-d449-4290-a29c-6564b5fb3154","PBS2016045006201:164","Animalia","Mollusca","Gastropoda","Pteropoda","Limacinidae","Limacina","Limacina helicina",49.451,-124.473
"6136303872","5e618452-d449-4290-a29c-6564b5fb3154","PBS2016045006201:163","Animalia","Mollusca","Gastropoda","Pteropoda","Limacinidae","Limacina","Limacina helicina",49.451,-124.473
"6136303831","5e618452-d449-4290-a29c-6564b5fb3154","IOS2012005001001:121","Animalia","Mollusca","Gastropoda","Pteropoda","Limacinidae","Limacina","Limacina helicina",49.67,-124.272
"6136303747","5e618452-d449-4290-a29c-6564b5fb3154","IOS2018029007001:154","Animalia","Mollusca","Gastropoda","Pteropoda","Limacinidae","Limacina","Limacina helicina",49.367,-124.085
"6136303746","5e618452-d449-4290-a29c-6564b5fb3154","IOS2018029007001:153","Animalia","Mollusca","Gastropoda","Pteropoda","Limacinidae","Limacina","Limacina helicina",49.367,-124.085
"6136303729","5e618452-d449-4290-a29c-6564b5fb3154","IOS2015019005101:79","Animalia","Mollusca","Gastropoda","Pteropoda","Limacinidae","Limacina","Limacina helicina",49.199,-123.44
"6136303706","5e618452-d449-4290-a29c-6564b5fb3154","IOS2015019005101:80","Animalia","Mollusca","Gastropoda","Pteropoda","Limacinidae","Limacina","Limacina helicina",49.199,-123.44
"6136303696","5e618452-d449-4290-a29c-6564b5fb3154","IOS2016009002501:127","Animalia","Mollusca","Gastropoda","Pteropoda","Limacinidae","Limacina","Limacina helicina",49.198,-123.436
"6136303695","5e618452-d449-4290-a29c-6564b5fb3154","IOS2016009002501:126","Animalia","Mollusca","Gastropoda","Pteropoda","Limacinidae","Limacina","Limacina helicina",49.198,-123.436
"6136303666","5e618452-d449-4290-a29c-6564b5fb3154","IOS2015099000101:103","Animalia","Mollusca","Gastropoda","Pteropoda","Limacinidae","Limacina","Limacina helicina",49.583,-124.092
"6136303639","5e618452-d449-4290-a29c-6564b5fb3154","IOS2017007006801:130","Animalia","Mollusca","Gastropoda","Pteropoda","Limacinidae","Limacina","Limacina helicina",49.25,-123.751
"6136303637","5e618452-d449-4290-a29c-6564b5fb3154","IOS2017007006801:131","Animalia","Mollusca","Gastropoda","Pteropoda","Limacinidae","Limacina","Limacina helicina",49.25,-123.751
"6136303616","5e618452-d449-4290-a29c-6564b5fb3154","IOS2015014003401:122","Animalia","Mollusca","Gastropoda","Pteropoda","Limacinidae","Limacina","Limacina helicina",49.402,-123.755
"6136303565","5e618452-d449-4290-a29c-6564b5fb3154","IOS2015022019601:144","Animalia","Mollusca","Gastropoda","Pteropoda","Limacinidae","Limacina","Limacina helicina",49.706,-124.722
"6136303561","5e618452-d449-4290-a29c-6564b5fb3154","IOS2015022019601:145","Animalia","Mollusca","Gastropoda","Pteropoda","Limacinidae","Limacina","Limacina helicina",49.706,-124.722
"6136303404","5e618452-d449-4290-a29c-6564b5fb3154","IOS2017007015301:142","Animalia","Mollusca","Gastropoda","Pteropoda","Limacinidae","Limacina","Limacina helicina",49.669,-124.272
"6136303403","5e618452-d449-4290-a29c-6564b5fb3154","IOS2017007015301:141","Animalia","Mollusca","Gastropoda","Pteropoda","Limacinidae","Limacina","Limacina helicina",49.669,-124.272
"6136302255","5e618452-d449-4290-a29c-6564b5fb3154","UBC9999099000401:45","Animalia","Mollusca","Gastropoda","Pteropoda","Limacinidae","Limacina","Limacina helicina",49.25,-123.667
"6136302220","5e618452-d449-4290-a29c-6564b5fb3154","IOS2016005009801:167","Animalia","Mollusca","Gastropoda","Pteropoda","Limacinidae","Limacina","Limacina helicina",49.67,-124.271
"6136302219","5e618452-d449-4290-a29c-6564b5fb3154","IOS2016005009801:166","Animalia","Mollusca","Gastropoda","Pteropoda","Limacinidae","Limacina","Limacina helicina",49.67,-124.271
"6136301978","5e618452-d449-4290-a29c-6564b5fb3154","PBS2009046006001:79","Animalia","Mollusca","Gastropoda","Pteropoda","Limacinidae","Limacina","Limacina helicina",49.124,-123.353
"6136301954","5e618452-d449-4290-a29c-6564b5fb3154","PBS2009046006001:80","Animalia","Mollusca","Gastropoda","Pteropoda","Limacinidae","Limacina","Limacina helicina",49.124,-123.353
"6136301919","5e618452-d449-4290-a29c-6564b5fb3154","IOS2016010005701:106","Animalia","Mollusca","Gastropoda","Pteropoda","Limacinidae","Limacina","Limacina helicina",49.055,-123.372
"6136301918","5e618452-d449-4290-a29c-6564b5fb3154","IOS2016010005701:105","Animalia","Mollusca","Gastropoda","Pteropoda","Limacinidae","Limacina","Limacina helicina",49.055,-123.372
"6136301736","5e618452-d449-4290-a29c-6564b5fb3154","IOS2015018005801:144","Animalia","Mollusca","Gastropoda","Pteropoda","Limacinidae","Limacina","Limacina helicina",49.25,-123.748
"6136301735","5e618452-d449-4290-a29c-6564b5fb3154","IOS2015018005801:143","Animalia","Mollusca","Gastropoda","Pteropoda","Limacinidae","Limacina","Limacina helicina",49.25,-123.748
"6136301718","5e618452-d449-4290-a29c-6564b5fb3154","IOS2015022014801:158","Animalia","Mollusca","Gastropoda","Pteropoda","Limacinidae","Limacina","Limacina helicina",49.505,-124.1
"6136301715","5e618452-d449-4290-a29c-6564b5fb3154","IOS2015022014801:157","Animalia","Mollusca","Gastropoda","Pteropoda","Limacinidae","Limacina","Limacina helicina",49.505,-124.1
"6136301653","5e618452-d449-4290-a29c-6564b5fb3154","PBS2009046003601:90","Animalia","Mollusca","Gastropoda","Pteropoda","Limacinidae","Limacina","Limacina helicina",49.519,-124.464
"6136301649","5e618452-d449-4290-a29c-6564b5fb3154","PBS2009046003601:91","Animalia","Mollusca","Gastropoda","Pteropoda","Limacinidae","Limacina","Limacina helicina",49.519,-124.464
"6136301496","5e618452-d449-4290-a29c-6564b5fb3154","IOS2016003003001:107","Animalia","Mollusca","Gastropoda","Pteropoda","Limacinidae","Limacina","Limacina helicina",49.468,-124.502
"6136300268","5e618452-d449-4290-a29c-6564b5fb3154","IOS2015022001801:106","Animalia","Mollusca","Gastropoda","Pteropoda","Limacinidae","Limacina","Limacina helicina",49.145,-123.612
"6136300267","5e618452-d449-4290-a29c-6564b5fb3154","IOS2015022001801:105","Animalia","Mollusca","Gastropoda","Pteropoda","Limacinidae","Limacina","Limacina helicina",49.145,-123.612
"6136300117","5e618452-d449-4290-a29c-6564b5fb3154","IOS2016009012901:165","Animalia","Mollusca","Gastropoda","Pteropoda","Limacinidae","Limacina","Limacina helicina",49.467,-124.501
"6136300111","5e618452-d449-4290-a29c-6564b5fb3154","IOS2016009012901:164","Animalia","Mollusca","Gastropoda","Pteropoda","Limacinidae","Limacina","Limacina helicina",49.467,-124.501
"6136300045","5e618452-d449-4290-a29c-6564b5fb3154","IOS2013013004601:86","Animalia","Mollusca","Gastropoda","Pteropoda","Limacinidae","Limacina","Limacina helicina",49.055,-123.372
"6136300015","5e618452-d449-4290-a29c-6564b5fb3154","IOS2014060002501:108","Animalia","Mollusca","Gastropoda","Pteropoda","Limacinidae","Limacina","Limacina helicina",49.67,-124.272
"6136300014","5e618452-d449-4290-a29c-6564b5fb3154","IOS2014060002501:107","Animalia","Mollusca","Gastropoda","Pteropoda","Limacinidae","Limacina","Limacina helicina",49.67,-124.272
"6136299850","5e618452-d449-4290-a29c-6564b5fb3154","IOS2015022018401:124","Animalia","Mollusca","Gastropoda","Pteropoda","Limacinidae","Limacina","Limacina helicina",49.256,-123.75
"6136299849","5e618452-d449-4290-a29c-6564b5fb3154","IOS2015022018401:123","Animalia","Mollusca","Gastropoda","Pteropoda","Limacinidae","Limacina","Limacina helicina",49.256,-123.75
"6136299448","5e618452-d449-4290-a29c-6564b5fb3154","PBS2009041033501:84","Animalia","Mollusca","Gastropoda","Pteropoda","Limacinidae","Limacina","Limacina helicina",49.376,-123.805
"6136299447","5e618452-d449-4290-a29c-6564b5fb3154","PBS2009041033501:83","Animalia","Mollusca","Gastropoda","Pteropoda","Limacinidae","Limacina","Limacina helicina",49.376,-123.805
"6136298166","5e618452-d449-4290-a29c-6564b5fb3154","IOS2016009021501:108","Animalia","Mollusca","Gastropoda","Pteropoda","Limacinidae","Limacina","Limacina helicina",49.405,-123.759
"6136298063","5e618452-d449-4290-a29c-6564b5fb3154","IOS2015017009801:118","Animalia","Mollusca","Gastropoda","Pteropoda","Limacinidae","Limacina","Limacina helicina",49.669,-124.269
"6136298062","5e618452-d449-4290-a29c-6564b5fb3154","IOS2015017009801:117","Animalia","Mollusca","Gastropoda","Pteropoda","Limacinidae","Limacina","Limacina helicina",49.669,-124.269
"6136297844","5e618452-d449-4290-a29c-6564b5fb3154","IOS2015022010901:144","Animalia","Mollusca","Gastropoda","Pteropoda","Limacinidae","Limacina","Limacina helicina",49.248,-123.745
"6136297843","5e618452-d449-4290-a29c-6564b5fb3154","IOS2015022010901:143","Animalia","Mollusca","Gastropoda","Pteropoda","Limacinidae","Limacina","Limacina helicina",49.248,-123.745
"6136297838","5e618452-d449-4290-a29c-6564b5fb3154","UVI2004000001401:95","Animalia","Mollusca","Gastropoda","Pteropoda","Limacinidae","Limacina","Limacina helicina",49.25,-123.748
"6136297769","5e618452-d449-4290-a29c-6564b5fb3154","IOS2016005005801:206","Animalia","Mollusca","Gastropoda","Pteropoda","Limacinidae","Limacina","Limacina helicina",49.25,-123.748
"6136297768","5e618452-d449-4290-a29c-6564b5fb3154","IOS2016005005801:205","Animalia","Mollusca","Gastropoda","Pteropoda","Limacinidae","Limacina","Limacina helicina",49.25,-123.748
"6136297704","5e618452-d449-4290-a29c-6564b5fb3154","IOS2015022014601:131","Animalia","Mollusca","Gastropoda","Pteropoda","Limacinidae","Limacina","Limacina helicina",49.402,-123.756
"6136297703","5e618452-d449-4290-a29c-6564b5fb3154","IOS2015022014601:130","Animalia","Mollusca","Gastropoda","Pteropoda","Limacinidae","Limacina","Limacina helicina",49.402,-123.756
"6136297596","5e618452-d449-4290-a29c-6564b5fb3154","IOS2017005018301:159","Animalia","Mollusca","Gastropoda","Pteropoda","Limacinidae","Limacina","Limacina helicina",49.051,-123.375
"6136297594","5e618452-d449-4290-a29c-6564b5fb3154","IOS2017005018301:158","Animalia","Mollusca","Gastropoda","Pteropoda","Limacinidae","Limacina","Limacina helicina",49.051,-123.375
"6136297533","5e618452-d449-4290-a29c-6564b5fb3154","IOS2015021014801:138","Animalia","Mollusca","Gastropoda","Pteropoda","Limacinidae","Limacina","Limacina helicina",49.706,-124.721
"6136297527","5e618452-d449-4290-a29c-6564b5fb3154","IOS2015021014801:137","Animalia","Mollusca","Gastropoda","Pteropoda","Limacinidae","Limacina","Limacina helicina",49.706,-124.721
"6136297370","5e618452-d449-4290-a29c-6564b5fb3154","IOS2006030001001:68","Animalia","Mollusca","Gastropoda","Pteropoda","Limacinidae","Limacina","Limacina helicina",49.25,-123.702
"6136297363","5e618452-d449-4290-a29c-6564b5fb3154","PBS2011002036001:50","Animalia","Mollusca","Gastropoda","Pteropoda","Limacinidae","Limacina","Limacina helicina",49.742,-124.828
"6136297302","5e618452-d449-4290-a29c-6564b5fb3154","IOS2015021015001:85","Animalia","Mollusca","Gastropoda","Pteropoda","Limacinidae","Limacina","Limacina helicina",49.465,-124.499
"6136296084","5e618452-d449-4290-a29c-6564b5fb3154","IOS2013013007601:88","Animalia","Mollusca","Gastropoda","Pteropoda","Limacinidae","Limacina","Limacina helicina",49.705,-124.725
"6136295788","5e618452-d449-4290-a29c-6564b5fb3154","IOS2018096002101:138","Animalia","Mollusca","Gastropoda","Pteropoda","Limacinidae","Limacina","Limacina helicina",49.706,-124.724
"6136295787","5e618452-d449-4290-a29c-6564b5fb3154","IOS2018096002101:137","Animalia","Mollusca","Gastropoda","Pteropoda","Limacinidae","Limacina","Limacina helicina",49.706,-124.724
"6136295767","5e618452-d449-4290-a29c-6564b5fb3154","IOS2017001012801A:124","Animalia","Mollusca","Gastropoda","Pteropoda","Limacinidae","Limacina","Limacina helicina",49.728,-124.685
"6136295624","5e618452-d449-4290-a29c-6564b5fb3154","IOS2016007006701:117","Animalia","Mollusca","Gastropoda","Pteropoda","Limacinidae","Limacina","Limacina helicina",49.403,-123.755
"6136295417","5e618452-d449-4290-a29c-6564b5fb3154","IOS2015019006901:122","Animalia","Mollusca","Gastropoda","Pteropoda","Limacinidae","Limacina","Limacina helicina",49.886,-124.996
"6136295416","5e618452-d449-4290-a29c-6564b5fb3154","IOS2015019006901:121","Animalia","Mollusca","Gastropoda","Pteropoda","Limacinidae","Limacina","Limacina helicina",49.886,-124.996
"6136295349","5e618452-d449-4290-a29c-6564b5fb3154","PBS1997061000101:66","Animalia","Mollusca","Gastropoda","Pteropoda","Limacinidae","Limacina","Limacina helicina",49.25,-123.75
"6136295348","5e618452-d449-4290-a29c-6564b5fb3154","PBS1997061000101:65","Animalia","Mollusca","Gastropoda","Pteropoda","Limacinidae","Limacina","Limacina helicina",49.25,-123.75
"6136295307","5e618452-d449-4290-a29c-6564b5fb3154","IOS2016071004401:101","Animalia","Mollusca","Gastropoda","Pteropoda","Limacinidae","Limacina","Limacina helicina",49.25,-123.741
"6136295306","5e618452-d449-4290-a29c-6564b5fb3154","IOS2016071004401:100","Animalia","Mollusca","Gastropoda","Pteropoda","Limacinidae","Limacina","Limacina helicina",49.25,-123.741
"5293300495","50c9509d-22c7-4a22-a47d-8c48425ef4a7","https://www.inaturalist.org/observations/304728518","Animalia","Mollusca","Gastropoda","Pteropoda","Limacinidae","Limacina","Limacina helicina",58.289206,-135.785731
"5076927146","50c9509d-22c7-4a22-a47d-8c48425ef4a7","https://www.inaturalist.org/observations/262607497","Animalia","Mollusca","Gastropoda","Pteropoda","Limacinidae","Limacina","Limacina helicina",56.966839,-135.732701
"4974292572","50c9509d-22c7-4a22-a47d-8c48425ef4a7","https://www.inaturalist.org/observations/210527574","Animalia","Mollusca","Gastropoda","Pteropoda","Limacinidae","Limacina","Limacina helicina",48.87669,-123.315425
"4974181774","50c9509d-22c7-4a22-a47d-8c48425ef4a7","https://www.inaturalist.org/observations/214716957","Animalia","Mollusca","Gastropoda","Pteropoda","Limacinidae","Limacina","Limacina helicina",52.096175,-131.213945
"4974080505","50c9509d-22c7-4a22-a47d-8c48425ef4a7","https://www.inaturalist.org/observations/155400519","Animalia","Mollusca","Gastropoda","Pteropoda","Limacinidae","Limacina","Limacina helicina",52.477888,-128.747772
"4974062439","50c9509d-22c7-4a22-a47d-8c48425ef4a7","https://www.inaturalist.org/observations/199058466","Animalia","Mollusca","Gastropoda","Pteropoda","Limacinidae","Limacina","Limacina helicina",56.94483,-135.751336
"4974042031","50c9509d-22c7-4a22-a47d-8c48425ef4a7","https://www.inaturalist.org/observations/246197000","Animalia","Mollusca","Gastropoda","Pteropoda","Limacinidae","Limacina","Limacina helicina",47.607696,-122.343711
"4973918379","50c9509d-22c7-4a22-a47d-8c48425ef4a7","https://www.inaturalist.org/observations/167815843","Animalia","Mollusca","Gastropoda","Pteropoda","Limacinidae","Limacina","Limacina helicina",49.278652,-123.534213
"4973845759","50c9509d-22c7-4a22-a47d-8c48425ef4a7","https://www.inaturalist.org/observations/122116224","Animalia","Mollusca","Gastropoda","Pteropoda","Limacinidae","Limacina","Limacina helicina",55.761658,-132.484687
"4954703393","50c9509d-22c7-4a22-a47d-8c48425ef4a7","https://www.inaturalist.org/observations/166171635","Animalia","Mollusca","Gastropoda","Pteropoda","Limacinidae","Limacina","Limacina helicina",52.485433,-128.723608
"4954546491","50c9509d-22c7-4a22-a47d-8c48425ef4a7","https://www.inaturalist.org/observations/230358293","Animalia","Mollusca","Gastropoda","Pteropoda","Limacinidae","Limacina","Limacina helicina",58.107802,-154.586894
"4946432211","50c9509d-22c7-4a22-a47d-8c48425ef4a7","https://www.inaturalist.org/observations/132374178","Animalia","Mollusca","Gastropoda","Pteropoda","Limacinidae","Limacina","Limacina helicina",58.294285,-136.268559
"4946276929","50c9509d-22c7-4a22-a47d-8c48425ef4a7","https://www.inaturalist.org/observations/216706554","Animalia","Mollusca","Gastropoda","Pteropoda","Limacinidae","Limacina","Limacina helicina",58.240053,-136.362275
"4936442327","50c9509d-22c7-4a22-a47d-8c48425ef4a7","https://www.inaturalist.org/observations/119370975","Animalia","Mollusca","Gastropoda","Pteropoda","Limacinidae","Limacina","Limacina helicina",56.190628,-132.94742
"4909244985","50c9509d-22c7-4a22-a47d-8c48425ef4a7","https://www.inaturalist.org/observations/156495087","Animalia","Mollusca","Gastropoda","Pteropoda","Limacinidae","Limacina","Limacina helicina",52.514675,-128.810642
"4901292155","50c9509d-22c7-4a22-a47d-8c48425ef4a7","https://www.inaturalist.org/observations/154202100","Animalia","Mollusca","Gastropoda","Pteropoda","Limacinidae","Limacina","Limacina helicina",52.590802,-128.519054
"4867897636","50c9509d-22c7-4a22-a47d-8c48425ef4a7","https://www.inaturalist.org/observations/216458035","Animalia","Mollusca","Gastropoda","Pteropoda","Limacinidae","Limacina","Limacina helicina",56.163654,-134.659806
"4852432419","50c9509d-22c7-4a22-a47d-8c48425ef4a7","https://www.inaturalist.org/observations/210515985","Animalia","Mollusca","Gastropoda","Pteropoda","Limacinidae","Limacina","Limacina helicina",48.876755,-123.315487
"4506783144","d80c46be-b600-44d5-9758-ef5159d40002","IYS2019-Kaganovsky-57-Bongo-1-32","Animalia","Mollusca","Gastropoda","Pteropoda","Limacinidae","Limacina","Limacina helicina",50.666667,-138.5
"4506783023","d80c46be-b600-44d5-9758-ef5159d40002","IYS2019-Kaganovsky-16-Bongo-1-29","Animalia","Mollusca","Gastropoda","Pteropoda","Limacinidae","Limacina","Limacina helicina",53.666667,-147.5
"4506782899","d80c46be-b600-44d5-9758-ef5159d40002","IYS2020-Legacy-4-Bongo-1-50","Animalia","Mollusca","Gastropoda","Pteropoda","Limacinidae","Limacina","Limacina helicina",47.4275,-138.468167
"4506782811","d80c46be-b600-44d5-9758-ef5159d40002","IYS2020-Legacy-23-Bongo-1-31","Animalia","Mollusca","Gastropoda","Pteropoda","Limacinidae","Limacina","Limacina helicina",51.471667,-143.035
"4506782758","d80c46be-b600-44d5-9758-ef5159d40002","IYS2019-Kaganovsky-35-Bongo-1-26","Animalia","Mollusca","Gastropoda","Pteropoda","Limacinidae","Limacina","Limacina helicina",50.667833,-144.506667
"4506782745","d80c46be-b600-44d5-9758-ef5159d40002","IYS2020-Legacy-1-Bongo-1-50","Animalia","Mollusca","Gastropoda","Pteropoda","Limacinidae","Limacina","Limacina helicina",48.3975,-127.996117
"4506782735","d80c46be-b600-44d5-9758-ef5159d40002","IYS2019-Kaganovsky-5-Bongo-1-31","Animalia","Mollusca","Gastropoda","Pteropoda","Limacinidae","Limacina","Limacina helicina",47.666667,-140
"4506782467","d80c46be-b600-44d5-9758-ef5159d40002","IYS2020-Legacy-AL-Bongo-1-46","Animalia","Mollusca","Gastropoda","Pteropoda","Limacinidae","Limacina","Limacina helicina",48.366667,-140.016667
"4506782455","d80c46be-b600-44d5-9758-ef5159d40002","IYS2019-Kaganovsky-41-Bongo-1-20","Animalia","Mollusca","Gastropoda","Pteropoda","Limacinidae","Limacina","Limacina helicina",53.666667,-143
"4506782370","d80c46be-b600-44d5-9758-ef5159d40002","IYS2019-Kaganovsky-29-Bongo-1-33","Animalia","Mollusca","Gastropoda","Pteropoda","Limacinidae","Limacina","Limacina helicina",51.667167,-146
"4506782307","d80c46be-b600-44d5-9758-ef5159d40002","IYS2019-Kaganovsky-22-Bongo-1-32","Animalia","Mollusca","Gastropoda","Pteropoda","Limacinidae","Limacina","Limacina helicina",56.666667,-143
"4506782133","d80c46be-b600-44d5-9758-ef5159d40002","IYS2020-Legacy-AV-Bongo-1-48","Animalia","Mollusca","Gastropoda","Pteropoda","Limacinidae","Limacina","Limacina helicina",47.405,-135.406667
"4506782106","d80c46be-b600-44d5-9758-ef5159d40002","IYS2020-Legacy-8-Bongo-1-35","Animalia","Mollusca","Gastropoda","Pteropoda","Limacinidae","Limacina","Limacina helicina",48.383833,-143.0095
"4506782015","d80c46be-b600-44d5-9758-ef5159d40002","IYS2019-Kaganovsky-31-Bongo-1-22","Animalia","Mollusca","Gastropoda","Pteropoda","Limacinidae","Limacina","Limacina helicina",49.666667,-146
"4506781967","d80c46be-b600-44d5-9758-ef5159d40002","IYS2020-Legacy-10-Bongo-1-36","Animalia","Mollusca","Gastropoda","Pteropoda","Limacinidae","Limacina","Limacina helicina",48.421333,-145.994
"4506781958","d80c46be-b600-44d5-9758-ef5159d40002","IYS2020-Legacy-7-Bongo-1-41","Animalia","Mollusca","Gastropoda","Pteropoda","Limacinidae","Limacina","Limacina helicina",47.4325,-142.980833
"4506781777","d80c46be-b600-44d5-9758-ef5159d40002","IYS2020-Legacy-Y27-Bongo-1-39","Animalia","Mollusca","Gastropoda","Pteropoda","Limacinidae","Limacina","Limacina helicina",52.408167,-137.088833
"4506781695","d80c46be-b600-44d5-9758-ef5159d40002","IYS2019-Kaganovsky-26-Bongo-1-28","Animalia","Mollusca","Gastropoda","Pteropoda","Limacinidae","Limacina","Limacina helicina",54.669333,-145.986
"4506781685","d80c46be-b600-44d5-9758-ef5159d40002","IYS2020-Legacy-AW-Bongo-1-48","Animalia","Mollusca","Gastropoda","Pteropoda","Limacinidae","Limacina","Limacina helicina",47.421667,-133.986667
"4506781496","d80c46be-b600-44d5-9758-ef5159d40002","IYS2019-Kaganovsky-2-Bongo-1-45","Animalia","Mollusca","Gastropoda","Pteropoda","Limacinidae","Limacina","Limacina helicina",48.183333,-129.916667
"4506781371","d80c46be-b600-44d5-9758-ef5159d40002","IYS2019-Kaganovsky-19-Bongo-1-35","Animalia","Mollusca","Gastropoda","Pteropoda","Limacinidae","Limacina","Limacina helicina",56.666667,-147.5
"4506781280","d80c46be-b600-44d5-9758-ef5159d40002","IYS2019-Kaganovsky-25-Bongo-1-33","Animalia","Mollusca","Gastropoda","Pteropoda","Limacinidae","Limacina","Limacina helicina",55.666667,-145.996833
"4506781214","d80c46be-b600-44d5-9758-ef5159d40002","IYS2020-Legacy-AI-Bongo-1-42","Animalia","Mollusca","Gastropoda","Pteropoda","Limacinidae","Limacina","Limacina helicina",49.445,-140.001667
"4506781093","d80c46be-b600-44d5-9758-ef5159d40002","IYS2019-Kaganovsky-32-Bongo-1-29","Animalia","Mollusca","Gastropoda","Pteropoda","Limacinidae","Limacina","Limacina helicina",48.666667,-146
"4506781033","d80c46be-b600-44d5-9758-ef5159d40002","IYS2020-Legacy-AH-Bongo-1-49","Animalia","Mollusca","Gastropoda","Pteropoda","Limacinidae","Limacina","Limacina helicina",49.435,-141.498333
"4506780949","d80c46be-b600-44d5-9758-ef5159d40002","IYS2019-Kaganovsky-1-Bongo-1-22","Animalia","Mollusca","Gastropoda","Pteropoda","Limacinidae","Limacina","Limacina helicina",48.301167,-128.522667
"4506780787","d80c46be-b600-44d5-9758-ef5159d40002","IYS2020-Legacy-P-Bongo-1-36","Animalia","Mollusca","Gastropoda","Pteropoda","Limacinidae","Limacina","Limacina helicina",54.565,-134.048333
"4506780693","d80c46be-b600-44d5-9758-ef5159d40002","IYS2019-Kaganovsky-34-Bongo-1-29","Animalia","Mollusca","Gastropoda","Pteropoda","Limacinidae","Limacina","Limacina helicina",49.666667,-144.5
"4506780686","d80c46be-b600-44d5-9758-ef5159d40002","IYS2020-Legacy-13-Bongo-1-27","Animalia","Mollusca","Gastropoda","Pteropoda","Limacinidae","Limacina","Limacina helicina",50.415667,-147.512667
"4506780544","d80c46be-b600-44d5-9758-ef5159d40002","IYS2019-Kaganovsky-17-Bongo-1-33","Animalia","Mollusca","Gastropoda","Pteropoda","Limacinidae","Limacina","Limacina helicina",54.666667,-147.5
"4506780372","d80c46be-b600-44d5-9758-ef5159d40002","IYS2019-Kaganovsky-56-Bongo-1-35","Animalia","Mollusca","Gastropoda","Pteropoda","Limacinidae","Limacina","Limacina helicina",50.666667,-140.000167
"4506780340","d80c46be-b600-44d5-9758-ef5159d40002","IYS2019-Kaganovsky-15-Bongo-1-30","Animalia","Mollusca","Gastropoda","Pteropoda","Limacinidae","Limacina","Limacina helicina",52.666667,-147.5
"4506780141","d80c46be-b600-44d5-9758-ef5159d40002","IYS2020-Legacy-11-Bongo-1-39","Animalia","Mollusca","Gastropoda","Pteropoda","Limacinidae","Limacina","Limacina helicina",48.401333,-147.4955
"4506780130","d80c46be-b600-44d5-9758-ef5159d40002","IYS2020-Legacy-AM-Bongo-1-41","Animalia","Mollusca","Gastropoda","Pteropoda","Limacinidae","Limacina","Limacina helicina",48.432833,-138.4125
"4506780042","d80c46be-b600-44d5-9758-ef5159d40002","IYS2020-Legacy-2-Bongo-1-61","Animalia","Mollusca","Gastropoda","Pteropoda","Limacinidae","Limacina","Limacina helicina",48.375833,-129.513333
"4506779947","d80c46be-b600-44d5-9758-ef5159d40002","IYS2019-Kaganovsky-13-Bongo-1-26","Animalia","Mollusca","Gastropoda","Pteropoda","Limacinidae","Limacina","Limacina helicina",50.666667,-147.5
"4506779891","d80c46be-b600-44d5-9758-ef5159d40002","IYS2020-Legacy-15-Bongo-1-34","Animalia","Mollusca","Gastropoda","Pteropoda","Limacinidae","Limacina","Limacina helicina",51.428167,-146.016167
"4506779866","d80c46be-b600-44d5-9758-ef5159d40002","IYS2019-Kaganovsky-9-Bongo-1-35","Animalia","Mollusca","Gastropoda","Pteropoda","Limacinidae","Limacina","Limacina helicina",47.666167,-145.865667
"4506779750","d80c46be-b600-44d5-9758-ef5159d40002","IYS2019-Kaganovsky-43-Bongo-1-25","Animalia","Mollusca","Gastropoda","Pteropoda","Limacinidae","Limacina","Limacina helicina",51.666667,-143.0025
"4506779738","d80c46be-b600-44d5-9758-ef5159d40002","IYS2019-Kaganovsky-36-Bongo-1-26","Animalia","Mollusca","Gastropoda","Pteropoda","Limacinidae","Limacina","Limacina helicina",51.666667,-144.5
"4506779624","d80c46be-b600-44d5-9758-ef5159d40002","IYS2019-Kaganovsky-20-Bongo-1-30","Animalia","Mollusca","Gastropoda","Pteropoda","Limacinidae","Limacina","Limacina helicina",56.667333,-146
"4506779605","d80c46be-b600-44d5-9758-ef5159d40002","IYS2020-Legacy-S27-Bongo-1-28","Animalia","Mollusca","Gastropoda","Pteropoda","Limacinidae","Limacina","Limacina helicina",53.4195,-137.058667
"4506779512","d80c46be-b600-44d5-9758-ef5159d40002","IYS2019-Kaganovsky-47-Bongo-1-30","Animalia","Mollusca","Gastropoda","Pteropoda","Limacinidae","Limacina","Limacina helicina",48.666667,-141.501333
"4506779500","d80c46be-b600-44d5-9758-ef5159d40002","IYS2019-Kaganovsky-54-Bongo-1-34","Animalia","Mollusca","Gastropoda","Pteropoda","Limacinidae","Limacina","Limacina helicina",52.666667,-140
"4506779450","d80c46be-b600-44d5-9758-ef5159d40002","IYS2019-Kaganovsky-50-Bongo-1-25","Animalia","Mollusca","Gastropoda","Pteropoda","Limacinidae","Limacina","Limacina helicina",51.664667,-141.498167
"4506779317","d80c46be-b600-44d5-9758-ef5159d40002","IYS2019-Kaganovsky-38-Bongo-1-26","Animalia","Mollusca","Gastropoda","Pteropoda","Limacinidae","Limacina","Limacina helicina",53.666667,-144.5
"4506779222","d80c46be-b600-44d5-9758-ef5159d40002","IYS2020-Legacy-22-Bongo-1-25","Animalia","Mollusca","Gastropoda","Pteropoda","Limacinidae","Limacina","Limacina helicina",51.491167,-144.538167
"4506779199","d80c46be-b600-44d5-9758-ef5159d40002","IYS2019-Kaganovsky-7-Bongo-1-37","Animalia","Mollusca","Gastropoda","Pteropoda","Limacinidae","Limacina","Limacina helicina",47.666667,-143
"4506779090","d80c46be-b600-44d5-9758-ef5159d40002","IYS2020-Legacy-AB-Bongo-1-29","Animalia","Mollusca","Gastropoda","Pteropoda","Limacinidae","Limacina","Limacina helicina",51.418333,-138.618333
"4506779023","d80c46be-b600-44d5-9758-ef5159d40002","IYS2019-Kaganovsky-45-Bongo-1-29","Animalia","Mollusca","Gastropoda","Pteropoda","Limacinidae","Limacina","Limacina helicina",49.666667,-142.998833
"4506778817","d80c46be-b600-44d5-9758-ef5159d40002","IYS2020-Legacy-12-Bongo-1-39","Animalia","Mollusca","Gastropoda","Pteropoda","Limacinidae","Limacina","Limacina helicina",49.417667,-147.534167
"4506778762","d80c46be-b600-44d5-9758-ef5159d40002","IYS2020-Legacy-AX-Bongo-1-50","Animalia","Mollusca","Gastropoda","Pteropoda","Limacinidae","Limacina","Limacina helicina",47.411667,-132.506667
"4506778707","d80c46be-b600-44d5-9758-ef5159d40002","IYS2019-Kaganovsky-11-Bongo-1-34","Animalia","Mollusca","Gastropoda","Pteropoda","Limacinidae","Limacina","Limacina helicina",48.6675,-147.500667
"4506778667","d80c46be-b600-44d5-9758-ef5159d40002","IYS2019-Kaganovsky-33-Bongo-1-23","Animalia","Mollusca","Gastropoda","Pteropoda","Limacinidae","Limacina","Limacina helicina",48.666667,-144.5
"4506778593","d80c46be-b600-44d5-9758-ef5159d40002","IYS2019-Kaganovsky-27-Bongo-1-27","Animalia","Mollusca","Gastropoda","Pteropoda","Limacinidae","Limacina","Limacina helicina",53.666667,-146
"4506778519","d80c46be-b600-44d5-9758-ef5159d40002","IYS2020-Legacy-9-Bongo-1-46","Animalia","Mollusca","Gastropoda","Pteropoda","Limacinidae","Limacina","Limacina helicina",48.401667,-144.488
"4506778504","d80c46be-b600-44d5-9758-ef5159d40002","IYS2019-Kaganovsky-14-Bongo-1-21","Animalia","Mollusca","Gastropoda","Pteropoda","Limacinidae","Limacina","Limacina helicina",51.665667,-147.501333
"4506778434","d80c46be-b600-44d5-9758-ef5159d40002","IYS2020-Legacy-S28-Bongo-1-29","Animalia","Mollusca","Gastropoda","Pteropoda","Limacinidae","Limacina","Limacina helicina",53.43,-135.496667
"4506778348","d80c46be-b600-44d5-9758-ef5159d40002","IYS2020-Legacy-P PRIME-Bongo-1-46","Animalia","Mollusca","Gastropoda","Pteropoda","Limacinidae","Limacina","Limacina helicina",54.405,-134.021667
"4506778343","d80c46be-b600-44d5-9758-ef5159d40002","IYS2019-Kaganovsky-55-Bongo-1-24","Animalia","Mollusca","Gastropoda","Pteropoda","Limacinidae","Limacina","Limacina helicina",51.666667,-139.9995
"4506778247","d80c46be-b600-44d5-9758-ef5159d40002","IYS2019-Kaganovsky-49-Bongo-1-27","Animalia","Mollusca","Gastropoda","Pteropoda","Limacinidae","Limacina","Limacina helicina",50.665833,-141.499167
"4506778088","d80c46be-b600-44d5-9758-ef5159d40002","IYS2019-Kaganovsky-18-Bongo-1-20","Animalia","Mollusca","Gastropoda","Pteropoda","Limacinidae","Limacina","Limacina helicina",55.668333,-147.4995
"4506777918","d80c46be-b600-44d5-9758-ef5159d40002","IYS2020-Legacy-3-Bongo-1-59","Animalia","Mollusca","Gastropoda","Pteropoda","Limacinidae","Limacina","Limacina helicina",47.433833,-136.958
"4506777770","d80c46be-b600-44d5-9758-ef5159d40002","IYS2019-Kaganovsky-24-Bongo-1-20","Animalia","Mollusca","Gastropoda","Pteropoda","Limacinidae","Limacina","Limacina helicina",55.666667,-144.5
"4506777760","d80c46be-b600-44d5-9758-ef5159d40002","IYS2019-Kaganovsky-3-Bongo-1-43","Animalia","Mollusca","Gastropoda","Pteropoda","Limacinidae","Limacina","Limacina helicina",47.666667,-136.996667
"4506777681","d80c46be-b600-44d5-9758-ef5159d40002","IYS2019-Kaganovsky-30-Bongo-1-19","Animalia","Mollusca","Gastropoda","Pteropoda","Limacinidae","Limacina","Limacina helicina",50.666667,-146
"4506777615","d80c46be-b600-44d5-9758-ef5159d40002","IYS2020-Legacy-AK-Bongo-1-32","Animalia","Mollusca","Gastropoda","Pteropoda","Limacinidae","Limacina","Limacina helicina",48.405167,-141.476167
"4506777509","d80c46be-b600-44d5-9758-ef5159d40002","IYS2020-Legacy-6-Bongo-1-48","Animalia","Mollusca","Gastropoda","Pteropoda","Limacinidae","Limacina","Limacina helicina",47.425,-141.4795
"4506777447","d80c46be-b600-44d5-9758-ef5159d40002","IYS2019-Kaganovsky-58-Bongo-1-35","Animalia","Mollusca","Gastropoda","Pteropoda","Limacinidae","Limacina","Limacina helicina",49.663667,-138.496833
"4506777394","d80c46be-b600-44d5-9758-ef5159d40002","IYS2020-Legacy-AJ-Bongo-1-38","Animalia","Mollusca","Gastropoda","Pteropoda","Limacinidae","Limacina","Limacina helicina",49.478333,-138.521667
"4506777379","d80c46be-b600-44d5-9758-ef5159d40002","IYS2020-Legacy-Q-Bongo-1-43","Animalia","Mollusca","Gastropoda","Pteropoda","Limacinidae","Limacina","Limacina helicina",54.404667,-132.415833
"4506777170","d80c46be-b600-44d5-9758-ef5159d40002","IYS2020-Legacy-28-Bongo-1-35","Animalia","Mollusca","Gastropoda","Pteropoda","Limacinidae","Limacina","Limacina helicina",54.429667,-135.5465
"4506777167","d80c46be-b600-44d5-9758-ef5159d40002","IYS2019-Kaganovsky-59-Bongo-1-37","Animalia","Mollusca","Gastropoda","Pteropoda","Limacinidae","Limacina","Limacina helicina",48.666667,-138.5
"4506777061","d80c46be-b600-44d5-9758-ef5159d40002","IYS2020-Legacy-5-Bongo-1-42","Animalia","Mollusca","Gastropoda","Pteropoda","Limacinidae","Limacina","Limacina helicina",47.4275,-139.992333
"4506777018","d80c46be-b600-44d5-9758-ef5159d40002","IYS2019-Kaganovsky-40-Bongo-1-31","Animalia","Mollusca","Gastropoda","Pteropoda","Limacinidae","Limacina","Limacina helicina",54.666667,-143
"4506776967","d80c46be-b600-44d5-9758-ef5159d40002","IYS2019-Kaganovsky-39-Bongo-1-26","Animalia","Mollusca","Gastropoda","Pteropoda","Limacinidae","Limacina","Limacina helicina",54.666667,-144.5
"4506776833","d80c46be-b600-44d5-9758-ef5159d40002","IYS2019-Kaganovsky-28-Bongo-1-30","Animalia","Mollusca","Gastropoda","Pteropoda","Limacinidae","Limacina","Limacina helicina",52.668333,-146
"4506776780","d80c46be-b600-44d5-9758-ef5159d40002","IYS2019-Kaganovsky-6-Bongo-1-34","Animalia","Mollusca","Gastropoda","Pteropoda","Limacinidae","Limacina","Limacina helicina",47.666167,-141.4985
"4506776745","d80c46be-b600-44d5-9758-ef5159d40002","IYS2019-Kaganovsky-10-Bongo-1-36","Animalia","Mollusca","Gastropoda","Pteropoda","Limacinidae","Limacina","Limacina helicina",47.666667,-147.5
"4506776571","d80c46be-b600-44d5-9758-ef5159d40002","IYS2019-Kaganovsky-23-Bongo-1-26","Animalia","Mollusca","Gastropoda","Pteropoda","Limacinidae","Limacina","Limacina helicina",55.666667,-142.997667
"4506776543","d80c46be-b600-44d5-9758-ef5159d40002","IYS2019-Kaganovsky-21-Bongo-1-22","Animalia","Mollusca","Gastropoda","Pteropoda","Limacinidae","Limacina","Limacina helicina",56.666667,-144.5
"4506776431","d80c46be-b600-44d5-9758-ef5159d40002","IYS2019-Kaganovsky-4-Bongo-1-33","Animalia","Mollusca","Gastropoda","Pteropoda","Limacinidae","Limacina","Limacina helicina",47.661667,-138.5
"4506776399","d80c46be-b600-44d5-9758-ef5159d40002","IYS2019-Kaganovsky-42-Bongo-1-28","Animalia","Mollusca","Gastropoda","Pteropoda","Limacinidae","Limacina","Limacina helicina",52.666667,-143
"4506776311","d80c46be-b600-44d5-9758-ef5159d40002","IYS2020-Legacy-21-Bongo-1-37","Animalia","Mollusca","Gastropoda","Pteropoda","Limacinidae","Limacina","Limacina helicina",50.417333,-144.5095
"4506776192","d80c46be-b600-44d5-9758-ef5159d40002","IYS2019-Kaganovsky-48-Bongo-1-30","Animalia","Mollusca","Gastropoda","Pteropoda","Limacinidae","Limacina","Limacina helicina",49.666667,-141.5
"4506776117","d80c46be-b600-44d5-9758-ef5159d40002","IYS2019-Kaganovsky-37-Bongo-1-29","Animalia","Mollusca","Gastropoda","Pteropoda","Limacinidae","Limacina","Limacina helicina",52.666667,-144.5
"4506776104","d80c46be-b600-44d5-9758-ef5159d40002","IYS2019-Kaganovsky-60-Bongo-1-34","Animalia","Mollusca","Gastropoda","Pteropoda","Limacinidae","Limacina","Limacina helicina",48.665667,-139.994
"4506775891","d80c46be-b600-44d5-9758-ef5159d40002","IYS2019-Kaganovsky-53-Bongo-1-32","Animalia","Mollusca","Gastropoda","Pteropoda","Limacinidae","Limacina","Limacina helicina",53.667833,-140.001167
"4506775887","d80c46be-b600-44d5-9758-ef5159d40002","IYS2019-Kaganovsky-44-Bongo-1-28","Animalia","Mollusca","Gastropoda","Pteropoda","Limacinidae","Limacina","Limacina helicina",50.6665,-142.9995
"4506775794","d80c46be-b600-44d5-9758-ef5159d40002","IYS2020-Legacy-16-Bongo-1-29","Animalia","Mollusca","Gastropoda","Pteropoda","Limacinidae","Limacina","Limacina helicina",50.431,-146.005833
"4506775693","d80c46be-b600-44d5-9758-ef5159d40002","IYS2020-Legacy-I-Bongo-1-59","Animalia","Mollusca","Gastropoda","Pteropoda","Limacinidae","Limacina","Limacina helicina",46.36,-138.498333
"4506775573","d80c46be-b600-44d5-9758-ef5159d40002","IYS2020-Legacy-14-Bongo-1-29","Animalia","Mollusca","Gastropoda","Pteropoda","Limacinidae","Limacina","Limacina helicina",51.417333,-147.500667
"4506775547","d80c46be-b600-44d5-9758-ef5159d40002","IYS2019-Kaganovsky-46-Bongo-1-33","Animalia","Mollusca","Gastropoda","Pteropoda","Limacinidae","Limacina","Limacina helicina",48.667,-142.997
"4506775425","d80c46be-b600-44d5-9758-ef5159d40002","IYS2019-Kaganovsky-8-Bongo-1-38","Animalia","Mollusca","Gastropoda","Pteropoda","Limacinidae","Limacina","Limacina helicina",47.670167,-144.4955
"4506775336","d80c46be-b600-44d5-9758-ef5159d40002","IYS2019-Kaganovsky-12-Bongo-1-23","Animalia","Mollusca","Gastropoda","Pteropoda","Limacinidae","Limacina","Limacina helicina",49.666667,-147.5
"4453953804","50c9509d-22c7-4a22-a47d-8c48425ef4a7","https://www.inaturalist.org/observations/168608821","Animalia","Mollusca","Gastropoda","Pteropoda","Limacinidae","Limacina","Limacina helicina",50.011279,-123.924331
"4453878793","50c9509d-22c7-4a22-a47d-8c48425ef4a7","https://www.inaturalist.org/observations/167815954","Animalia","Mollusca","Gastropoda","Pteropoda","Limacinidae","Limacina","Limacina helicina",49.287721,-123.52069
"4453677770","50c9509d-22c7-4a22-a47d-8c48425ef4a7","https://www.inaturalist.org/observations/168429732","Animalia","Mollusca","Gastropoda","Pteropoda","Limacinidae","Limacina","Limacina helicina",49.398541,-123.865148
"4453677761","50c9509d-22c7-4a22-a47d-8c48425ef4a7","https://www.inaturalist.org/observations/168012969","Animalia","Mollusca","Gastropoda","Pteropoda","Limacinidae","Limacina","Limacina helicina",49.193407,-123.35963
"4441574258","e45afc03-4897-4bdf-ade1-bc07198674e7","IYS2022-Franklin-5-46-144-Bongo-1-67","Animalia","Mollusca","Gastropoda","Pteropoda","Limacinidae","Limacina","Limacina helicina",46,-144
"4441574215","e45afc03-4897-4bdf-ade1-bc07198674e7","IYS2022-Franklin-5-46-144-Bongo-1-43","Animalia","Mollusca","Gastropoda","Pteropoda","Limacinidae","Limacina","Limacina helicina",46,-144
"4441573972","e45afc03-4897-4bdf-ade1-bc07198674e7","IYS2022-Franklin-5-47-138-Bongo-1-302","Animalia","Mollusca","Gastropoda","Pteropoda","Limacinidae","Limacina","Limacina helicina",46,-137
"4441573704","e45afc03-4897-4bdf-ade1-bc07198674e7","IYS2022-Franklin-5-51-141-Bongo-1-1554","Animalia","Mollusca","Gastropoda","Pteropoda","Limacinidae","Limacina","Limacina helicina",50,-141
"4441573656","e45afc03-4897-4bdf-ade1-bc07198674e7","IYS2022-Franklin-5-56-141-Bongo-1-2828","Animalia","Mollusca","Gastropoda","Pteropoda","Limacinidae","Limacina","Limacina helicina",55,-140
"4441573559","e45afc03-4897-4bdf-ade1-bc07198674e7","IYS2022-Franklin-5-57-144-Bongo-1-3082","Animalia","Mollusca","Gastropoda","Pteropoda","Limacinidae","Limacina","Limacina helicina",57,-143
"4441573531","e45afc03-4897-4bdf-ade1-bc07198674e7","IYS2022-Franklin-5-56-144-Bongo-1-2920","Animalia","Mollusca","Gastropoda","Pteropoda","Limacinidae","Limacina","Limacina helicina",55,-144
"4441573498","e45afc03-4897-4bdf-ade1-bc07198674e7","IYS2022-Franklin-5-57-144-Bongo-1-3041","Animalia","Mollusca","Gastropoda","Pteropoda","Limacinidae","Limacina","Limacina helicina",57,-143
"4441573362","e45afc03-4897-4bdf-ade1-bc07198674e7","IYS2022-Franklin-5-53-138-Bongo-1-1979","Animalia","Mollusca","Gastropoda","Pteropoda","Limacinidae","Limacina","Limacina helicina",53,-138
"4441573334","e45afc03-4897-4bdf-ade1-bc07198674e7","IYS2022-Franklin-5-53-138-Bongo-1-1991","Animalia","Mollusca","Gastropoda","Pteropoda","Limacinidae","Limacina","Limacina helicina",53,-138
"4441573157","e45afc03-4897-4bdf-ade1-bc07198674e7","IYS2022-TINRO-3-24-Bongo-1-6139","Animalia","Mollusca","Gastropoda","Pteropoda","Limacinidae","Limacina","Limacina helicina",47.4916,-158.34
"4441573059","e45afc03-4897-4bdf-ade1-bc07198674e7","IYS2022-Franklin-5-50-138-Bongo-1-1296","Animalia","Mollusca","Gastropoda","Pteropoda","Limacinidae","Limacina","Limacina helicina",49,-137
"4441572978","e45afc03-4897-4bdf-ade1-bc07198674e7","IYS2022-Franklin-5-53-144-Bongo-1-2201","Animalia","Mollusca","Gastropoda","Pteropoda","Limacinidae","Limacina","Limacina helicina",52,-144
"4441572917","e45afc03-4897-4bdf-ade1-bc07198674e7","IYS2022-Franklin-5-49-138-Bongo-1-899","Animalia","Mollusca","Gastropoda","Pteropoda","Limacinidae","Limacina","Limacina helicina",48,-138
"4441572887","e45afc03-4897-4bdf-ade1-bc07198674e7","IYS2022-Franklin-5-50-141-Bongo-1-1358","Animalia","Mollusca","Gastropoda","Pteropoda","Limacinidae","Limacina","Limacina helicina",50,-141
"4441572767","e45afc03-4897-4bdf-ade1-bc07198674e7","IYS2022-Franklin-5-53-135-Bongo-1-1905","Animalia","Mollusca","Gastropoda","Pteropoda","Limacinidae","Limacina","Limacina helicina",52,-134
"4441572599","e45afc03-4897-4bdf-ade1-bc07198674e7","IYS2022-Franklin-5-53-144-Bongo-1-2123","Animalia","Mollusca","Gastropoda","Pteropoda","Limacinidae","Limacina","Limacina helicina",52,-144
"4441572499","e45afc03-4897-4bdf-ade1-bc07198674e7","IYS2022-Franklin-5-49-144-Bongo-1-1068","Animalia","Mollusca","Gastropoda","Pteropoda","Limacinidae","Limacina","Limacina helicina",48,-143
"4441572437","e45afc03-4897-4bdf-ade1-bc07198674e7","IYS2022-Franklin-5-49-141-Bongo-1-1036","Animalia","Mollusca","Gastropoda","Pteropoda","Limacinidae","Limacina","Limacina helicina",49,-140
"4441572337","e45afc03-4897-4bdf-ade1-bc07198674e7","IYS2022-Shimada-4-23-Bongo-1-4859","Animalia","Mollusca","Gastropoda","Pteropoda","Limacinidae","Limacina","Limacina helicina",49.00025,-147.0147
"4441572126","e45afc03-4897-4bdf-ade1-bc07198674e7","IYS2022-Franklin-5-49-144-Bongo-1-1118","Animalia","Mollusca","Gastropoda","Pteropoda","Limacinidae","Limacina","Limacina helicina",48,-143
"4441572124","e45afc03-4897-4bdf-ade1-bc07198674e7","IYS2022-Franklin-5-49-144-Bongo-1-1112","Animalia","Mollusca","Gastropoda","Pteropoda","Limacinidae","Limacina","Limacina helicina",48,-143
"4441571963","e45afc03-4897-4bdf-ade1-bc07198674e7","IYS2022-Shimada-4-11-Bongo-1-4240","Animalia","Mollusca","Gastropoda","Pteropoda","Limacinidae","Limacina","Limacina helicina",56.996217,-150.989633
"4441571826","e45afc03-4897-4bdf-ade1-bc07198674e7","IYS2022-Franklin-5-54-141-Bongo-1-2365","Animalia","Mollusca","Gastropoda","Pteropoda","Limacinidae","Limacina","Limacina helicina",53,-141
"4441571773","e45afc03-4897-4bdf-ade1-bc07198674e7","IYS2022-Franklin-5-54-141-Bongo-1-2386","Animalia","Mollusca","Gastropoda","Pteropoda","Limacinidae","Limacina","Limacina helicina",53,-141
"4441571688","e45afc03-4897-4bdf-ade1-bc07198674e7","IYS2022-Shimada-4-20-Bongo-1-4720","Animalia","Mollusca","Gastropoda","Pteropoda","Limacinidae","Limacina","Limacina helicina",49.001583,-151.50635
"4441571669","e45afc03-4897-4bdf-ade1-bc07198674e7","IYS2022-Shimada-4-14-Bongo-1-4441","Animalia","Mollusca","Gastropoda","Pteropoda","Limacinidae","Limacina","Limacina helicina",55.999167,-146.994167
"4441571649","e45afc03-4897-4bdf-ade1-bc07198674e7","IYS2022-Franklin-5-54-138-Bongo-1-2299","Animalia","Mollusca","Gastropoda","Pteropoda","Limacinidae","Limacina","Limacina helicina",53,-138
"4441571615","e45afc03-4897-4bdf-ade1-bc07198674e7","IYS2022-TINRO-3-21-Bongo-1-5981","Animalia","Mollusca","Gastropoda","Pteropoda","Limacinidae","Limacina","Limacina helicina",50.4316,-158.3833
"4441571591","e45afc03-4897-4bdf-ade1-bc07198674e7","IYS2022-Franklin-5-54-138-Bongo-1-2270","Animalia","Mollusca","Gastropoda","Pteropoda","Limacinidae","Limacina","Limacina helicina",53,-138
"4441571556","e45afc03-4897-4bdf-ade1-bc07198674e7","IYS2022-TINRO-3-18-Bongo-1-5783","Animalia","Mollusca","Gastropoda","Pteropoda","Limacinidae","Limacina","Limacina helicina",50.87,-156.1033
"4441571363","e45afc03-4897-4bdf-ade1-bc07198674e7","IYS2022-TINRO-3-22-Bongo-1-6000","Animalia","Mollusca","Gastropoda","Pteropoda","Limacinidae","Limacina","Limacina helicina",49.5433,-158.5183
"4441571293","e45afc03-4897-4bdf-ade1-bc07198674e7","IYS2022-Franklin-5-51-135-Bongo-1-1400","Animalia","Mollusca","Gastropoda","Pteropoda","Limacinidae","Limacina","Limacina helicina",50,-135
"4441571277","e45afc03-4897-4bdf-ade1-bc07198674e7","IYS2022-Shimada-4-22-Bongo-1-4821","Animalia","Mollusca","Gastropoda","Pteropoda","Limacinidae","Limacina","Limacina helicina",47.007567,-151.493383
"4441571063","e45afc03-4897-4bdf-ade1-bc07198674e7","IYS2022-Shimada-4-2-Bongo-1-4660","Animalia","Mollusca","Gastropoda","Pteropoda","Limacinidae","Limacina","Limacina helicina",46.851017,-130.667433
"4441570890","e45afc03-4897-4bdf-ade1-bc07198674e7","IYS2022-Franklin-5-47-135-Bongo-1-143","Animalia","Mollusca","Gastropoda","Pteropoda","Limacinidae","Limacina","Limacina helicina",47,-134
"4441570802","e45afc03-4897-4bdf-ade1-bc07198674e7","IYS2022-Shimada-4-26-Bongo-1-5043","Animalia","Mollusca","Gastropoda","Pteropoda","Limacinidae","Limacina","Limacina helicina",45.997733,-146.997983
"4441570759","e45afc03-4897-4bdf-ade1-bc07198674e7","IYS2022-Franklin-5-46-144-Bongo-1-116","Animalia","Mollusca","Gastropoda","Pteropoda","Limacinidae","Limacina","Limacina helicina",46,-144
"4441570755","e45afc03-4897-4bdf-ade1-bc07198674e7","IYS2022-TINRO-3-17-Bongo-1-5747","Animalia","Mollusca","Gastropoda","Pteropoda","Limacinidae","Limacina","Limacina helicina",51.8758,-156.0355
"4441570596","e45afc03-4897-4bdf-ade1-bc07198674e7","IYS2022-Franklin-5-54-144-Bongo-1-2428","Animalia","Mollusca","Gastropoda","Pteropoda","Limacinidae","Limacina","Limacina helicina",53,-143
"4441570584","e45afc03-4897-4bdf-ade1-bc07198674e7","IYS2022-Franklin-5-54-144-Bongo-1-2425","Animalia","Mollusca","Gastropoda","Pteropoda","Limacinidae","Limacina","Limacina helicina",53,-143
"4441570354","e45afc03-4897-4bdf-ade1-bc07198674e7","IYS2022-Franklin-5-48-135-Bongo-1-481","Animalia","Mollusca","Gastropoda","Pteropoda","Limacinidae","Limacina","Limacina helicina",48,-135
"4441570305","e45afc03-4897-4bdf-ade1-bc07198674e7","IYS2022-Franklin-5-47-144-Bongo-1-384","Animalia","Mollusca","Gastropoda","Pteropoda","Limacinidae","Limacina","Limacina helicina",46,-144
"4441570214","e45afc03-4897-4bdf-ade1-bc07198674e7","IYS2022-Shimada-4-25-Bongo-1-4979","Animalia","Mollusca","Gastropoda","Pteropoda","Limacinidae","Limacina","Limacina helicina",47.00295,-147.016283
"4441570132","e45afc03-4897-4bdf-ade1-bc07198674e7","IYS2022-Franklin-5-53-141-Bongo-1-2060","Animalia","Mollusca","Gastropoda","Pteropoda","Limacinidae","Limacina","Limacina helicina",52,-140
"4441570014","e45afc03-4897-4bdf-ade1-bc07198674e7","IYS2022-Franklin-5-47-144-Bongo-1-340","Animalia","Mollusca","Gastropoda","Pteropoda","Limacinidae","Limacina","Limacina helicina",46,-144
"4441570001","e45afc03-4897-4bdf-ade1-bc07198674e7","IYS2022-Franklin-5-47-144-Bongo-1-358","Animalia","Mollusca","Gastropoda","Pteropoda","Limacinidae","Limacina","Limacina helicina",46,-144
"4441569775","e45afc03-4897-4bdf-ade1-bc07198674e7","IYS2022-Franklin-5-50-135-Bongo-1-1145","Animalia","Mollusca","Gastropoda","Pteropoda","Limacinidae","Limacina","Limacina helicina",50,-134
"4441569754","e45afc03-4897-4bdf-ade1-bc07198674e7","IYS2022-Franklin-5-49-135-Bongo-1-798","Animalia","Mollusca","Gastropoda","Pteropoda","Limacinidae","Limacina","Limacina helicina",49,-135
"4441569714","e45afc03-4897-4bdf-ade1-bc07198674e7","IYS2022-Franklin-5-52-135-Bongo-1-1638","Animalia","Mollusca","Gastropoda","Pteropoda","Limacinidae","Limacina","Limacina helicina",51,-135
"4441569710","e45afc03-4897-4bdf-ade1-bc07198674e7","IYS2022-Franklin-5-52-135-Bongo-1-1634","Animalia","Mollusca","Gastropoda","Pteropoda","Limacinidae","Limacina","Limacina helicina",51,-135
"4441569559","e45afc03-4897-4bdf-ade1-bc07198674e7","IYS2022-Shimada-4-21-Bongo-1-4735","Animalia","Mollusca","Gastropoda","Pteropoda","Limacinidae","Limacina","Limacina helicina",48.001433,-151.501217
"4441569486","e45afc03-4897-4bdf-ade1-bc07198674e7","IYS2022-Shimada-4-15-Bongo-1-4502","Animalia","Mollusca","Gastropoda","Pteropoda","Limacinidae","Limacina","Limacina helicina",54.98335,-146.958483
"4441569440","e45afc03-4897-4bdf-ade1-bc07198674e7","IYS2022-Franklin-5-55-141-Bongo-1-2632","Animalia","Mollusca","Gastropoda","Pteropoda","Limacinidae","Limacina","Limacina helicina",54,-141
"4441569162","e45afc03-4897-4bdf-ade1-bc07198674e7","IYS2022-TINRO-3-16-Bongo-1-5695","Animalia","Mollusca","Gastropoda","Pteropoda","Limacinidae","Limacina","Limacina helicina",51.2967,-158.3767
"4441569130","e45afc03-4897-4bdf-ade1-bc07198674e7","IYS2022-Shimada-4-13-Bongo-1-4356","Animalia","Mollusca","Gastropoda","Pteropoda","Limacinidae","Limacina","Limacina helicina",57.00325,-146.978783
"4441569039","e45afc03-4897-4bdf-ade1-bc07198674e7","IYS2022-Franklin-5-48-144-Bongo-1-698","Animalia","Mollusca","Gastropoda","Pteropoda","Limacinidae","Limacina","Limacina helicina",47,-143
"4441568868","e45afc03-4897-4bdf-ade1-bc07198674e7","IYS2022-TINRO-3-19-Bongo-1-5842","Animalia","Mollusca","Gastropoda","Pteropoda","Limacinidae","Limacina","Limacina helicina",49.8833,-156.0066
"4441568682","e45afc03-4897-4bdf-ade1-bc07198674e7","IYS2022-Shimada-4-3-Bongo-1-5220","Animalia","Mollusca","Gastropoda","Pteropoda","Limacinidae","Limacina","Limacina helicina",50.003967,-146.992883
"4441568659","e45afc03-4897-4bdf-ade1-bc07198674e7","IYS2022-Franklin-5-55-138-Bongo-1-2533","Animalia","Mollusca","Gastropoda","Pteropoda","Limacinidae","Limacina","Limacina helicina",54,-137
"4441568658","e45afc03-4897-4bdf-ade1-bc07198674e7","IYS2022-Franklin-5-55-138-Bongo-1-2534","Animalia","Mollusca","Gastropoda","Pteropoda","Limacinidae","Limacina","Limacina helicina",54,-137
"4441568557","e45afc03-4897-4bdf-ade1-bc07198674e7","IYS2022-Franklin-5-48-144-Bongo-1-753","Animalia","Mollusca","Gastropoda","Pteropoda","Limacinidae","Limacina","Limacina helicina",47,-143
"4441568514","e45afc03-4897-4bdf-ade1-bc07198674e7","IYS2022-TINRO-3-20-Bongo-1-5905","Animalia","Mollusca","Gastropoda","Pteropoda","Limacinidae","Limacina","Limacina helicina",48.8195,-155.6565
"4441568295","e45afc03-4897-4bdf-ade1-bc07198674e7","IYS2022-Franklin-5-48-138-Bongo-1-568","Animalia","Mollusca","Gastropoda","Pteropoda","Limacinidae","Limacina","Limacina helicina",47,-137
"4441568221","e45afc03-4897-4bdf-ade1-bc07198674e7","IYS2022-Franklin-5-48-138-Bongo-1-595","Animalia","Mollusca","Gastropoda","Pteropoda","Limacinidae","Limacina","Limacina helicina",47,-137
"4441568118","e45afc03-4897-4bdf-ade1-bc07198674e7","IYS2022-Franklin-5-53-138-Bongo-1-2024","Animalia","Mollusca","Gastropoda","Pteropoda","Limacinidae","Limacina","Limacina helicina",53,-138
"4441568090","e45afc03-4897-4bdf-ade1-bc07198674e7","IYS2022-Franklin-5-52-138-Bongo-1-1737","Animalia","Mollusca","Gastropoda","Pteropoda","Limacinidae","Limacina","Limacina helicina",51,-138
"4441568045","e45afc03-4897-4bdf-ade1-bc07198674e7","IYS2022-Franklin-5-52-141-Bongo-1-1779","Animalia","Mollusca","Gastropoda","Pteropoda","Limacinidae","Limacina","Limacina helicina",51,-140
"4441568023","e45afc03-4897-4bdf-ade1-bc07198674e7","IYS2022-Shimada-4-24-Bongo-1-4954","Animalia","Mollusca","Gastropoda","Pteropoda","Limacinidae","Limacina","Limacina helicina",47.998917,-147.009567
"4441567912","e45afc03-4897-4bdf-ade1-bc07198674e7","IYS2022-Franklin-5-48-141-Bongo-1-659","Animalia","Mollusca","Gastropoda","Pteropoda","Limacinidae","Limacina","Limacina helicina",48,-140
"4441567847","e45afc03-4897-4bdf-ade1-bc07198674e7","IYS2022-Franklin-5-48-141-Bongo-1-604","Animalia","Mollusca","Gastropoda","Pteropoda","Limacinidae","Limacina","Limacina helicina",48,-140
"4441567774","e45afc03-4897-4bdf-ade1-bc07198674e7","IYS2022-TINRO-3-23-Bongo-1-6055","Animalia","Mollusca","Gastropoda","Pteropoda","Limacinidae","Limacina","Limacina helicina",48.4776,-158.3645
"4441567523","e45afc03-4897-4bdf-ade1-bc07198674e7","IYS2022-Franklin-5-52-138-Bongo-1-1681","Animalia","Mollusca","Gastropoda","Pteropoda","Limacinidae","Limacina","Limacina helicina",51,-138
"4441567460","e45afc03-4897-4bdf-ade1-bc07198674e7","IYS2022-Franklin-5-55-144-Bongo-1-2751","Animalia","Mollusca","Gastropoda","Pteropoda","Limacinidae","Limacina","Limacina helicina",55,-144
"4441567332","e45afc03-4897-4bdf-ade1-bc07198674e7","IYS2022-Franklin-5-55-144-Bongo-1-2704","Animalia","Mollusca","Gastropoda","Pteropoda","Limacinidae","Limacina","Limacina helicina",55,-144
"4441567324","e45afc03-4897-4bdf-ade1-bc07198674e7","IYS2022-Franklin-5-52-141-Bongo-1-1817","Animalia","Mollusca","Gastropoda","Pteropoda","Limacinidae","Limacina","Limacina helicina",51,-140
"4138034213","50c9509d-22c7-4a22-a47d-8c48425ef4a7","https://www.inaturalist.org/observations/168231307","Animalia","Mollusca","Gastropoda","Pteropoda","Limacinidae","Limacina","Limacina helicina",49.389024,-123.682209
"3923233608","50c9509d-22c7-4a22-a47d-8c48425ef4a7","https://www.inaturalist.org/observations/132061041","Animalia","Mollusca","Gastropoda","Pteropoda","Limacinidae","Limacina","Limacina helicina",59.582978,-151.312455
"3499571327","50c9509d-22c7-4a22-a47d-8c48425ef4a7","http://www.inaturalist.org/observations/4105794","Animalia","Mollusca","Gastropoda","Pteropoda","Limacinidae","Limacina","Limacina helicina",56.250968,-134.646678
"3468949600","50c9509d-22c7-4a22-a47d-8c48425ef4a7","https://www.inaturalist.org/observations/106184149","Animalia","Mollusca","Gastropoda","Pteropoda","Limacinidae","Limacina","Limacina helicina",56.947986,-135.800935
"3468703308","50c9509d-22c7-4a22-a47d-8c48425ef4a7","https://www.inaturalist.org/observations/8444245","Animalia","Mollusca","Gastropoda","Pteropoda","Limacinidae","Limacina","Limacina helicina",49.583333,-132.75
"3416637898","084feec5-77dc-4fad-9037-42880f2a3214","IYS:GoA2020:Stn52:trawl:occ:254","Animalia","Mollusca","Gastropoda","Pteropoda","Limacinidae","Limacina","Limacina helicina",48.539171,-125.414189
"3416637236","084feec5-77dc-4fad-9037-42880f2a3214","IYS:GoA2020:Stn51:trawl:occ:249","Animalia","Mollusca","Gastropoda","Pteropoda","Limacinidae","Limacina","Limacina helicina",48.44918,-126.144137
"3310748945","56687a3d-b48f-44e5-b2b8-d55bafff2f33","imerss.org:PMLS:10595","Animalia","Mollusca","Gastropoda","Pteropoda","Limacinidae","Limacina","Limacina helicina",49.01667,-123.57167
"3112717406","50c9509d-22c7-4a22-a47d-8c48425ef4a7","https://www.inaturalist.org/observations/70129276","Animalia","Mollusca","Gastropoda","Pteropoda","Limacinidae","Limacina","Limacina helicina",48.839575,-125.137721
"3061683459","50c9509d-22c7-4a22-a47d-8c48425ef4a7","https://www.inaturalist.org/observations/67291005","Animalia","Mollusca","Gastropoda","Pteropoda","Limacinidae","Limacina","Limacina helicina",54.772212,-144.200956
"3061587319","50c9509d-22c7-4a22-a47d-8c48425ef4a7","https://www.inaturalist.org/observations/17756037","Animalia","Mollusca","Gastropoda","Pteropoda","Limacinidae","Limacina","Limacina helicina",47.607757,-122.34368
"1703141604","50c9509d-22c7-4a22-a47d-8c48425ef4a7","https://www.inaturalist.org/observations/8429910","Animalia","Mollusca","Gastropoda","Pteropoda","Limacinidae","Limacina","Limacina helicina",47.607733,-122.34375
"1640038036","50c9509d-22c7-4a22-a47d-8c48425ef4a7","https://www.inaturalist.org/observations/6596904","Animalia","Mollusca","Gastropoda","Pteropoda","Limacinidae","Limacina","Limacina helicina",56.889352,-135.375518
